/*
 Navicat Premium Data Transfer

 Source Server         : disda
 Source Server Type    : MySQL
 Source Server Version : 80200 (8.2.0)
 Source Host           : localhost:3306
 Source Schema         : qrcode

 Target Server Type    : MySQL
 Target Server Version : 80200 (8.2.0)
 File Encoding         : 65001

 Date: 05/03/2024 16:00:25
*/

SET NAMES utf8mb4;
SET FOREIGN_KEY_CHECKS = 0;

-- ----------------------------
-- Table structure for gen_table
-- ----------------------------
DROP TABLE IF EXISTS `gen_table`;
CREATE TABLE `gen_table` (
  `table_id` bigint NOT NULL AUTO_INCREMENT COMMENT '编号',
  `table_name` varchar(200) DEFAULT '' COMMENT '表名称',
  `table_comment` varchar(500) DEFAULT '' COMMENT '表描述',
  `sub_table_name` varchar(64) DEFAULT NULL COMMENT '关联子表的表名',
  `sub_table_fk_name` varchar(64) DEFAULT NULL COMMENT '子表关联的外键名',
  `class_name` varchar(100) DEFAULT '' COMMENT '实体类名称',
  `tpl_category` varchar(200) DEFAULT 'crud' COMMENT '使用的模板（crud单表操作 tree树表操作）',
  `package_name` varchar(100) DEFAULT NULL COMMENT '生成包路径',
  `module_name` varchar(30) DEFAULT NULL COMMENT '生成模块名',
  `business_name` varchar(30) DEFAULT NULL COMMENT '生成业务名',
  `function_name` varchar(50) DEFAULT NULL COMMENT '生成功能名',
  `function_author` varchar(50) DEFAULT NULL COMMENT '生成功能作者',
  `gen_type` char(1) DEFAULT '0' COMMENT '生成代码方式（0zip压缩包 1自定义路径）',
  `gen_path` varchar(200) DEFAULT '/' COMMENT '生成路径（不填默认项目路径）',
  `options` varchar(1000) DEFAULT NULL COMMENT '其它生成选项',
  `create_by` varchar(64) DEFAULT '' COMMENT '创建者',
  `create_time` datetime DEFAULT NULL COMMENT '创建时间',
  `update_by` varchar(64) DEFAULT '' COMMENT '更新者',
  `update_time` datetime DEFAULT NULL COMMENT '更新时间',
  `remark` varchar(500) DEFAULT NULL COMMENT '备注',
  PRIMARY KEY (`table_id`)
) ENGINE=InnoDB AUTO_INCREMENT=14 DEFAULT CHARSET=utf8mb4 COLLATE=utf8mb4_0900_ai_ci COMMENT='代码生成业务表';

-- ----------------------------
-- Records of gen_table
-- ----------------------------
BEGIN;
INSERT INTO `gen_table` (`table_id`, `table_name`, `table_comment`, `sub_table_name`, `sub_table_fk_name`, `class_name`, `tpl_category`, `package_name`, `module_name`, `business_name`, `function_name`, `function_author`, `gen_type`, `gen_path`, `options`, `create_by`, `create_time`, `update_by`, `update_time`, `remark`) VALUES (1, 'ledger_dev_details', '设备详细信息', NULL, NULL, 'LedgerDevDetails', 'crud', 'com.ruoyi.ledger', 'ledger', 'deviceDetails', '设备详情', 'disda', '0', '/', '{\"parentMenuId\":\"2001\"}', 'admin', '2024-02-21 15:45:53', '', '2024-02-22 10:14:30', '1');
INSERT INTO `gen_table` (`table_id`, `table_name`, `table_comment`, `sub_table_name`, `sub_table_fk_name`, `class_name`, `tpl_category`, `package_name`, `module_name`, `business_name`, `function_name`, `function_author`, `gen_type`, `gen_path`, `options`, `create_by`, `create_time`, `update_by`, `update_time`, `remark`) VALUES (3, 'ledger_device', '设备信息', NULL, NULL, 'LedgerDevice', 'crud', 'com.ruoyi.ledger', 'ledger', 'device', '设备信息', 'disda', '0', '/', '{\"parentMenuId\":\"2001\"}', 'admin', '2024-02-21 15:45:53', '', '2024-02-22 09:33:49', NULL);
INSERT INTO `gen_table` (`table_id`, `table_name`, `table_comment`, `sub_table_name`, `sub_table_fk_name`, `class_name`, `tpl_category`, `package_name`, `module_name`, `business_name`, `function_name`, `function_author`, `gen_type`, `gen_path`, `options`, `create_by`, `create_time`, `update_by`, `update_time`, `remark`) VALUES (5, 'ledger_location', '机柜地址', NULL, NULL, 'LedgerLocation', 'crud', 'com.ruoyi.ledger', 'ledger', 'location', '机柜地址', 'disda', '0', '/', '{\"parentMenuId\":2001}', 'admin', '2024-02-21 15:45:53', '', '2024-02-22 09:23:24', NULL);
INSERT INTO `gen_table` (`table_id`, `table_name`, `table_comment`, `sub_table_name`, `sub_table_fk_name`, `class_name`, `tpl_category`, `package_name`, `module_name`, `business_name`, `function_name`, `function_author`, `gen_type`, `gen_path`, `options`, `create_by`, `create_time`, `update_by`, `update_time`, `remark`) VALUES (6, 'ledger_power_supply', '电源信息', '', '', 'LedgerPowerSupply', 'crud', 'com.ruoyi.ledger', 'ledger', 'supply', '电源详情', 'disda', '0', '/', '{\"parentMenuId\":\"2001\"}', 'admin', '2024-02-21 15:45:53', '', '2024-02-22 17:14:13', NULL);
INSERT INTO `gen_table` (`table_id`, `table_name`, `table_comment`, `sub_table_name`, `sub_table_fk_name`, `class_name`, `tpl_category`, `package_name`, `module_name`, `business_name`, `function_name`, `function_author`, `gen_type`, `gen_path`, `options`, `create_by`, `create_time`, `update_by`, `update_time`, `remark`) VALUES (10, 'ledger_ip', 'IP地址详情', NULL, NULL, 'LedgerIp', 'crud', 'com.ruoyi.ledger', 'ledger', 'ip', 'IP地址详情', 'disda', '0', '/', '{\"parentMenuId\":\"2001\"}', 'admin', '2024-02-22 17:26:45', '', '2024-02-22 17:31:37', NULL);
INSERT INTO `gen_table` (`table_id`, `table_name`, `table_comment`, `sub_table_name`, `sub_table_fk_name`, `class_name`, `tpl_category`, `package_name`, `module_name`, `business_name`, `function_name`, `function_author`, `gen_type`, `gen_path`, `options`, `create_by`, `create_time`, `update_by`, `update_time`, `remark`) VALUES (13, 'ledger_system', '操作系统', NULL, NULL, 'LedgerSystem', 'crud', 'com.ruoyi.ledger', 'ledger', 'sys', '操作系统', 'disda', '0', '/', '{\"parentMenuId\":\"\"}', 'admin', '2024-02-23 10:20:52', '', '2024-02-23 10:21:51', NULL);
COMMIT;

-- ----------------------------
-- Table structure for gen_table_column
-- ----------------------------
DROP TABLE IF EXISTS `gen_table_column`;
CREATE TABLE `gen_table_column` (
  `column_id` bigint NOT NULL AUTO_INCREMENT COMMENT '编号',
  `table_id` varchar(64) DEFAULT NULL COMMENT '归属表编号',
  `column_name` varchar(200) DEFAULT NULL COMMENT '列名称',
  `column_comment` varchar(500) DEFAULT NULL COMMENT '列描述',
  `column_type` varchar(100) DEFAULT NULL COMMENT '列类型',
  `java_type` varchar(500) DEFAULT NULL COMMENT 'JAVA类型',
  `java_field` varchar(200) DEFAULT NULL COMMENT 'JAVA字段名',
  `is_pk` char(1) DEFAULT NULL COMMENT '是否主键（1是）',
  `is_increment` char(1) DEFAULT NULL COMMENT '是否自增（1是）',
  `is_required` char(1) DEFAULT NULL COMMENT '是否必填（1是）',
  `is_insert` char(1) DEFAULT NULL COMMENT '是否为插入字段（1是）',
  `is_edit` char(1) DEFAULT NULL COMMENT '是否编辑字段（1是）',
  `is_list` char(1) DEFAULT NULL COMMENT '是否列表字段（1是）',
  `is_query` char(1) DEFAULT NULL COMMENT '是否查询字段（1是）',
  `query_type` varchar(200) DEFAULT 'EQ' COMMENT '查询方式（等于、不等于、大于、小于、范围）',
  `html_type` varchar(200) DEFAULT NULL COMMENT '显示类型（文本框、文本域、下拉框、复选框、单选框、日期控件）',
  `dict_type` varchar(200) DEFAULT '' COMMENT '字典类型',
  `sort` int DEFAULT NULL COMMENT '排序',
  `create_by` varchar(64) DEFAULT '' COMMENT '创建者',
  `create_time` datetime DEFAULT NULL COMMENT '创建时间',
  `update_by` varchar(64) DEFAULT '' COMMENT '更新者',
  `update_time` datetime DEFAULT NULL COMMENT '更新时间',
  PRIMARY KEY (`column_id`)
) ENGINE=InnoDB AUTO_INCREMENT=72 DEFAULT CHARSET=utf8mb4 COLLATE=utf8mb4_0900_ai_ci COMMENT='代码生成业务表字段';

-- ----------------------------
-- Records of gen_table_column
-- ----------------------------
BEGIN;
INSERT INTO `gen_table_column` (`column_id`, `table_id`, `column_name`, `column_comment`, `column_type`, `java_type`, `java_field`, `is_pk`, `is_increment`, `is_required`, `is_insert`, `is_edit`, `is_list`, `is_query`, `query_type`, `html_type`, `dict_type`, `sort`, `create_by`, `create_time`, `update_by`, `update_time`) VALUES (1, '1', 'id', '主键id', 'int', 'Long', 'id', '1', '1', NULL, '1', NULL, NULL, NULL, 'EQ', 'input', '', 1, 'admin', '2024-02-21 15:45:53', '', '2024-02-22 10:14:30');
INSERT INTO `gen_table_column` (`column_id`, `table_id`, `column_name`, `column_comment`, `column_type`, `java_type`, `java_field`, `is_pk`, `is_increment`, `is_required`, `is_insert`, `is_edit`, `is_list`, `is_query`, `query_type`, `html_type`, `dict_type`, `sort`, `create_by`, `create_time`, `update_by`, `update_time`) VALUES (2, '1', 'dev_type', '设备类型', 'varchar(255)', 'String', 'devType', '0', '0', NULL, '1', '1', '1', '1', 'LIKE', 'input', '', 2, 'admin', '2024-02-21 15:45:53', '', '2024-02-22 10:14:30');
INSERT INTO `gen_table_column` (`column_id`, `table_id`, `column_name`, `column_comment`, `column_type`, `java_type`, `java_field`, `is_pk`, `is_increment`, `is_required`, `is_insert`, `is_edit`, `is_list`, `is_query`, `query_type`, `html_type`, `dict_type`, `sort`, `create_by`, `create_time`, `update_by`, `update_time`) VALUES (3, '1', 'dev_model', '设备型号', 'varchar(255)', 'String', 'devModel', '0', '0', NULL, '1', '1', '1', '1', 'LIKE', 'input', '', 3, 'admin', '2024-02-21 15:45:53', '', '2024-02-22 10:14:30');
INSERT INTO `gen_table_column` (`column_id`, `table_id`, `column_name`, `column_comment`, `column_type`, `java_type`, `java_field`, `is_pk`, `is_increment`, `is_required`, `is_insert`, `is_edit`, `is_list`, `is_query`, `query_type`, `html_type`, `dict_type`, `sort`, `create_by`, `create_time`, `update_by`, `update_time`) VALUES (7, '3', 'id', '主键id', 'int', 'Long', 'id', '1', '1', NULL, '1', NULL, NULL, NULL, 'EQ', 'input', '', 1, 'admin', '2024-02-21 15:45:53', '', '2024-02-28 08:08:36');
INSERT INTO `gen_table_column` (`column_id`, `table_id`, `column_name`, `column_comment`, `column_type`, `java_type`, `java_field`, `is_pk`, `is_increment`, `is_required`, `is_insert`, `is_edit`, `is_list`, `is_query`, `query_type`, `html_type`, `dict_type`, `sort`, `create_by`, `create_time`, `update_by`, `update_time`) VALUES (8, '3', 'dev_name', '设备名称', 'varchar(255)', 'String', 'devName', '0', '0', NULL, '1', '1', '1', '1', 'LIKE', 'input', '', 2, 'admin', '2024-02-21 15:45:53', '', '2024-02-28 08:08:36');
INSERT INTO `gen_table_column` (`column_id`, `table_id`, `column_name`, `column_comment`, `column_type`, `java_type`, `java_field`, `is_pk`, `is_increment`, `is_required`, `is_insert`, `is_edit`, `is_list`, `is_query`, `query_type`, `html_type`, `dict_type`, `sort`, `create_by`, `create_time`, `update_by`, `update_time`) VALUES (9, '3', 'dev_model_id', '设备型号id', 'int', 'Long', 'devModelId', '0', '0', NULL, '1', '1', '1', '1', 'EQ', 'input', '', 5, 'admin', '2024-02-21 15:45:53', '', '2024-02-28 08:08:36');
INSERT INTO `gen_table_column` (`column_id`, `table_id`, `column_name`, `column_comment`, `column_type`, `java_type`, `java_field`, `is_pk`, `is_increment`, `is_required`, `is_insert`, `is_edit`, `is_list`, `is_query`, `query_type`, `html_type`, `dict_type`, `sort`, `create_by`, `create_time`, `update_by`, `update_time`) VALUES (10, '3', 'op_datetime', '运维时间', 'datetime', 'Date', 'opDatetime', '0', '0', NULL, '1', '1', '1', '1', 'BETWEEN', 'datetime', '', 6, 'admin', '2024-02-21 15:45:53', '', '2024-02-28 08:08:36');
INSERT INTO `gen_table_column` (`column_id`, `table_id`, `column_name`, `column_comment`, `column_type`, `java_type`, `java_field`, `is_pk`, `is_increment`, `is_required`, `is_insert`, `is_edit`, `is_list`, `is_query`, `query_type`, `html_type`, `dict_type`, `sort`, `create_by`, `create_time`, `update_by`, `update_time`) VALUES (11, '3', 'description', '描述', 'text', 'String', 'description', '0', '0', NULL, '1', '1', '1', '1', 'LIKE', 'textarea', '', 7, 'admin', '2024-02-21 15:45:53', '', '2024-02-28 08:08:36');
INSERT INTO `gen_table_column` (`column_id`, `table_id`, `column_name`, `column_comment`, `column_type`, `java_type`, `java_field`, `is_pk`, `is_increment`, `is_required`, `is_insert`, `is_edit`, `is_list`, `is_query`, `query_type`, `html_type`, `dict_type`, `sort`, `create_by`, `create_time`, `update_by`, `update_time`) VALUES (12, '3', 'supply_id', '电源id', 'int', 'Long', 'supplyId', '0', '0', NULL, '1', '1', '1', '1', 'EQ', 'input', '', 8, 'admin', '2024-02-21 15:45:53', '', '2024-02-28 08:08:36');
INSERT INTO `gen_table_column` (`column_id`, `table_id`, `column_name`, `column_comment`, `column_type`, `java_type`, `java_field`, `is_pk`, `is_increment`, `is_required`, `is_insert`, `is_edit`, `is_list`, `is_query`, `query_type`, `html_type`, `dict_type`, `sort`, `create_by`, `create_time`, `update_by`, `update_time`) VALUES (13, '3', 'sys_type_id', '系统类型id', 'int', 'Long', 'sysTypeId', '0', '0', NULL, '1', '1', '1', '1', 'EQ', 'input', '', 9, 'admin', '2024-02-21 15:45:53', '', '2024-02-28 08:08:36');
INSERT INTO `gen_table_column` (`column_id`, `table_id`, `column_name`, `column_comment`, `column_type`, `java_type`, `java_field`, `is_pk`, `is_increment`, `is_required`, `is_insert`, `is_edit`, `is_list`, `is_query`, `query_type`, `html_type`, `dict_type`, `sort`, `create_by`, `create_time`, `update_by`, `update_time`) VALUES (14, '3', 'loc_id', '机柜id', 'int', 'Long', 'locId', '0', '0', NULL, '1', '1', '1', '1', 'EQ', 'input', '', 10, 'admin', '2024-02-21 15:45:53', '', '2024-02-28 08:08:36');
INSERT INTO `gen_table_column` (`column_id`, `table_id`, `column_name`, `column_comment`, `column_type`, `java_type`, `java_field`, `is_pk`, `is_increment`, `is_required`, `is_insert`, `is_edit`, `is_list`, `is_query`, `query_type`, `html_type`, `dict_type`, `sort`, `create_by`, `create_time`, `update_by`, `update_time`) VALUES (19, '5', 'id', '主键id', 'int', 'Long', 'id', '1', '1', NULL, '1', NULL, NULL, NULL, 'EQ', 'input', '', 1, 'admin', '2024-02-21 15:45:53', '', '2024-02-22 09:40:41');
INSERT INTO `gen_table_column` (`column_id`, `table_id`, `column_name`, `column_comment`, `column_type`, `java_type`, `java_field`, `is_pk`, `is_increment`, `is_required`, `is_insert`, `is_edit`, `is_list`, `is_query`, `query_type`, `html_type`, `dict_type`, `sort`, `create_by`, `create_time`, `update_by`, `update_time`) VALUES (20, '5', 'name', '机柜名', 'varchar(255)', 'String', 'name', '0', '0', NULL, '1', '1', '1', '1', 'LIKE', 'input', '', 2, 'admin', '2024-02-21 15:45:53', '', '2024-02-22 09:40:41');
INSERT INTO `gen_table_column` (`column_id`, `table_id`, `column_name`, `column_comment`, `column_type`, `java_type`, `java_field`, `is_pk`, `is_increment`, `is_required`, `is_insert`, `is_edit`, `is_list`, `is_query`, `query_type`, `html_type`, `dict_type`, `sort`, `create_by`, `create_time`, `update_by`, `update_time`) VALUES (21, '6', 'id', '主键id', 'int', 'Long', 'id', '1', '1', NULL, '1', NULL, NULL, NULL, 'EQ', 'input', '', 1, 'admin', '2024-02-21 15:45:53', '', '2024-02-22 17:14:13');
INSERT INTO `gen_table_column` (`column_id`, `table_id`, `column_name`, `column_comment`, `column_type`, `java_type`, `java_field`, `is_pk`, `is_increment`, `is_required`, `is_insert`, `is_edit`, `is_list`, `is_query`, `query_type`, `html_type`, `dict_type`, `sort`, `create_by`, `create_time`, `update_by`, `update_time`) VALUES (59, '6', 'status', '电源情况', 'varchar(255)', 'String', 'status', '0', '0', NULL, '1', '1', '1', '1', 'EQ', 'select', '', 2, '', '2024-02-22 09:39:28', '', '2024-02-22 17:14:13');
INSERT INTO `gen_table_column` (`column_id`, `table_id`, `column_name`, `column_comment`, `column_type`, `java_type`, `java_field`, `is_pk`, `is_increment`, `is_required`, `is_insert`, `is_edit`, `is_list`, `is_query`, `query_type`, `html_type`, `dict_type`, `sort`, `create_by`, `create_time`, `update_by`, `update_time`) VALUES (60, '10', 'id', '主键id', 'int', 'Long', 'id', '1', '1', NULL, '1', NULL, NULL, NULL, 'EQ', 'input', '', 1, 'admin', '2024-02-22 17:26:45', '', '2024-02-22 17:31:37');
INSERT INTO `gen_table_column` (`column_id`, `table_id`, `column_name`, `column_comment`, `column_type`, `java_type`, `java_field`, `is_pk`, `is_increment`, `is_required`, `is_insert`, `is_edit`, `is_list`, `is_query`, `query_type`, `html_type`, `dict_type`, `sort`, `create_by`, `create_time`, `update_by`, `update_time`) VALUES (61, '10', 'ip_addr', 'ip地址', 'varchar(255)', 'String', 'ipAddr', '0', '0', NULL, '1', '1', '1', '1', 'LIKE', 'input', '', 2, 'admin', '2024-02-22 17:26:45', '', '2024-02-22 17:31:37');
INSERT INTO `gen_table_column` (`column_id`, `table_id`, `column_name`, `column_comment`, `column_type`, `java_type`, `java_field`, `is_pk`, `is_increment`, `is_required`, `is_insert`, `is_edit`, `is_list`, `is_query`, `query_type`, `html_type`, `dict_type`, `sort`, `create_by`, `create_time`, `update_by`, `update_time`) VALUES (62, '10', 'type', '地址类型', 'varchar(255)', 'String', 'type', '0', '0', NULL, '1', '1', '1', '1', 'LIKE', 'input', '', 3, 'admin', '2024-02-22 17:26:45', '', '2024-02-22 17:31:37');
INSERT INTO `gen_table_column` (`column_id`, `table_id`, `column_name`, `column_comment`, `column_type`, `java_type`, `java_field`, `is_pk`, `is_increment`, `is_required`, `is_insert`, `is_edit`, `is_list`, `is_query`, `query_type`, `html_type`, `dict_type`, `sort`, `create_by`, `create_time`, `update_by`, `update_time`) VALUES (63, '10', 'dev_id', '设备id', 'int', 'Long', 'devId', '0', '0', NULL, '1', '1', '1', '1', 'EQ', 'input', '', 4, 'admin', '2024-02-22 17:26:45', '', '2024-02-22 17:31:37');
INSERT INTO `gen_table_column` (`column_id`, `table_id`, `column_name`, `column_comment`, `column_type`, `java_type`, `java_field`, `is_pk`, `is_increment`, `is_required`, `is_insert`, `is_edit`, `is_list`, `is_query`, `query_type`, `html_type`, `dict_type`, `sort`, `create_by`, `create_time`, `update_by`, `update_time`) VALUES (68, '13', 'id', '主键id', 'int', 'Long', 'id', '1', '1', NULL, '1', NULL, NULL, NULL, 'EQ', 'input', '', 1, 'admin', '2024-02-23 10:20:52', '', '2024-02-23 10:21:51');
INSERT INTO `gen_table_column` (`column_id`, `table_id`, `column_name`, `column_comment`, `column_type`, `java_type`, `java_field`, `is_pk`, `is_increment`, `is_required`, `is_insert`, `is_edit`, `is_list`, `is_query`, `query_type`, `html_type`, `dict_type`, `sort`, `create_by`, `create_time`, `update_by`, `update_time`) VALUES (69, '13', 'sys_type', '操作系统', 'varchar(255)', 'String', 'sysType', '0', '0', NULL, '1', '1', '1', '1', 'LIKE', 'input', '', 2, 'admin', '2024-02-23 10:20:52', '', '2024-02-23 10:21:51');
INSERT INTO `gen_table_column` (`column_id`, `table_id`, `column_name`, `column_comment`, `column_type`, `java_type`, `java_field`, `is_pk`, `is_increment`, `is_required`, `is_insert`, `is_edit`, `is_list`, `is_query`, `query_type`, `html_type`, `dict_type`, `sort`, `create_by`, `create_time`, `update_by`, `update_time`) VALUES (70, '3', 'sn', '序列号', 'varchar(255)', 'String', 'sn', '0', '0', NULL, '1', '1', '1', '1', 'EQ', 'input', '', 3, '', '2024-02-28 08:08:36', '', NULL);
INSERT INTO `gen_table_column` (`column_id`, `table_id`, `column_name`, `column_comment`, `column_type`, `java_type`, `java_field`, `is_pk`, `is_increment`, `is_required`, `is_insert`, `is_edit`, `is_list`, `is_query`, `query_type`, `html_type`, `dict_type`, `sort`, `create_by`, `create_time`, `update_by`, `update_time`) VALUES (71, '3', 'abbreviation', '简称', 'varchar(255)', 'String', 'abbreviation', '0', '0', NULL, '1', '1', '1', '1', 'EQ', 'input', '', 4, '', '2024-02-28 08:08:36', '', NULL);
COMMIT;

-- ----------------------------
-- Table structure for ledger_dev_details
-- ----------------------------
DROP TABLE IF EXISTS `ledger_dev_details`;
CREATE TABLE `ledger_dev_details` (
  `id` int NOT NULL AUTO_INCREMENT COMMENT '主键id',
  `dev_type` varchar(255) CHARACTER SET utf8mb4 COLLATE utf8mb4_0900_bin DEFAULT NULL COMMENT '设备类型',
  `dev_model` varchar(255) CHARACTER SET utf8mb4 COLLATE utf8mb4_0900_bin DEFAULT NULL COMMENT '设备型号',
  PRIMARY KEY (`id`),
  UNIQUE KEY `dev_indx` (`dev_model`)
) ENGINE=InnoDB AUTO_INCREMENT=134 DEFAULT CHARSET=utf8mb4 COLLATE=utf8mb4_0900_bin;

-- ----------------------------
-- Records of ledger_dev_details
-- ----------------------------
BEGIN;
INSERT INTO `ledger_dev_details` (`id`, `dev_type`, `dev_model`) VALUES (1, '服务器', '联想Thinksystem SR850');
INSERT INTO `ledger_dev_details` (`id`, `dev_type`, `dev_model`) VALUES (2, '服务器', '浪潮 NF5280M5');
INSERT INTO `ledger_dev_details` (`id`, `dev_type`, `dev_model`) VALUES (3, '服务器', '华为2488H V5');
INSERT INTO `ledger_dev_details` (`id`, `dev_type`, `dev_model`) VALUES (4, '服务器', '绿盟OSMSNX3');
INSERT INTO `ledger_dev_details` (`id`, `dev_type`, `dev_model`) VALUES (5, '恶意代码', '江苏政采');
INSERT INTO `ledger_dev_details` (`id`, `dev_type`, `dev_model`) VALUES (6, '其他', '双通CAT 5e');
INSERT INTO `ledger_dev_details` (`id`, `dev_type`, `dev_model`) VALUES (7, '交换机', 'H3C S3110 Series');
INSERT INTO `ledger_dev_details` (`id`, `dev_type`, `dev_model`) VALUES (8, '服务器', '浪潮NF8460M4');
INSERT INTO `ledger_dev_details` (`id`, `dev_type`, `dev_model`) VALUES (9, '服务器', '联想RQ940');
INSERT INTO `ledger_dev_details` (`id`, `dev_type`, `dev_model`) VALUES (10, '服务器', '联想RD440');
INSERT INTO `ledger_dev_details` (`id`, `dev_type`, `dev_model`) VALUES (11, '服务器', 'Sugon A420r-G');
INSERT INTO `ledger_dev_details` (`id`, `dev_type`, `dev_model`) VALUES (12, '电源', 'emerson');
INSERT INTO `ledger_dev_details` (`id`, `dev_type`, `dev_model`) VALUES (13, '服务器', 'HP DL380 G7');
INSERT INTO `ledger_dev_details` (`id`, `dev_type`, `dev_model`) VALUES (14, '交换机', 'ZTE ZXR10 5950');
INSERT INTO `ledger_dev_details` (`id`, `dev_type`, `dev_model`) VALUES (15, '交换机', '华为OceanStor SNS2124');
INSERT INTO `ledger_dev_details` (`id`, `dev_type`, `dev_model`) VALUES (16, '服务器', '华为RH5885 V3');
INSERT INTO `ledger_dev_details` (`id`, `dev_type`, `dev_model`) VALUES (17, '服务器', '联想X3650 M4');
INSERT INTO `ledger_dev_details` (`id`, `dev_type`, `dev_model`) VALUES (18, '磁盘阵列', '华为OceanStor 5500 V3');
INSERT INTO `ledger_dev_details` (`id`, `dev_type`, `dev_model`) VALUES (19, '交换机', 'H3C S3110-26TP');
INSERT INTO `ledger_dev_details` (`id`, `dev_type`, `dev_model`) VALUES (20, '磁盘阵列', 'Macrosan MS3000');
INSERT INTO `ledger_dev_details` (`id`, `dev_type`, `dev_model`) VALUES (21, '磁盘阵列', 'Macrosan DSU1625');
INSERT INTO `ledger_dev_details` (`id`, `dev_type`, `dev_model`) VALUES (22, '交换机', 'H3C S3100 Series');
INSERT INTO `ledger_dev_details` (`id`, `dev_type`, `dev_model`) VALUES (23, '交换机', 'H3C S5120 Series');
INSERT INTO `ledger_dev_details` (`id`, `dev_type`, `dev_model`) VALUES (24, '交换机', 'H3C S3600 Series');
INSERT INTO `ledger_dev_details` (`id`, `dev_type`, `dev_model`) VALUES (25, '交换机', 'H3C S5800 Series');
INSERT INTO `ledger_dev_details` (`id`, `dev_type`, `dev_model`) VALUES (26, '交换机', 'H3C S7500 Xgbus');
INSERT INTO `ledger_dev_details` (`id`, `dev_type`, `dev_model`) VALUES (27, '服务器', 'sugon A420r-G');
INSERT INTO `ledger_dev_details` (`id`, `dev_type`, `dev_model`) VALUES (28, '服务器', 'FAU-F现场采集单元');
INSERT INTO `ledger_dev_details` (`id`, `dev_type`, `dev_model`) VALUES (29, '服务器', 'PowerEdge R730');
INSERT INTO `ledger_dev_details` (`id`, `dev_type`, `dev_model`) VALUES (31, '服务器', 'MCS-S-6000');
INSERT INTO `ledger_dev_details` (`id`, `dev_type`, `dev_model`) VALUES (32, '交换机', '交换机');
INSERT INTO `ledger_dev_details` (`id`, `dev_type`, `dev_model`) VALUES (33, '防火墙', 'FW1000-MA-D');
INSERT INTO `ledger_dev_details` (`id`, `dev_type`, `dev_model`) VALUES (34, '服务器', '联想 RD630');
INSERT INTO `ledger_dev_details` (`id`, `dev_type`, `dev_model`) VALUES (35, '服务器', '浪潮 MF5280MS');
INSERT INTO `ledger_dev_details` (`id`, `dev_type`, `dev_model`) VALUES (36, '交换机', 'S5720-52X-PWR-SI');
INSERT INTO `ledger_dev_details` (`id`, `dev_type`, `dev_model`) VALUES (37, '服务器', '联想 SR850');
INSERT INTO `ledger_dev_details` (`id`, `dev_type`, `dev_model`) VALUES (38, '网安监测', '科东PSSEM-2000M');
INSERT INTO `ledger_dev_details` (`id`, `dev_type`, `dev_model`) VALUES (39, '交换机', 'H3C S3600V2 Series');
INSERT INTO `ledger_dev_details` (`id`, `dev_type`, `dev_model`) VALUES (40, '交换机', 'ZXR10 5950');
INSERT INTO `ledger_dev_details` (`id`, `dev_type`, `dev_model`) VALUES (42, '服务器', '华为 RH2485H V2');
INSERT INTO `ledger_dev_details` (`id`, `dev_type`, `dev_model`) VALUES (45, '时间同步装置', '积成ies-T60');
INSERT INTO `ledger_dev_details` (`id`, `dev_type`, `dev_model`) VALUES (46, '电源', 'EMERSON');
INSERT INTO `ledger_dev_details` (`id`, `dev_type`, `dev_model`) VALUES (47, '时间同步装置', '时间同步');
INSERT INTO `ledger_dev_details` (`id`, `dev_type`, `dev_model`) VALUES (48, 'KVM', 'AMX5010');
INSERT INTO `ledger_dev_details` (`id`, `dev_type`, `dev_model`) VALUES (49, 'KVM', 'AMX5000');
INSERT INTO `ledger_dev_details` (`id`, `dev_type`, `dev_model`) VALUES (50, NULL, 'KL-S');
INSERT INTO `ledger_dev_details` (`id`, `dev_type`, `dev_model`) VALUES (51, NULL, 'Nport 5610');
INSERT INTO `ledger_dev_details` (`id`, `dev_type`, `dev_model`) VALUES (52, '交换机', 'H3C S3100V2 Series');
INSERT INTO `ledger_dev_details` (`id`, `dev_type`, `dev_model`) VALUES (53, '服务器', 'NF8460M4');
INSERT INTO `ledger_dev_details` (`id`, `dev_type`, `dev_model`) VALUES (54, '服务器', '联想RD450');
INSERT INTO `ledger_dev_details` (`id`, `dev_type`, `dev_model`) VALUES (55, '服务器', 'Lenovo 3650 M5');
INSERT INTO `ledger_dev_details` (`id`, `dev_type`, `dev_model`) VALUES (56, 'KVM', 'KM0532');
INSERT INTO `ledger_dev_details` (`id`, `dev_type`, `dev_model`) VALUES (57, 'KVM', 'KM0932');
INSERT INTO `ledger_dev_details` (`id`, `dev_type`, `dev_model`) VALUES (58, '服务器', 'RH5885 V2');
INSERT INTO `ledger_dev_details` (`id`, `dev_type`, `dev_model`) VALUES (59, '服务器', '华为 RH5885V2');
INSERT INTO `ledger_dev_details` (`id`, `dev_type`, `dev_model`) VALUES (60, '服务器', 'ThinkServer RD640');
INSERT INTO `ledger_dev_details` (`id`, `dev_type`, `dev_model`) VALUES (61, '服务器', '华为RH2488HV5');
INSERT INTO `ledger_dev_details` (`id`, `dev_type`, `dev_model`) VALUES (62, '服务器', '浪潮 NF8460M4');
INSERT INTO `ledger_dev_details` (`id`, `dev_type`, `dev_model`) VALUES (63, '交换机', 'HUAWEI S3110 Series');
INSERT INTO `ledger_dev_details` (`id`, `dev_type`, `dev_model`) VALUES (64, '交换机', 'HUAWEI S3100 Series');
INSERT INTO `ledger_dev_details` (`id`, `dev_type`, `dev_model`) VALUES (65, '入侵检测', 'NIDS NX3 Series');
INSERT INTO `ledger_dev_details` (`id`, `dev_type`, `dev_model`) VALUES (66, '漏洞扫描', 'RSAS NX3 Series');
INSERT INTO `ledger_dev_details` (`id`, `dev_type`, `dev_model`) VALUES (67, '堡垒机', 'SAS NX3 Series');
INSERT INTO `ledger_dev_details` (`id`, `dev_type`, `dev_model`) VALUES (68, '防火墙', 'FW1000-MA-N');
INSERT INTO `ledger_dev_details` (`id`, `dev_type`, `dev_model`) VALUES (69, '密罐', 'NSFOCUS蜜罐');
INSERT INTO `ledger_dev_details` (`id`, `dev_type`, `dev_model`) VALUES (70, '入侵检测', 'NSFOCUS入侵检测');
INSERT INTO `ledger_dev_details` (`id`, `dev_type`, `dev_model`) VALUES (71, '隔离', '科东StoneWall-2000G');
INSERT INTO `ledger_dev_details` (`id`, `dev_type`, `dev_model`) VALUES (72, '隔离', '科东StoneWall-2000');
INSERT INTO `ledger_dev_details` (`id`, `dev_type`, `dev_model`) VALUES (73, '隔离', 'Nari SysKeeper-2000');
INSERT INTO `ledger_dev_details` (`id`, `dev_type`, `dev_model`) VALUES (74, '防火墙', 'FW1000-GM-E');
INSERT INTO `ledger_dev_details` (`id`, `dev_type`, `dev_model`) VALUES (75, '隔离', 'Syskeeper-2000');
INSERT INTO `ledger_dev_details` (`id`, `dev_type`, `dev_model`) VALUES (76, NULL, 'H3C MSR36-20');
INSERT INTO `ledger_dev_details` (`id`, `dev_type`, `dev_model`) VALUES (77, NULL, 'H3C AR46-40');
INSERT INTO `ledger_dev_details` (`id`, `dev_type`, `dev_model`) VALUES (78, '纵加', '科东PStunel-2000');
INSERT INTO `ledger_dev_details` (`id`, `dev_type`, `dev_model`) VALUES (79, '交换机', '华为S3928');
INSERT INTO `ledger_dev_details` (`id`, `dev_type`, `dev_model`) VALUES (80, '纵加', '兴唐SJW07-A千兆型');
INSERT INTO `ledger_dev_details` (`id`, `dev_type`, `dev_model`) VALUES (81, '纵加', 'Netkeeper-2000');
INSERT INTO `ledger_dev_details` (`id`, `dev_type`, `dev_model`) VALUES (82, '交换机', 'H3C S5500');
INSERT INTO `ledger_dev_details` (`id`, `dev_type`, `dev_model`) VALUES (83, '路由器', 'H3C SR8808');
INSERT INTO `ledger_dev_details` (`id`, `dev_type`, `dev_model`) VALUES (84, '纵加', '南瑞Netkeeper-2000FE');
INSERT INTO `ledger_dev_details` (`id`, `dev_type`, `dev_model`) VALUES (85, '纵加', '南瑞Netkeeper-2000');
INSERT INTO `ledger_dev_details` (`id`, `dev_type`, `dev_model`) VALUES (86, '服务器', '浪潮NF5220');
INSERT INTO `ledger_dev_details` (`id`, `dev_type`, `dev_model`) VALUES (87, '防火墙', '华三 U200-S');
INSERT INTO `ledger_dev_details` (`id`, `dev_type`, `dev_model`) VALUES (88, '交换机', '华三 S3600');
INSERT INTO `ledger_dev_details` (`id`, `dev_type`, `dev_model`) VALUES (89, '路由器', 'H3C NE16');
INSERT INTO `ledger_dev_details` (`id`, `dev_type`, `dev_model`) VALUES (90, '交换机', 'H3C S5500 Series');
INSERT INTO `ledger_dev_details` (`id`, `dev_type`, `dev_model`) VALUES (91, '交换机', 'FS1142US');
INSERT INTO `ledger_dev_details` (`id`, `dev_type`, `dev_model`) VALUES (92, '交换机', 'H3C S3100');
INSERT INTO `ledger_dev_details` (`id`, `dev_type`, `dev_model`) VALUES (93, '工作站', 'ThinkStation C30');
INSERT INTO `ledger_dev_details` (`id`, `dev_type`, `dev_model`) VALUES (94, '路由器', 'H3C SR6608-X');
INSERT INTO `ledger_dev_details` (`id`, `dev_type`, `dev_model`) VALUES (95, '服务器', 'RH5885 V3');
INSERT INTO `ledger_dev_details` (`id`, `dev_type`, `dev_model`) VALUES (96, '服务器', '浪潮NF5280M5');
INSERT INTO `ledger_dev_details` (`id`, `dev_type`, `dev_model`) VALUES (97, '服务器', 'NF8560M');
INSERT INTO `ledger_dev_details` (`id`, `dev_type`, `dev_model`) VALUES (98, '服务器', 'RQ940');
INSERT INTO `ledger_dev_details` (`id`, `dev_type`, `dev_model`) VALUES (99, '服务器', '联想RD640');
INSERT INTO `ledger_dev_details` (`id`, `dev_type`, `dev_model`) VALUES (100, '交换机', 'GNT-2803');
INSERT INTO `ledger_dev_details` (`id`, `dev_type`, `dev_model`) VALUES (101, '交换机', 'S5720-52X-PWR-EI');
INSERT INTO `ledger_dev_details` (`id`, `dev_type`, `dev_model`) VALUES (102, '交换机', 'H3C S3600');
INSERT INTO `ledger_dev_details` (`id`, `dev_type`, `dev_model`) VALUES (103, '交换机', 'H3C S3600 V2');
INSERT INTO `ledger_dev_details` (`id`, `dev_type`, `dev_model`) VALUES (104, '服务器', '浪潮NF8260M5');
INSERT INTO `ledger_dev_details` (`id`, `dev_type`, `dev_model`) VALUES (105, '服务器', '联想 ThinkServer RD6402014');
INSERT INTO `ledger_dev_details` (`id`, `dev_type`, `dev_model`) VALUES (106, NULL, 'IBSC-C-III');
INSERT INTO `ledger_dev_details` (`id`, `dev_type`, `dev_model`) VALUES (107, '交换机', 'cisco 2960');
INSERT INTO `ledger_dev_details` (`id`, `dev_type`, `dev_model`) VALUES (108, '服务器', 'System x 3650 M5');
INSERT INTO `ledger_dev_details` (`id`, `dev_type`, `dev_model`) VALUES (109, '交换机', 'H3C S5120');
INSERT INTO `ledger_dev_details` (`id`, `dev_type`, `dev_model`) VALUES (110, '交换机', '华为Quidway S5700');
INSERT INTO `ledger_dev_details` (`id`, `dev_type`, `dev_model`) VALUES (111, '服务器', '联想 SR550');
INSERT INTO `ledger_dev_details` (`id`, `dev_type`, `dev_model`) VALUES (113, '入侵防御系统', '绿盟NIPS NX3');
INSERT INTO `ledger_dev_details` (`id`, `dev_type`, `dev_model`) VALUES (114, '交换机', '华为S5720');
INSERT INTO `ledger_dev_details` (`id`, `dev_type`, `dev_model`) VALUES (115, 'WEB防火墙', '绿盟WAF');
INSERT INTO `ledger_dev_details` (`id`, `dev_type`, `dev_model`) VALUES (116, '交换机', 'H3C S5100');
INSERT INTO `ledger_dev_details` (`id`, `dev_type`, `dev_model`) VALUES (117, '防火墙', 'NF NX3');
INSERT INTO `ledger_dev_details` (`id`, `dev_type`, `dev_model`) VALUES (118, '路由器', '华为NE40E');
INSERT INTO `ledger_dev_details` (`id`, `dev_type`, `dev_model`) VALUES (119, '服务器', 'HP DL380');
INSERT INTO `ledger_dev_details` (`id`, `dev_type`, `dev_model`) VALUES (121, '服务器', 'DELL PowerEdge R730');
INSERT INTO `ledger_dev_details` (`id`, `dev_type`, `dev_model`) VALUES (122, '交换机', 'H3C s3110 series');
INSERT INTO `ledger_dev_details` (`id`, `dev_type`, `dev_model`) VALUES (123, '工作站', '浪潮P8000');
INSERT INTO `ledger_dev_details` (`id`, `dev_type`, `dev_model`) VALUES (124, NULL, 'HP xw4600');
INSERT INTO `ledger_dev_details` (`id`, `dev_type`, `dev_model`) VALUES (125, NULL, 'H3C S5048E');
INSERT INTO `ledger_dev_details` (`id`, `dev_type`, `dev_model`) VALUES (126, '工作站', '未知型号');
INSERT INTO `ledger_dev_details` (`id`, `dev_type`, `dev_model`) VALUES (127, 'KVM', 'kvm');
INSERT INTO `ledger_dev_details` (`id`, `dev_type`, `dev_model`) VALUES (128, '工作站', 'thinkstation');
INSERT INTO `ledger_dev_details` (`id`, `dev_type`, `dev_model`) VALUES (129, '工作站', 'HP Z820');
INSERT INTO `ledger_dev_details` (`id`, `dev_type`, `dev_model`) VALUES (130, '工作站', 'thinkcentre');
INSERT INTO `ledger_dev_details` (`id`, `dev_type`, `dev_model`) VALUES (131, '工作站', 'HP xw4600 workstation');
INSERT INTO `ledger_dev_details` (`id`, `dev_type`, `dev_model`) VALUES (132, '工作站', 'Z620');
INSERT INTO `ledger_dev_details` (`id`, `dev_type`, `dev_model`) VALUES (133, '交换机', '华为S5720-52X-PWR-SI');
COMMIT;

-- ----------------------------
-- Table structure for ledger_device
-- ----------------------------
DROP TABLE IF EXISTS `ledger_device`;
CREATE TABLE `ledger_device` (
  `id` int NOT NULL AUTO_INCREMENT COMMENT '主键id',
  `dev_name` varchar(255) CHARACTER SET utf8mb4 COLLATE utf8mb4_0900_ai_ci DEFAULT NULL COMMENT '设备名称',
  `sn` varchar(255) CHARACTER SET utf8mb4 COLLATE utf8mb4_0900_ai_ci DEFAULT NULL COMMENT '序列号',
  `abbreviation` varchar(255) DEFAULT NULL COMMENT '简称',
  `dev_model_id` int DEFAULT NULL COMMENT '设备型号id',
  `op_datetime` datetime DEFAULT NULL COMMENT '运维时间',
  `description` text CHARACTER SET utf8mb4 COLLATE utf8mb4_0900_ai_ci COMMENT '描述',
  `supply_id` int DEFAULT NULL COMMENT '电源id',
  `sys_type_id` int DEFAULT NULL COMMENT '系统类型id',
  `loc_id` int DEFAULT NULL COMMENT '机柜id',
  PRIMARY KEY (`id`),
  KEY `dev_model_id` (`dev_model_id`),
  KEY `supply_id` (`supply_id`),
  KEY `sys_type_id` (`sys_type_id`),
  KEY `loc_id` (`loc_id`),
  CONSTRAINT `ledger_device_ibfk_1` FOREIGN KEY (`dev_model_id`) REFERENCES `ledger_dev_details` (`id`),
  CONSTRAINT `ledger_device_ibfk_2` FOREIGN KEY (`supply_id`) REFERENCES `ledger_power_supply` (`id`),
  CONSTRAINT `ledger_device_ibfk_3` FOREIGN KEY (`sys_type_id`) REFERENCES `ledger_system` (`id`),
  CONSTRAINT `ledger_device_ibfk_4` FOREIGN KEY (`loc_id`) REFERENCES `ledger_location` (`id`)
) ENGINE=InnoDB AUTO_INCREMENT=7 DEFAULT CHARSET=utf8mb4 COLLATE=utf8mb4_0900_ai_ci;

-- ----------------------------
-- Records of ledger_device
-- ----------------------------
BEGIN;
INSERT INTO `ledger_device` (`id`, `dev_name`, `sn`, `abbreviation`, `dev_model_id`, `op_datetime`, `description`, `supply_id`, `sys_type_id`, `loc_id`) VALUES (1, '集控延伸WEB服务器', '12345', 'JKYS01B', 2, '2024-02-03 00:00:00', '1', 1, 1, 1);
INSERT INTO `ledger_device` (`id`, `dev_name`, `sn`, `abbreviation`, `dev_model_id`, `op_datetime`, `description`, `supply_id`, `sys_type_id`, `loc_id`) VALUES (2, '3区省地广域传输服务器', NULL, 'xmvex3', 1, '2020-06-04 00:00:00', NULL, 1, NULL, 1);
COMMIT;

-- ----------------------------
-- Table structure for ledger_ip
-- ----------------------------
DROP TABLE IF EXISTS `ledger_ip`;
CREATE TABLE `ledger_ip` (
  `id` int NOT NULL AUTO_INCREMENT COMMENT '主键id',
  `ip_addr` varchar(255) CHARACTER SET utf8mb4 COLLATE utf8mb4_0900_ai_ci DEFAULT NULL COMMENT 'ip地址',
  `type` varchar(255) DEFAULT NULL COMMENT 'ip地址类型',
  `dev_id` int DEFAULT NULL COMMENT '设备id',
  PRIMARY KEY (`id`),
  KEY `dvid` (`dev_id`),
  CONSTRAINT `dvid` FOREIGN KEY (`dev_id`) REFERENCES `ledger_device` (`id`)
) ENGINE=InnoDB AUTO_INCREMENT=10 DEFAULT CHARSET=utf8mb4 COLLATE=utf8mb4_0900_ai_ci;

-- ----------------------------
-- Records of ledger_ip
-- ----------------------------
BEGIN;
INSERT INTO `ledger_ip` (`id`, `ip_addr`, `type`, `dev_id`) VALUES (1, '10.35.14.3', '网口一', 1);
INSERT INTO `ledger_ip` (`id`, `ip_addr`, `type`, `dev_id`) VALUES (2, '10.35.226.68', '网口二', 2);
INSERT INTO `ledger_ip` (`id`, `ip_addr`, `type`, `dev_id`) VALUES (9, '10.32.1.3', '网口二', 1);
COMMIT;

-- ----------------------------
-- Table structure for ledger_location
-- ----------------------------
DROP TABLE IF EXISTS `ledger_location`;
CREATE TABLE `ledger_location` (
  `id` int NOT NULL AUTO_INCREMENT COMMENT '主键id',
  `name` varchar(255) CHARACTER SET utf8mb4 COLLATE utf8mb4_0900_bin DEFAULT NULL COMMENT '机柜名',
  PRIMARY KEY (`id`)
) ENGINE=InnoDB AUTO_INCREMENT=61 DEFAULT CHARSET=utf8mb4 COLLATE=utf8mb4_0900_bin;

-- ----------------------------
-- Records of ledger_location
-- ----------------------------
BEGIN;
INSERT INTO `ledger_location` (`id`, `name`) VALUES (1, '02C1');
INSERT INTO `ledger_location` (`id`, `name`) VALUES (2, '02C2');
INSERT INTO `ledger_location` (`id`, `name`) VALUES (3, '02C3');
INSERT INTO `ledger_location` (`id`, `name`) VALUES (4, '02C4');
INSERT INTO `ledger_location` (`id`, `name`) VALUES (5, '02B1');
INSERT INTO `ledger_location` (`id`, `name`) VALUES (6, '02B2');
INSERT INTO `ledger_location` (`id`, `name`) VALUES (7, '02B3实训III屏');
INSERT INTO `ledger_location` (`id`, `name`) VALUES (8, '02B4网安监测屏2');
INSERT INTO `ledger_location` (`id`, `name`) VALUES (9, '02B5网安监测屏1');
INSERT INTO `ledger_location` (`id`, `name`) VALUES (10, '02B6');
INSERT INTO `ledger_location` (`id`, `name`) VALUES (11, '02A2');
INSERT INTO `ledger_location` (`id`, `name`) VALUES (12, '02A5');
INSERT INTO `ledger_location` (`id`, `name`) VALUES (13, '04C1');
INSERT INTO `ledger_location` (`id`, `name`) VALUES (14, '04C2实训II屏');
INSERT INTO `ledger_location` (`id`, `name`) VALUES (15, '04C3电量屏');
INSERT INTO `ledger_location` (`id`, `name`) VALUES (16, '04C4电量屏');
INSERT INTO `ledger_location` (`id`, `name`) VALUES (17, '04C5');
INSERT INTO `ledger_location` (`id`, `name`) VALUES (18, '04C6');
INSERT INTO `ledger_location` (`id`, `name`) VALUES (19, '04B1');
INSERT INTO `ledger_location` (`id`, `name`) VALUES (20, '04B2');
INSERT INTO `ledger_location` (`id`, `name`) VALUES (21, '04B3');
INSERT INTO `ledger_location` (`id`, `name`) VALUES (22, '04B4');
INSERT INTO `ledger_location` (`id`, `name`) VALUES (23, '04B5');
INSERT INTO `ledger_location` (`id`, `name`) VALUES (24, '04B6');
INSERT INTO `ledger_location` (`id`, `name`) VALUES (25, '04A1');
INSERT INTO `ledger_location` (`id`, `name`) VALUES (26, '04A2');
INSERT INTO `ledger_location` (`id`, `name`) VALUES (27, '04A3');
INSERT INTO `ledger_location` (`id`, `name`) VALUES (28, '04A4');
INSERT INTO `ledger_location` (`id`, `name`) VALUES (29, '04A5');
INSERT INTO `ledger_location` (`id`, `name`) VALUES (30, '06A2');
INSERT INTO `ledger_location` (`id`, `name`) VALUES (31, '06A3');
INSERT INTO `ledger_location` (`id`, `name`) VALUES (32, '06B1');
INSERT INTO `ledger_location` (`id`, `name`) VALUES (33, '06B2');
INSERT INTO `ledger_location` (`id`, `name`) VALUES (34, '06B3');
INSERT INTO `ledger_location` (`id`, `name`) VALUES (35, '06B4');
INSERT INTO `ledger_location` (`id`, `name`) VALUES (36, '06B5');
INSERT INTO `ledger_location` (`id`, `name`) VALUES (37, '06B6');
INSERT INTO `ledger_location` (`id`, `name`) VALUES (38, '06B7');
INSERT INTO `ledger_location` (`id`, `name`) VALUES (39, '06C1');
INSERT INTO `ledger_location` (`id`, `name`) VALUES (40, '06C2');
INSERT INTO `ledger_location` (`id`, `name`) VALUES (41, '06C3（全退）');
INSERT INTO `ledger_location` (`id`, `name`) VALUES (42, '06C4');
INSERT INTO `ledger_location` (`id`, `name`) VALUES (43, '06C5');
INSERT INTO `ledger_location` (`id`, `name`) VALUES (44, '06C6');
INSERT INTO `ledger_location` (`id`, `name`) VALUES (45, '06C7');
INSERT INTO `ledger_location` (`id`, `name`) VALUES (46, '08C1');
INSERT INTO `ledger_location` (`id`, `name`) VALUES (47, '08C4');
INSERT INTO `ledger_location` (`id`, `name`) VALUES (48, '08C3');
INSERT INTO `ledger_location` (`id`, `name`) VALUES (49, '08C2');
INSERT INTO `ledger_location` (`id`, `name`) VALUES (50, '08B3');
INSERT INTO `ledger_location` (`id`, `name`) VALUES (51, '1902');
INSERT INTO `ledger_location` (`id`, `name`) VALUES (52, '22楼机房');
INSERT INTO `ledger_location` (`id`, `name`) VALUES (53, '22楼-自1');
INSERT INTO `ledger_location` (`id`, `name`) VALUES (54, '24楼机房');
INSERT INTO `ledger_location` (`id`, `name`) VALUES (55, '2101办公室');
INSERT INTO `ledger_location` (`id`, `name`) VALUES (56, '2105调试机房');
INSERT INTO `ledger_location` (`id`, `name`) VALUES (57, '2107');
INSERT INTO `ledger_location` (`id`, `name`) VALUES (58, '20楼办公室');
INSERT INTO `ledger_location` (`id`, `name`) VALUES (59, '运维站');
INSERT INTO `ledger_location` (`id`, `name`) VALUES (60, '检修班');
COMMIT;

-- ----------------------------
-- Table structure for ledger_power_supply
-- ----------------------------
DROP TABLE IF EXISTS `ledger_power_supply`;
CREATE TABLE `ledger_power_supply` (
  `id` int NOT NULL AUTO_INCREMENT COMMENT '主键id',
  `status` varchar(255) CHARACTER SET utf8mb4 COLLATE utf8mb4_0900_bin DEFAULT NULL COMMENT '电源情况',
  PRIMARY KEY (`id`)
) ENGINE=InnoDB AUTO_INCREMENT=5 DEFAULT CHARSET=utf8mb4 COLLATE=utf8mb4_0900_bin;

-- ----------------------------
-- Records of ledger_power_supply
-- ----------------------------
BEGIN;
INSERT INTO `ledger_power_supply` (`id`, `status`) VALUES (1, '双电源');
INSERT INTO `ledger_power_supply` (`id`, `status`) VALUES (2, '单电源');
INSERT INTO `ledger_power_supply` (`id`, `status`) VALUES (3, '双电源用一');
INSERT INTO `ledger_power_supply` (`id`, `status`) VALUES (4, '没上电');
COMMIT;

-- ----------------------------
-- Table structure for ledger_system
-- ----------------------------
DROP TABLE IF EXISTS `ledger_system`;
CREATE TABLE `ledger_system` (
  `id` int NOT NULL AUTO_INCREMENT,
  `sys_type` varchar(255) CHARACTER SET utf8mb4 COLLATE utf8mb4_0900_bin NOT NULL,
  PRIMARY KEY (`id`) USING BTREE,
  KEY `ix_ledger_system_id` (`id`),
  KEY `sys_type` (`sys_type`)
) ENGINE=InnoDB AUTO_INCREMENT=17 DEFAULT CHARSET=utf8mb4 COLLATE=utf8mb4_0900_bin;

-- ----------------------------
-- Records of ledger_system
-- ----------------------------
BEGIN;
INSERT INTO `ledger_system` (`id`, `sys_type`) VALUES (6, 'CentOS6.3');
INSERT INTO `ledger_system` (`id`, `sys_type`) VALUES (3, 'RHEL5');
INSERT INTO `ledger_system` (`id`, `sys_type`) VALUES (5, 'RHEL6.2');
INSERT INTO `ledger_system` (`id`, `sys_type`) VALUES (2, 'RHEL6.5');
INSERT INTO `ledger_system` (`id`, `sys_type`) VALUES (12, 'TrueNAS');
INSERT INTO `ledger_system` (`id`, `sys_type`) VALUES (4, 'Windows');
INSERT INTO `ledger_system` (`id`, `sys_type`) VALUES (8, 'Windows2003');
INSERT INTO `ledger_system` (`id`, `sys_type`) VALUES (7, 'Windows2008');
INSERT INTO `ledger_system` (`id`, `sys_type`) VALUES (9, 'centOS6.0');
INSERT INTO `ledger_system` (`id`, `sys_type`) VALUES (10, 'linux');
INSERT INTO `ledger_system` (`id`, `sys_type`) VALUES (13, 'win7');
INSERT INTO `ledger_system` (`id`, `sys_type`) VALUES (1, '凝思V4.2');
INSERT INTO `ledger_system` (`id`, `sys_type`) VALUES (14, '凝思V6');
INSERT INTO `ledger_system` (`id`, `sys_type`) VALUES (11, '凝思V6.8');
INSERT INTO `ledger_system` (`id`, `sys_type`) VALUES (15, '无');
COMMIT;

-- ----------------------------
-- Table structure for sys_config
-- ----------------------------
DROP TABLE IF EXISTS `sys_config`;
CREATE TABLE `sys_config` (
  `config_id` int NOT NULL AUTO_INCREMENT COMMENT '参数主键',
  `config_name` varchar(100) DEFAULT '' COMMENT '参数名称',
  `config_key` varchar(100) DEFAULT '' COMMENT '参数键名',
  `config_value` varchar(500) DEFAULT '' COMMENT '参数键值',
  `config_type` char(1) DEFAULT 'N' COMMENT '系统内置（Y是 N否）',
  `create_by` varchar(64) DEFAULT '' COMMENT '创建者',
  `create_time` datetime DEFAULT NULL COMMENT '创建时间',
  `update_by` varchar(64) DEFAULT '' COMMENT '更新者',
  `update_time` datetime DEFAULT NULL COMMENT '更新时间',
  `remark` varchar(500) DEFAULT NULL COMMENT '备注',
  PRIMARY KEY (`config_id`)
) ENGINE=InnoDB AUTO_INCREMENT=100 DEFAULT CHARSET=utf8mb4 COLLATE=utf8mb4_0900_ai_ci COMMENT='参数配置表';

-- ----------------------------
-- Records of sys_config
-- ----------------------------
BEGIN;
INSERT INTO `sys_config` (`config_id`, `config_name`, `config_key`, `config_value`, `config_type`, `create_by`, `create_time`, `update_by`, `update_time`, `remark`) VALUES (1, '主框架页-默认皮肤样式名称', 'sys.index.skinName', 'skin-blue', 'Y', 'admin', '2023-01-16 10:30:04', '', NULL, '蓝色 skin-blue、绿色 skin-green、紫色 skin-purple、红色 skin-red、黄色 skin-yellow');
INSERT INTO `sys_config` (`config_id`, `config_name`, `config_key`, `config_value`, `config_type`, `create_by`, `create_time`, `update_by`, `update_time`, `remark`) VALUES (2, '用户管理-账号初始密码', 'sys.user.initPassword', '123456', 'Y', 'admin', '2023-01-16 10:30:04', '', NULL, '初始化密码 123456');
INSERT INTO `sys_config` (`config_id`, `config_name`, `config_key`, `config_value`, `config_type`, `create_by`, `create_time`, `update_by`, `update_time`, `remark`) VALUES (3, '主框架页-侧边栏主题', 'sys.index.sideTheme', 'theme-dark', 'Y', 'admin', '2023-01-16 10:30:04', '', NULL, '深色主题theme-dark，浅色主题theme-light');
INSERT INTO `sys_config` (`config_id`, `config_name`, `config_key`, `config_value`, `config_type`, `create_by`, `create_time`, `update_by`, `update_time`, `remark`) VALUES (4, '账号自助-验证码开关', 'sys.account.captchaEnabled', 'false', 'Y', 'admin', '2023-01-16 10:30:04', '', NULL, '是否开启验证码功能（true开启，false关闭）');
INSERT INTO `sys_config` (`config_id`, `config_name`, `config_key`, `config_value`, `config_type`, `create_by`, `create_time`, `update_by`, `update_time`, `remark`) VALUES (5, '账号自助-是否开启用户注册功能', 'sys.account.registerUser', 'true', 'Y', 'admin', '2023-01-16 10:30:04', '', NULL, '是否开启注册用户功能（true开启，false关闭）');
COMMIT;

-- ----------------------------
-- Table structure for sys_dept
-- ----------------------------
DROP TABLE IF EXISTS `sys_dept`;
CREATE TABLE `sys_dept` (
  `dept_id` bigint NOT NULL AUTO_INCREMENT COMMENT '部门id',
  `parent_id` bigint DEFAULT '0' COMMENT '父部门id',
  `ancestors` varchar(50) DEFAULT '' COMMENT '祖级列表',
  `dept_name` varchar(30) DEFAULT '' COMMENT '部门名称',
  `order_num` int DEFAULT '0' COMMENT '显示顺序',
  `leader` varchar(20) DEFAULT NULL COMMENT '负责人',
  `phone` varchar(11) DEFAULT NULL COMMENT '联系电话',
  `email` varchar(50) DEFAULT NULL COMMENT '邮箱',
  `status` char(1) DEFAULT '0' COMMENT '部门状态（0正常 1停用）',
  `del_flag` char(1) DEFAULT '0' COMMENT '删除标志（0代表存在 2代表删除）',
  `create_by` varchar(64) DEFAULT '' COMMENT '创建者',
  `create_time` datetime DEFAULT NULL COMMENT '创建时间',
  `update_by` varchar(64) DEFAULT '' COMMENT '更新者',
  `update_time` datetime DEFAULT NULL COMMENT '更新时间',
  PRIMARY KEY (`dept_id`)
) ENGINE=InnoDB AUTO_INCREMENT=200 DEFAULT CHARSET=utf8mb4 COLLATE=utf8mb4_0900_ai_ci COMMENT='部门表';

-- ----------------------------
-- Records of sys_dept
-- ----------------------------
BEGIN;
INSERT INTO `sys_dept` (`dept_id`, `parent_id`, `ancestors`, `dept_name`, `order_num`, `leader`, `phone`, `email`, `status`, `del_flag`, `create_by`, `create_time`, `update_by`, `update_time`) VALUES (100, 0, '0', '若依科技', 0, '若依', '15888888888', 'ry@qq.com', '0', '0', 'admin', '2023-01-16 10:30:04', '', NULL);
INSERT INTO `sys_dept` (`dept_id`, `parent_id`, `ancestors`, `dept_name`, `order_num`, `leader`, `phone`, `email`, `status`, `del_flag`, `create_by`, `create_time`, `update_by`, `update_time`) VALUES (101, 100, '0,100', '深圳总公司', 1, '若依', '15888888888', 'ry@qq.com', '0', '0', 'admin', '2023-01-16 10:30:04', '', NULL);
INSERT INTO `sys_dept` (`dept_id`, `parent_id`, `ancestors`, `dept_name`, `order_num`, `leader`, `phone`, `email`, `status`, `del_flag`, `create_by`, `create_time`, `update_by`, `update_time`) VALUES (102, 100, '0,100', '长沙分公司', 2, '若依', '15888888888', 'ry@qq.com', '0', '0', 'admin', '2023-01-16 10:30:04', '', NULL);
INSERT INTO `sys_dept` (`dept_id`, `parent_id`, `ancestors`, `dept_name`, `order_num`, `leader`, `phone`, `email`, `status`, `del_flag`, `create_by`, `create_time`, `update_by`, `update_time`) VALUES (103, 101, '0,100,101', '研发部门', 1, '若依', '15888888888', 'ry@qq.com', '0', '0', 'admin', '2023-01-16 10:30:04', '', NULL);
INSERT INTO `sys_dept` (`dept_id`, `parent_id`, `ancestors`, `dept_name`, `order_num`, `leader`, `phone`, `email`, `status`, `del_flag`, `create_by`, `create_time`, `update_by`, `update_time`) VALUES (104, 101, '0,100,101', '市场部门', 2, '若依', '15888888888', 'ry@qq.com', '0', '0', 'admin', '2023-01-16 10:30:04', '', NULL);
INSERT INTO `sys_dept` (`dept_id`, `parent_id`, `ancestors`, `dept_name`, `order_num`, `leader`, `phone`, `email`, `status`, `del_flag`, `create_by`, `create_time`, `update_by`, `update_time`) VALUES (105, 101, '0,100,101', '测试部门', 3, '若依', '15888888888', 'ry@qq.com', '0', '0', 'admin', '2023-01-16 10:30:04', '', NULL);
INSERT INTO `sys_dept` (`dept_id`, `parent_id`, `ancestors`, `dept_name`, `order_num`, `leader`, `phone`, `email`, `status`, `del_flag`, `create_by`, `create_time`, `update_by`, `update_time`) VALUES (106, 101, '0,100,101', '财务部门', 4, '若依', '15888888888', 'ry@qq.com', '0', '0', 'admin', '2023-01-16 10:30:04', '', NULL);
INSERT INTO `sys_dept` (`dept_id`, `parent_id`, `ancestors`, `dept_name`, `order_num`, `leader`, `phone`, `email`, `status`, `del_flag`, `create_by`, `create_time`, `update_by`, `update_time`) VALUES (107, 101, '0,100,101', '运维部门', 5, '若依', '15888888888', 'ry@qq.com', '0', '0', 'admin', '2023-01-16 10:30:04', '', NULL);
INSERT INTO `sys_dept` (`dept_id`, `parent_id`, `ancestors`, `dept_name`, `order_num`, `leader`, `phone`, `email`, `status`, `del_flag`, `create_by`, `create_time`, `update_by`, `update_time`) VALUES (108, 102, '0,100,102', '市场部门', 1, '若依', '15888888888', 'ry@qq.com', '0', '0', 'admin', '2023-01-16 10:30:04', '', NULL);
INSERT INTO `sys_dept` (`dept_id`, `parent_id`, `ancestors`, `dept_name`, `order_num`, `leader`, `phone`, `email`, `status`, `del_flag`, `create_by`, `create_time`, `update_by`, `update_time`) VALUES (109, 102, '0,100,102', '财务部门', 2, '若依', '15888888888', 'ry@qq.com', '0', '0', 'admin', '2023-01-16 10:30:04', '', NULL);
COMMIT;

-- ----------------------------
-- Table structure for sys_dict_data
-- ----------------------------
DROP TABLE IF EXISTS `sys_dict_data`;
CREATE TABLE `sys_dict_data` (
  `dict_code` bigint NOT NULL AUTO_INCREMENT COMMENT '字典编码',
  `dict_sort` int DEFAULT '0' COMMENT '字典排序',
  `dict_label` varchar(100) DEFAULT '' COMMENT '字典标签',
  `dict_value` varchar(100) DEFAULT '' COMMENT '字典键值',
  `dict_type` varchar(100) DEFAULT '' COMMENT '字典类型',
  `css_class` varchar(100) DEFAULT NULL COMMENT '样式属性（其他样式扩展）',
  `list_class` varchar(100) DEFAULT NULL COMMENT '表格回显样式',
  `is_default` char(1) DEFAULT 'N' COMMENT '是否默认（Y是 N否）',
  `status` char(1) DEFAULT '0' COMMENT '状态（0正常 1停用）',
  `create_by` varchar(64) DEFAULT '' COMMENT '创建者',
  `create_time` datetime DEFAULT NULL COMMENT '创建时间',
  `update_by` varchar(64) DEFAULT '' COMMENT '更新者',
  `update_time` datetime DEFAULT NULL COMMENT '更新时间',
  `remark` varchar(500) DEFAULT NULL COMMENT '备注',
  PRIMARY KEY (`dict_code`)
) ENGINE=InnoDB AUTO_INCREMENT=100 DEFAULT CHARSET=utf8mb4 COLLATE=utf8mb4_0900_ai_ci COMMENT='字典数据表';

-- ----------------------------
-- Records of sys_dict_data
-- ----------------------------
BEGIN;
INSERT INTO `sys_dict_data` (`dict_code`, `dict_sort`, `dict_label`, `dict_value`, `dict_type`, `css_class`, `list_class`, `is_default`, `status`, `create_by`, `create_time`, `update_by`, `update_time`, `remark`) VALUES (1, 1, '男', '0', 'sys_user_sex', '', '', 'Y', '0', 'admin', '2023-01-16 10:30:04', '', NULL, '性别男');
INSERT INTO `sys_dict_data` (`dict_code`, `dict_sort`, `dict_label`, `dict_value`, `dict_type`, `css_class`, `list_class`, `is_default`, `status`, `create_by`, `create_time`, `update_by`, `update_time`, `remark`) VALUES (2, 2, '女', '1', 'sys_user_sex', '', '', 'N', '0', 'admin', '2023-01-16 10:30:04', '', NULL, '性别女');
INSERT INTO `sys_dict_data` (`dict_code`, `dict_sort`, `dict_label`, `dict_value`, `dict_type`, `css_class`, `list_class`, `is_default`, `status`, `create_by`, `create_time`, `update_by`, `update_time`, `remark`) VALUES (3, 3, '未知', '2', 'sys_user_sex', '', '', 'N', '0', 'admin', '2023-01-16 10:30:04', '', NULL, '性别未知');
INSERT INTO `sys_dict_data` (`dict_code`, `dict_sort`, `dict_label`, `dict_value`, `dict_type`, `css_class`, `list_class`, `is_default`, `status`, `create_by`, `create_time`, `update_by`, `update_time`, `remark`) VALUES (4, 1, '显示', '0', 'sys_show_hide', '', 'primary', 'Y', '0', 'admin', '2023-01-16 10:30:04', '', NULL, '显示菜单');
INSERT INTO `sys_dict_data` (`dict_code`, `dict_sort`, `dict_label`, `dict_value`, `dict_type`, `css_class`, `list_class`, `is_default`, `status`, `create_by`, `create_time`, `update_by`, `update_time`, `remark`) VALUES (5, 2, '隐藏', '1', 'sys_show_hide', '', 'danger', 'N', '0', 'admin', '2023-01-16 10:30:04', '', NULL, '隐藏菜单');
INSERT INTO `sys_dict_data` (`dict_code`, `dict_sort`, `dict_label`, `dict_value`, `dict_type`, `css_class`, `list_class`, `is_default`, `status`, `create_by`, `create_time`, `update_by`, `update_time`, `remark`) VALUES (6, 1, '正常', '0', 'sys_normal_disable', '', 'primary', 'Y', '0', 'admin', '2023-01-16 10:30:04', '', NULL, '正常状态');
INSERT INTO `sys_dict_data` (`dict_code`, `dict_sort`, `dict_label`, `dict_value`, `dict_type`, `css_class`, `list_class`, `is_default`, `status`, `create_by`, `create_time`, `update_by`, `update_time`, `remark`) VALUES (7, 2, '停用', '1', 'sys_normal_disable', '', 'danger', 'N', '0', 'admin', '2023-01-16 10:30:04', '', NULL, '停用状态');
INSERT INTO `sys_dict_data` (`dict_code`, `dict_sort`, `dict_label`, `dict_value`, `dict_type`, `css_class`, `list_class`, `is_default`, `status`, `create_by`, `create_time`, `update_by`, `update_time`, `remark`) VALUES (8, 1, '正常', '0', 'sys_job_status', '', 'primary', 'Y', '0', 'admin', '2023-01-16 10:30:04', '', NULL, '正常状态');
INSERT INTO `sys_dict_data` (`dict_code`, `dict_sort`, `dict_label`, `dict_value`, `dict_type`, `css_class`, `list_class`, `is_default`, `status`, `create_by`, `create_time`, `update_by`, `update_time`, `remark`) VALUES (9, 2, '暂停', '1', 'sys_job_status', '', 'danger', 'N', '0', 'admin', '2023-01-16 10:30:04', '', NULL, '停用状态');
INSERT INTO `sys_dict_data` (`dict_code`, `dict_sort`, `dict_label`, `dict_value`, `dict_type`, `css_class`, `list_class`, `is_default`, `status`, `create_by`, `create_time`, `update_by`, `update_time`, `remark`) VALUES (10, 1, '默认', 'DEFAULT', 'sys_job_group', '', '', 'Y', '0', 'admin', '2023-01-16 10:30:04', '', NULL, '默认分组');
INSERT INTO `sys_dict_data` (`dict_code`, `dict_sort`, `dict_label`, `dict_value`, `dict_type`, `css_class`, `list_class`, `is_default`, `status`, `create_by`, `create_time`, `update_by`, `update_time`, `remark`) VALUES (11, 2, '系统', 'SYSTEM', 'sys_job_group', '', '', 'N', '0', 'admin', '2023-01-16 10:30:04', '', NULL, '系统分组');
INSERT INTO `sys_dict_data` (`dict_code`, `dict_sort`, `dict_label`, `dict_value`, `dict_type`, `css_class`, `list_class`, `is_default`, `status`, `create_by`, `create_time`, `update_by`, `update_time`, `remark`) VALUES (12, 1, '是', 'Y', 'sys_yes_no', '', 'primary', 'Y', '0', 'admin', '2023-01-16 10:30:04', '', NULL, '系统默认是');
INSERT INTO `sys_dict_data` (`dict_code`, `dict_sort`, `dict_label`, `dict_value`, `dict_type`, `css_class`, `list_class`, `is_default`, `status`, `create_by`, `create_time`, `update_by`, `update_time`, `remark`) VALUES (13, 2, '否', 'N', 'sys_yes_no', '', 'danger', 'N', '0', 'admin', '2023-01-16 10:30:04', '', NULL, '系统默认否');
INSERT INTO `sys_dict_data` (`dict_code`, `dict_sort`, `dict_label`, `dict_value`, `dict_type`, `css_class`, `list_class`, `is_default`, `status`, `create_by`, `create_time`, `update_by`, `update_time`, `remark`) VALUES (14, 1, '通知', '1', 'sys_notice_type', '', 'warning', 'Y', '0', 'admin', '2023-01-16 10:30:04', '', NULL, '通知');
INSERT INTO `sys_dict_data` (`dict_code`, `dict_sort`, `dict_label`, `dict_value`, `dict_type`, `css_class`, `list_class`, `is_default`, `status`, `create_by`, `create_time`, `update_by`, `update_time`, `remark`) VALUES (15, 2, '公告', '2', 'sys_notice_type', '', 'success', 'N', '0', 'admin', '2023-01-16 10:30:04', '', NULL, '公告');
INSERT INTO `sys_dict_data` (`dict_code`, `dict_sort`, `dict_label`, `dict_value`, `dict_type`, `css_class`, `list_class`, `is_default`, `status`, `create_by`, `create_time`, `update_by`, `update_time`, `remark`) VALUES (16, 1, '正常', '0', 'sys_notice_status', '', 'primary', 'Y', '0', 'admin', '2023-01-16 10:30:04', '', NULL, '正常状态');
INSERT INTO `sys_dict_data` (`dict_code`, `dict_sort`, `dict_label`, `dict_value`, `dict_type`, `css_class`, `list_class`, `is_default`, `status`, `create_by`, `create_time`, `update_by`, `update_time`, `remark`) VALUES (17, 2, '关闭', '1', 'sys_notice_status', '', 'danger', 'N', '0', 'admin', '2023-01-16 10:30:04', '', NULL, '关闭状态');
INSERT INTO `sys_dict_data` (`dict_code`, `dict_sort`, `dict_label`, `dict_value`, `dict_type`, `css_class`, `list_class`, `is_default`, `status`, `create_by`, `create_time`, `update_by`, `update_time`, `remark`) VALUES (18, 99, '其他', '0', 'sys_oper_type', '', 'info', 'N', '0', 'admin', '2023-01-16 10:30:04', '', NULL, '其他操作');
INSERT INTO `sys_dict_data` (`dict_code`, `dict_sort`, `dict_label`, `dict_value`, `dict_type`, `css_class`, `list_class`, `is_default`, `status`, `create_by`, `create_time`, `update_by`, `update_time`, `remark`) VALUES (19, 1, '新增', '1', 'sys_oper_type', '', 'info', 'N', '0', 'admin', '2023-01-16 10:30:04', '', NULL, '新增操作');
INSERT INTO `sys_dict_data` (`dict_code`, `dict_sort`, `dict_label`, `dict_value`, `dict_type`, `css_class`, `list_class`, `is_default`, `status`, `create_by`, `create_time`, `update_by`, `update_time`, `remark`) VALUES (20, 2, '修改', '2', 'sys_oper_type', '', 'info', 'N', '0', 'admin', '2023-01-16 10:30:04', '', NULL, '修改操作');
INSERT INTO `sys_dict_data` (`dict_code`, `dict_sort`, `dict_label`, `dict_value`, `dict_type`, `css_class`, `list_class`, `is_default`, `status`, `create_by`, `create_time`, `update_by`, `update_time`, `remark`) VALUES (21, 3, '删除', '3', 'sys_oper_type', '', 'danger', 'N', '0', 'admin', '2023-01-16 10:30:04', '', NULL, '删除操作');
INSERT INTO `sys_dict_data` (`dict_code`, `dict_sort`, `dict_label`, `dict_value`, `dict_type`, `css_class`, `list_class`, `is_default`, `status`, `create_by`, `create_time`, `update_by`, `update_time`, `remark`) VALUES (22, 4, '授权', '4', 'sys_oper_type', '', 'primary', 'N', '0', 'admin', '2023-01-16 10:30:04', '', NULL, '授权操作');
INSERT INTO `sys_dict_data` (`dict_code`, `dict_sort`, `dict_label`, `dict_value`, `dict_type`, `css_class`, `list_class`, `is_default`, `status`, `create_by`, `create_time`, `update_by`, `update_time`, `remark`) VALUES (23, 5, '导出', '5', 'sys_oper_type', '', 'warning', 'N', '0', 'admin', '2023-01-16 10:30:04', '', NULL, '导出操作');
INSERT INTO `sys_dict_data` (`dict_code`, `dict_sort`, `dict_label`, `dict_value`, `dict_type`, `css_class`, `list_class`, `is_default`, `status`, `create_by`, `create_time`, `update_by`, `update_time`, `remark`) VALUES (24, 6, '导入', '6', 'sys_oper_type', '', 'warning', 'N', '0', 'admin', '2023-01-16 10:30:04', '', NULL, '导入操作');
INSERT INTO `sys_dict_data` (`dict_code`, `dict_sort`, `dict_label`, `dict_value`, `dict_type`, `css_class`, `list_class`, `is_default`, `status`, `create_by`, `create_time`, `update_by`, `update_time`, `remark`) VALUES (25, 7, '强退', '7', 'sys_oper_type', '', 'danger', 'N', '0', 'admin', '2023-01-16 10:30:04', '', NULL, '强退操作');
INSERT INTO `sys_dict_data` (`dict_code`, `dict_sort`, `dict_label`, `dict_value`, `dict_type`, `css_class`, `list_class`, `is_default`, `status`, `create_by`, `create_time`, `update_by`, `update_time`, `remark`) VALUES (26, 8, '生成代码', '8', 'sys_oper_type', '', 'warning', 'N', '0', 'admin', '2023-01-16 10:30:04', '', NULL, '生成操作');
INSERT INTO `sys_dict_data` (`dict_code`, `dict_sort`, `dict_label`, `dict_value`, `dict_type`, `css_class`, `list_class`, `is_default`, `status`, `create_by`, `create_time`, `update_by`, `update_time`, `remark`) VALUES (27, 9, '清空数据', '9', 'sys_oper_type', '', 'danger', 'N', '0', 'admin', '2023-01-16 10:30:04', '', NULL, '清空操作');
INSERT INTO `sys_dict_data` (`dict_code`, `dict_sort`, `dict_label`, `dict_value`, `dict_type`, `css_class`, `list_class`, `is_default`, `status`, `create_by`, `create_time`, `update_by`, `update_time`, `remark`) VALUES (28, 1, '成功', '0', 'sys_common_status', '', 'primary', 'N', '0', 'admin', '2023-01-16 10:30:04', '', NULL, '正常状态');
INSERT INTO `sys_dict_data` (`dict_code`, `dict_sort`, `dict_label`, `dict_value`, `dict_type`, `css_class`, `list_class`, `is_default`, `status`, `create_by`, `create_time`, `update_by`, `update_time`, `remark`) VALUES (29, 2, '失败', '1', 'sys_common_status', '', 'danger', 'N', '0', 'admin', '2023-01-16 10:30:04', '', NULL, '停用状态');
COMMIT;

-- ----------------------------
-- Table structure for sys_dict_type
-- ----------------------------
DROP TABLE IF EXISTS `sys_dict_type`;
CREATE TABLE `sys_dict_type` (
  `dict_id` bigint NOT NULL AUTO_INCREMENT COMMENT '字典主键',
  `dict_name` varchar(100) DEFAULT '' COMMENT '字典名称',
  `dict_type` varchar(100) DEFAULT '' COMMENT '字典类型',
  `status` char(1) DEFAULT '0' COMMENT '状态（0正常 1停用）',
  `create_by` varchar(64) DEFAULT '' COMMENT '创建者',
  `create_time` datetime DEFAULT NULL COMMENT '创建时间',
  `update_by` varchar(64) DEFAULT '' COMMENT '更新者',
  `update_time` datetime DEFAULT NULL COMMENT '更新时间',
  `remark` varchar(500) DEFAULT NULL COMMENT '备注',
  PRIMARY KEY (`dict_id`),
  UNIQUE KEY `dict_type` (`dict_type`)
) ENGINE=InnoDB AUTO_INCREMENT=102 DEFAULT CHARSET=utf8mb4 COLLATE=utf8mb4_0900_ai_ci COMMENT='字典类型表';

-- ----------------------------
-- Records of sys_dict_type
-- ----------------------------
BEGIN;
INSERT INTO `sys_dict_type` (`dict_id`, `dict_name`, `dict_type`, `status`, `create_by`, `create_time`, `update_by`, `update_time`, `remark`) VALUES (1, '用户性别', 'sys_user_sex', '0', 'admin', '2023-01-16 10:30:04', '', NULL, '用户性别列表');
INSERT INTO `sys_dict_type` (`dict_id`, `dict_name`, `dict_type`, `status`, `create_by`, `create_time`, `update_by`, `update_time`, `remark`) VALUES (2, '菜单状态', 'sys_show_hide', '0', 'admin', '2023-01-16 10:30:04', '', NULL, '菜单状态列表');
INSERT INTO `sys_dict_type` (`dict_id`, `dict_name`, `dict_type`, `status`, `create_by`, `create_time`, `update_by`, `update_time`, `remark`) VALUES (3, '系统开关', 'sys_normal_disable', '0', 'admin', '2023-01-16 10:30:04', '', NULL, '系统开关列表');
INSERT INTO `sys_dict_type` (`dict_id`, `dict_name`, `dict_type`, `status`, `create_by`, `create_time`, `update_by`, `update_time`, `remark`) VALUES (4, '任务状态', 'sys_job_status', '0', 'admin', '2023-01-16 10:30:04', '', NULL, '任务状态列表');
INSERT INTO `sys_dict_type` (`dict_id`, `dict_name`, `dict_type`, `status`, `create_by`, `create_time`, `update_by`, `update_time`, `remark`) VALUES (5, '任务分组', 'sys_job_group', '0', 'admin', '2023-01-16 10:30:04', '', NULL, '任务分组列表');
INSERT INTO `sys_dict_type` (`dict_id`, `dict_name`, `dict_type`, `status`, `create_by`, `create_time`, `update_by`, `update_time`, `remark`) VALUES (6, '系统是否', 'sys_yes_no', '0', 'admin', '2023-01-16 10:30:04', '', NULL, '系统是否列表');
INSERT INTO `sys_dict_type` (`dict_id`, `dict_name`, `dict_type`, `status`, `create_by`, `create_time`, `update_by`, `update_time`, `remark`) VALUES (7, '通知类型', 'sys_notice_type', '0', 'admin', '2023-01-16 10:30:04', '', NULL, '通知类型列表');
INSERT INTO `sys_dict_type` (`dict_id`, `dict_name`, `dict_type`, `status`, `create_by`, `create_time`, `update_by`, `update_time`, `remark`) VALUES (8, '通知状态', 'sys_notice_status', '0', 'admin', '2023-01-16 10:30:04', '', NULL, '通知状态列表');
INSERT INTO `sys_dict_type` (`dict_id`, `dict_name`, `dict_type`, `status`, `create_by`, `create_time`, `update_by`, `update_time`, `remark`) VALUES (9, '操作类型', 'sys_oper_type', '0', 'admin', '2023-01-16 10:30:04', '', NULL, '操作类型列表');
INSERT INTO `sys_dict_type` (`dict_id`, `dict_name`, `dict_type`, `status`, `create_by`, `create_time`, `update_by`, `update_time`, `remark`) VALUES (10, '系统状态', 'sys_common_status', '0', 'admin', '2023-01-16 10:30:04', '', NULL, '登录状态列表');
COMMIT;

-- ----------------------------
-- Table structure for sys_job
-- ----------------------------
DROP TABLE IF EXISTS `sys_job`;
CREATE TABLE `sys_job` (
  `job_id` bigint NOT NULL AUTO_INCREMENT COMMENT '任务ID',
  `job_name` varchar(64) NOT NULL DEFAULT '' COMMENT '任务名称',
  `job_group` varchar(64) NOT NULL DEFAULT 'DEFAULT' COMMENT '任务组名',
  `invoke_target` varchar(500) NOT NULL COMMENT '调用目标字符串',
  `cron_expression` varchar(255) DEFAULT '' COMMENT 'cron执行表达式',
  `misfire_policy` varchar(20) DEFAULT '3' COMMENT '计划执行错误策略（1立即执行 2执行一次 3放弃执行）',
  `concurrent` char(1) DEFAULT '1' COMMENT '是否并发执行（0允许 1禁止）',
  `status` char(1) DEFAULT '0' COMMENT '状态（0正常 1暂停）',
  `create_by` varchar(64) DEFAULT '' COMMENT '创建者',
  `create_time` datetime DEFAULT NULL COMMENT '创建时间',
  `update_by` varchar(64) DEFAULT '' COMMENT '更新者',
  `update_time` datetime DEFAULT NULL COMMENT '更新时间',
  `remark` varchar(500) DEFAULT '' COMMENT '备注信息',
  PRIMARY KEY (`job_id`,`job_name`,`job_group`)
) ENGINE=InnoDB AUTO_INCREMENT=100 DEFAULT CHARSET=utf8mb4 COLLATE=utf8mb4_0900_ai_ci COMMENT='定时任务调度表';

-- ----------------------------
-- Records of sys_job
-- ----------------------------
BEGIN;
INSERT INTO `sys_job` (`job_id`, `job_name`, `job_group`, `invoke_target`, `cron_expression`, `misfire_policy`, `concurrent`, `status`, `create_by`, `create_time`, `update_by`, `update_time`, `remark`) VALUES (1, '系统默认（无参）', 'DEFAULT', 'ryTask.ryNoParams', '0/10 * * * * ?', '3', '1', '1', 'admin', '2023-01-16 10:30:04', '', NULL, '');
INSERT INTO `sys_job` (`job_id`, `job_name`, `job_group`, `invoke_target`, `cron_expression`, `misfire_policy`, `concurrent`, `status`, `create_by`, `create_time`, `update_by`, `update_time`, `remark`) VALUES (2, '系统默认（有参）', 'DEFAULT', 'ryTask.ryParams(\'ry\')', '0/15 * * * * ?', '3', '1', '1', 'admin', '2023-01-16 10:30:04', '', NULL, '');
INSERT INTO `sys_job` (`job_id`, `job_name`, `job_group`, `invoke_target`, `cron_expression`, `misfire_policy`, `concurrent`, `status`, `create_by`, `create_time`, `update_by`, `update_time`, `remark`) VALUES (3, '系统默认（多参）', 'DEFAULT', 'ryTask.ryMultipleParams(\'ry\', true, 2000L, 316.50D, 100)', '0/20 * * * * ?', '3', '1', '1', 'admin', '2023-01-16 10:30:04', '', NULL, '');
COMMIT;

-- ----------------------------
-- Table structure for sys_job_log
-- ----------------------------
DROP TABLE IF EXISTS `sys_job_log`;
CREATE TABLE `sys_job_log` (
  `job_log_id` bigint NOT NULL AUTO_INCREMENT COMMENT '任务日志ID',
  `job_name` varchar(64) NOT NULL COMMENT '任务名称',
  `job_group` varchar(64) NOT NULL COMMENT '任务组名',
  `invoke_target` varchar(500) NOT NULL COMMENT '调用目标字符串',
  `job_message` varchar(500) DEFAULT NULL COMMENT '日志信息',
  `status` char(1) DEFAULT '0' COMMENT '执行状态（0正常 1失败）',
  `exception_info` varchar(2000) DEFAULT '' COMMENT '异常信息',
  `create_time` datetime DEFAULT NULL COMMENT '创建时间',
  PRIMARY KEY (`job_log_id`)
) ENGINE=InnoDB DEFAULT CHARSET=utf8mb4 COLLATE=utf8mb4_0900_ai_ci COMMENT='定时任务调度日志表';

-- ----------------------------
-- Records of sys_job_log
-- ----------------------------
BEGIN;
COMMIT;

-- ----------------------------
-- Table structure for sys_logininfor
-- ----------------------------
DROP TABLE IF EXISTS `sys_logininfor`;
CREATE TABLE `sys_logininfor` (
  `info_id` bigint NOT NULL AUTO_INCREMENT COMMENT '访问ID',
  `user_name` varchar(50) DEFAULT '' COMMENT '用户账号',
  `ipaddr` varchar(128) DEFAULT '' COMMENT '登录IP地址',
  `login_location` varchar(255) DEFAULT '' COMMENT '登录地点',
  `browser` varchar(50) DEFAULT '' COMMENT '浏览器类型',
  `os` varchar(50) DEFAULT '' COMMENT '操作系统',
  `status` char(1) DEFAULT '0' COMMENT '登录状态（0成功 1失败）',
  `msg` varchar(255) DEFAULT '' COMMENT '提示消息',
  `login_time` datetime DEFAULT NULL COMMENT '访问时间',
  PRIMARY KEY (`info_id`)
) ENGINE=InnoDB AUTO_INCREMENT=338 DEFAULT CHARSET=utf8mb4 COLLATE=utf8mb4_0900_ai_ci COMMENT='系统访问记录';

-- ----------------------------
-- Records of sys_logininfor
-- ----------------------------
BEGIN;
INSERT INTO `sys_logininfor` (`info_id`, `user_name`, `ipaddr`, `login_location`, `browser`, `os`, `status`, `msg`, `login_time`) VALUES (100, 'admin', '127.0.0.1', '内网IP', 'Chrome 10', 'Mac OS X', '0', '登录成功', '2023-02-10 19:55:41');
INSERT INTO `sys_logininfor` (`info_id`, `user_name`, `ipaddr`, `login_location`, `browser`, `os`, `status`, `msg`, `login_time`) VALUES (101, 'admin', '127.0.0.1', '内网IP', 'Chrome 10', 'Mac OS X', '1', '验证码错误', '2023-02-20 08:51:34');
INSERT INTO `sys_logininfor` (`info_id`, `user_name`, `ipaddr`, `login_location`, `browser`, `os`, `status`, `msg`, `login_time`) VALUES (102, 'admin', '127.0.0.1', '内网IP', 'Chrome 10', 'Mac OS X', '0', '登录成功', '2023-02-20 08:51:42');
INSERT INTO `sys_logininfor` (`info_id`, `user_name`, `ipaddr`, `login_location`, `browser`, `os`, `status`, `msg`, `login_time`) VALUES (103, 'admin', '127.0.0.1', '内网IP', 'Chrome 10', 'Mac OS X', '0', '登录成功', '2023-02-20 15:29:12');
INSERT INTO `sys_logininfor` (`info_id`, `user_name`, `ipaddr`, `login_location`, `browser`, `os`, `status`, `msg`, `login_time`) VALUES (104, 'admin', '127.0.0.1', '内网IP', 'Chrome 10', 'Mac OS X', '0', '登录成功', '2023-02-21 09:27:35');
INSERT INTO `sys_logininfor` (`info_id`, `user_name`, `ipaddr`, `login_location`, `browser`, `os`, `status`, `msg`, `login_time`) VALUES (105, 'admin', '127.0.0.1', '内网IP', 'Chrome 10', 'Mac OS X', '0', '登录成功', '2023-02-21 11:06:31');
INSERT INTO `sys_logininfor` (`info_id`, `user_name`, `ipaddr`, `login_location`, `browser`, `os`, `status`, `msg`, `login_time`) VALUES (106, 'admin', '127.0.0.1', '内网IP', 'Chrome 10', 'Mac OS X', '0', '登录成功', '2023-02-21 15:43:00');
INSERT INTO `sys_logininfor` (`info_id`, `user_name`, `ipaddr`, `login_location`, `browser`, `os`, `status`, `msg`, `login_time`) VALUES (107, 'admin', '127.0.0.1', '内网IP', 'Chrome 10', 'Mac OS X', '0', '登录成功', '2023-02-28 16:52:06');
INSERT INTO `sys_logininfor` (`info_id`, `user_name`, `ipaddr`, `login_location`, `browser`, `os`, `status`, `msg`, `login_time`) VALUES (108, 'admin', '127.0.0.1', '内网IP', 'Chrome 10', 'Mac OS X', '0', '登录成功', '2023-02-28 17:35:31');
INSERT INTO `sys_logininfor` (`info_id`, `user_name`, `ipaddr`, `login_location`, `browser`, `os`, `status`, `msg`, `login_time`) VALUES (109, 'admin', '127.0.0.1', '内网IP', 'Chrome 10', 'Mac OS X', '1', '验证码已失效', '2023-03-01 16:08:01');
INSERT INTO `sys_logininfor` (`info_id`, `user_name`, `ipaddr`, `login_location`, `browser`, `os`, `status`, `msg`, `login_time`) VALUES (110, 'admin', '127.0.0.1', '内网IP', 'Chrome 10', 'Mac OS X', '0', '登录成功', '2023-03-01 16:08:08');
INSERT INTO `sys_logininfor` (`info_id`, `user_name`, `ipaddr`, `login_location`, `browser`, `os`, `status`, `msg`, `login_time`) VALUES (111, 'admin', '172.20.10.4', '内网IP', 'Chrome 10', 'Windows 10', '1', '验证码已失效', '2023-03-02 14:55:09');
INSERT INTO `sys_logininfor` (`info_id`, `user_name`, `ipaddr`, `login_location`, `browser`, `os`, `status`, `msg`, `login_time`) VALUES (112, 'admin', '172.20.10.4', '内网IP', 'Chrome 10', 'Windows 10', '0', '登录成功', '2023-03-02 14:55:12');
INSERT INTO `sys_logininfor` (`info_id`, `user_name`, `ipaddr`, `login_location`, `browser`, `os`, `status`, `msg`, `login_time`) VALUES (113, 'admin', '172.20.10.4', '内网IP', 'Chrome 10', 'Windows 10', '0', '退出成功', '2023-03-02 15:40:05');
INSERT INTO `sys_logininfor` (`info_id`, `user_name`, `ipaddr`, `login_location`, `browser`, `os`, `status`, `msg`, `login_time`) VALUES (114, 'admin', '172.20.10.4', '内网IP', 'Chrome 10', 'Windows 10', '1', '验证码已失效', '2023-03-02 15:57:53');
INSERT INTO `sys_logininfor` (`info_id`, `user_name`, `ipaddr`, `login_location`, `browser`, `os`, `status`, `msg`, `login_time`) VALUES (115, 'admin', '172.20.10.4', '内网IP', 'Chrome 10', 'Windows 10', '0', '登录成功', '2023-03-02 15:57:56');
INSERT INTO `sys_logininfor` (`info_id`, `user_name`, `ipaddr`, `login_location`, `browser`, `os`, `status`, `msg`, `login_time`) VALUES (116, 'admin', '127.0.0.1', '内网IP', 'Chrome 11', 'Mac OS X', '0', '登录成功', '2023-09-09 17:00:15');
INSERT INTO `sys_logininfor` (`info_id`, `user_name`, `ipaddr`, `login_location`, `browser`, `os`, `status`, `msg`, `login_time`) VALUES (117, 'admin', '127.0.0.1', '内网IP', 'Chrome 11', 'Mac OS X', '1', '验证码错误', '2023-09-09 17:56:03');
INSERT INTO `sys_logininfor` (`info_id`, `user_name`, `ipaddr`, `login_location`, `browser`, `os`, `status`, `msg`, `login_time`) VALUES (118, 'admin', '127.0.0.1', '内网IP', 'Chrome 11', 'Mac OS X', '0', '登录成功', '2023-09-09 17:56:07');
INSERT INTO `sys_logininfor` (`info_id`, `user_name`, `ipaddr`, `login_location`, `browser`, `os`, `status`, `msg`, `login_time`) VALUES (119, 'admin', '127.0.0.1', '内网IP', 'Chrome 11', 'Mac OS X', '1', '验证码已失效', '2023-09-13 15:24:51');
INSERT INTO `sys_logininfor` (`info_id`, `user_name`, `ipaddr`, `login_location`, `browser`, `os`, `status`, `msg`, `login_time`) VALUES (120, 'admin', '127.0.0.1', '内网IP', 'Chrome 11', 'Mac OS X', '1', '验证码错误', '2023-09-13 15:24:53');
INSERT INTO `sys_logininfor` (`info_id`, `user_name`, `ipaddr`, `login_location`, `browser`, `os`, `status`, `msg`, `login_time`) VALUES (121, 'admin', '127.0.0.1', '内网IP', 'Chrome 11', 'Mac OS X', '0', '登录成功', '2023-09-13 15:24:58');
INSERT INTO `sys_logininfor` (`info_id`, `user_name`, `ipaddr`, `login_location`, `browser`, `os`, `status`, `msg`, `login_time`) VALUES (122, 'admin', '127.0.0.1', '内网IP', 'Chrome 11', 'Mac OS X', '0', '登录成功', '2023-09-13 15:33:47');
INSERT INTO `sys_logininfor` (`info_id`, `user_name`, `ipaddr`, `login_location`, `browser`, `os`, `status`, `msg`, `login_time`) VALUES (123, 'admin', '127.0.0.1', '内网IP', 'Firefox 11', 'Mac OS X', '0', '登录成功', '2023-09-13 15:36:21');
INSERT INTO `sys_logininfor` (`info_id`, `user_name`, `ipaddr`, `login_location`, `browser`, `os`, `status`, `msg`, `login_time`) VALUES (124, 'admin', '127.0.0.1', '内网IP', 'Chrome 11', 'Mac OS X', '0', '登录成功', '2023-09-14 15:13:26');
INSERT INTO `sys_logininfor` (`info_id`, `user_name`, `ipaddr`, `login_location`, `browser`, `os`, `status`, `msg`, `login_time`) VALUES (125, 'admin', '127.0.0.1', '内网IP', 'Chrome 11', 'Mac OS X', '0', '登录成功', '2023-09-15 11:09:14');
INSERT INTO `sys_logininfor` (`info_id`, `user_name`, `ipaddr`, `login_location`, `browser`, `os`, `status`, `msg`, `login_time`) VALUES (126, 'admin', '127.0.0.1', '内网IP', 'Chrome 11', 'Mac OS X', '1', '验证码错误', '2023-09-19 16:08:22');
INSERT INTO `sys_logininfor` (`info_id`, `user_name`, `ipaddr`, `login_location`, `browser`, `os`, `status`, `msg`, `login_time`) VALUES (127, 'admin', '127.0.0.1', '内网IP', 'Chrome 11', 'Mac OS X', '1', '验证码错误', '2023-09-19 16:08:26');
INSERT INTO `sys_logininfor` (`info_id`, `user_name`, `ipaddr`, `login_location`, `browser`, `os`, `status`, `msg`, `login_time`) VALUES (128, 'admin', '127.0.0.1', '内网IP', 'Chrome 11', 'Mac OS X', '0', '登录成功', '2023-09-19 16:08:30');
INSERT INTO `sys_logininfor` (`info_id`, `user_name`, `ipaddr`, `login_location`, `browser`, `os`, `status`, `msg`, `login_time`) VALUES (129, 'admin', '127.0.0.1', '内网IP', 'Chrome 11', 'Mac OS X', '0', '退出成功', '2023-09-19 16:21:13');
INSERT INTO `sys_logininfor` (`info_id`, `user_name`, `ipaddr`, `login_location`, `browser`, `os`, `status`, `msg`, `login_time`) VALUES (130, 'ry', '127.0.0.1', '内网IP', 'Chrome 11', 'Mac OS X', '0', '登录成功', '2023-09-19 16:21:18');
INSERT INTO `sys_logininfor` (`info_id`, `user_name`, `ipaddr`, `login_location`, `browser`, `os`, `status`, `msg`, `login_time`) VALUES (131, 'ry', '127.0.0.1', '内网IP', 'Chrome 11', 'Mac OS X', '1', '验证码错误', '2023-09-21 09:22:16');
INSERT INTO `sys_logininfor` (`info_id`, `user_name`, `ipaddr`, `login_location`, `browser`, `os`, `status`, `msg`, `login_time`) VALUES (132, 'ry', '127.0.0.1', '内网IP', 'Chrome 11', 'Mac OS X', '1', '验证码错误', '2023-09-21 09:22:17');
INSERT INTO `sys_logininfor` (`info_id`, `user_name`, `ipaddr`, `login_location`, `browser`, `os`, `status`, `msg`, `login_time`) VALUES (133, 'ry', '127.0.0.1', '内网IP', 'Chrome 11', 'Mac OS X', '1', '验证码错误', '2023-09-21 09:22:18');
INSERT INTO `sys_logininfor` (`info_id`, `user_name`, `ipaddr`, `login_location`, `browser`, `os`, `status`, `msg`, `login_time`) VALUES (134, 'ry', '127.0.0.1', '内网IP', 'Chrome 11', 'Mac OS X', '1', '验证码错误', '2023-09-21 09:22:18');
INSERT INTO `sys_logininfor` (`info_id`, `user_name`, `ipaddr`, `login_location`, `browser`, `os`, `status`, `msg`, `login_time`) VALUES (135, 'ry', '127.0.0.1', '内网IP', 'Chrome 11', 'Mac OS X', '1', '验证码错误', '2023-09-21 09:22:18');
INSERT INTO `sys_logininfor` (`info_id`, `user_name`, `ipaddr`, `login_location`, `browser`, `os`, `status`, `msg`, `login_time`) VALUES (136, 'ry', '127.0.0.1', '内网IP', 'Chrome 11', 'Mac OS X', '1', '验证码错误', '2023-09-21 09:22:18');
INSERT INTO `sys_logininfor` (`info_id`, `user_name`, `ipaddr`, `login_location`, `browser`, `os`, `status`, `msg`, `login_time`) VALUES (137, 'ry', '127.0.0.1', '内网IP', 'Chrome 11', 'Mac OS X', '1', '验证码错误', '2023-09-21 09:22:18');
INSERT INTO `sys_logininfor` (`info_id`, `user_name`, `ipaddr`, `login_location`, `browser`, `os`, `status`, `msg`, `login_time`) VALUES (138, 'ry', '127.0.0.1', '内网IP', 'Chrome 11', 'Mac OS X', '1', '验证码错误', '2023-09-21 09:22:18');
INSERT INTO `sys_logininfor` (`info_id`, `user_name`, `ipaddr`, `login_location`, `browser`, `os`, `status`, `msg`, `login_time`) VALUES (139, 'ry', '127.0.0.1', '内网IP', 'Chrome 11', 'Mac OS X', '1', '验证码错误', '2023-09-21 09:22:19');
INSERT INTO `sys_logininfor` (`info_id`, `user_name`, `ipaddr`, `login_location`, `browser`, `os`, `status`, `msg`, `login_time`) VALUES (140, 'ry', '127.0.0.1', '内网IP', 'Chrome 11', 'Mac OS X', '1', '验证码错误', '2023-09-21 09:22:19');
INSERT INTO `sys_logininfor` (`info_id`, `user_name`, `ipaddr`, `login_location`, `browser`, `os`, `status`, `msg`, `login_time`) VALUES (141, 'ry', '127.0.0.1', '内网IP', 'Chrome 11', 'Mac OS X', '1', '验证码错误', '2023-09-21 09:22:19');
INSERT INTO `sys_logininfor` (`info_id`, `user_name`, `ipaddr`, `login_location`, `browser`, `os`, `status`, `msg`, `login_time`) VALUES (142, 'ry', '127.0.0.1', '内网IP', 'Chrome 11', 'Mac OS X', '1', '验证码错误', '2023-09-21 09:22:20');
INSERT INTO `sys_logininfor` (`info_id`, `user_name`, `ipaddr`, `login_location`, `browser`, `os`, `status`, `msg`, `login_time`) VALUES (143, 'ry', '127.0.0.1', '内网IP', 'Chrome 11', 'Mac OS X', '1', '验证码错误', '2023-09-21 09:22:20');
INSERT INTO `sys_logininfor` (`info_id`, `user_name`, `ipaddr`, `login_location`, `browser`, `os`, `status`, `msg`, `login_time`) VALUES (144, 'ry', '127.0.0.1', '内网IP', 'Chrome 11', 'Mac OS X', '1', '验证码错误', '2023-09-21 09:22:20');
INSERT INTO `sys_logininfor` (`info_id`, `user_name`, `ipaddr`, `login_location`, `browser`, `os`, `status`, `msg`, `login_time`) VALUES (145, 'ry', '127.0.0.1', '内网IP', 'Chrome 11', 'Mac OS X', '1', '验证码错误', '2023-09-21 09:22:20');
INSERT INTO `sys_logininfor` (`info_id`, `user_name`, `ipaddr`, `login_location`, `browser`, `os`, `status`, `msg`, `login_time`) VALUES (146, 'ry', '127.0.0.1', '内网IP', 'Chrome 11', 'Mac OS X', '1', '验证码错误', '2023-09-21 09:22:22');
INSERT INTO `sys_logininfor` (`info_id`, `user_name`, `ipaddr`, `login_location`, `browser`, `os`, `status`, `msg`, `login_time`) VALUES (147, 'ry', '127.0.0.1', '内网IP', 'Chrome 11', 'Mac OS X', '1', '验证码错误', '2023-09-21 09:22:22');
INSERT INTO `sys_logininfor` (`info_id`, `user_name`, `ipaddr`, `login_location`, `browser`, `os`, `status`, `msg`, `login_time`) VALUES (148, 'ry', '127.0.0.1', '内网IP', 'Chrome 11', 'Mac OS X', '0', '登录成功', '2023-09-21 09:22:23');
INSERT INTO `sys_logininfor` (`info_id`, `user_name`, `ipaddr`, `login_location`, `browser`, `os`, `status`, `msg`, `login_time`) VALUES (149, 'ry', '127.0.0.1', '内网IP', 'Chrome 11', 'Mac OS X', '0', '退出成功', '2023-09-21 09:22:30');
INSERT INTO `sys_logininfor` (`info_id`, `user_name`, `ipaddr`, `login_location`, `browser`, `os`, `status`, `msg`, `login_time`) VALUES (150, 'ry', '127.0.0.1', '内网IP', 'Chrome 11', 'Mac OS X', '1', '验证码错误', '2023-09-21 09:22:33');
INSERT INTO `sys_logininfor` (`info_id`, `user_name`, `ipaddr`, `login_location`, `browser`, `os`, `status`, `msg`, `login_time`) VALUES (151, 'ry', '127.0.0.1', '内网IP', 'Chrome 11', 'Mac OS X', '1', '验证码错误', '2023-09-21 09:22:33');
INSERT INTO `sys_logininfor` (`info_id`, `user_name`, `ipaddr`, `login_location`, `browser`, `os`, `status`, `msg`, `login_time`) VALUES (152, 'ry', '127.0.0.1', '内网IP', 'Chrome 11', 'Mac OS X', '1', '验证码错误', '2023-09-21 09:22:33');
INSERT INTO `sys_logininfor` (`info_id`, `user_name`, `ipaddr`, `login_location`, `browser`, `os`, `status`, `msg`, `login_time`) VALUES (153, 'ry', '127.0.0.1', '内网IP', 'Chrome 11', 'Mac OS X', '1', '验证码错误', '2023-09-21 09:22:34');
INSERT INTO `sys_logininfor` (`info_id`, `user_name`, `ipaddr`, `login_location`, `browser`, `os`, `status`, `msg`, `login_time`) VALUES (154, 'ry', '127.0.0.1', '内网IP', 'Chrome 11', 'Mac OS X', '1', '验证码错误', '2023-09-21 09:22:34');
INSERT INTO `sys_logininfor` (`info_id`, `user_name`, `ipaddr`, `login_location`, `browser`, `os`, `status`, `msg`, `login_time`) VALUES (155, 'ry', '127.0.0.1', '内网IP', 'Chrome 11', 'Mac OS X', '1', '验证码错误', '2023-09-21 09:22:34');
INSERT INTO `sys_logininfor` (`info_id`, `user_name`, `ipaddr`, `login_location`, `browser`, `os`, `status`, `msg`, `login_time`) VALUES (156, 'ry', '127.0.0.1', '内网IP', 'Chrome 11', 'Mac OS X', '1', '验证码错误', '2023-09-21 09:22:34');
INSERT INTO `sys_logininfor` (`info_id`, `user_name`, `ipaddr`, `login_location`, `browser`, `os`, `status`, `msg`, `login_time`) VALUES (157, 'ry', '127.0.0.1', '内网IP', 'Chrome 11', 'Mac OS X', '1', '验证码错误', '2023-09-21 09:22:34');
INSERT INTO `sys_logininfor` (`info_id`, `user_name`, `ipaddr`, `login_location`, `browser`, `os`, `status`, `msg`, `login_time`) VALUES (158, 'ry', '127.0.0.1', '内网IP', 'Chrome 11', 'Mac OS X', '1', '验证码错误', '2023-09-21 09:22:35');
INSERT INTO `sys_logininfor` (`info_id`, `user_name`, `ipaddr`, `login_location`, `browser`, `os`, `status`, `msg`, `login_time`) VALUES (159, 'ry', '127.0.0.1', '内网IP', 'Chrome 11', 'Mac OS X', '1', '验证码错误', '2023-09-21 09:22:36');
INSERT INTO `sys_logininfor` (`info_id`, `user_name`, `ipaddr`, `login_location`, `browser`, `os`, `status`, `msg`, `login_time`) VALUES (160, 'ry', '127.0.0.1', '内网IP', 'Chrome 11', 'Mac OS X', '1', '验证码错误', '2023-09-21 09:22:37');
INSERT INTO `sys_logininfor` (`info_id`, `user_name`, `ipaddr`, `login_location`, `browser`, `os`, `status`, `msg`, `login_time`) VALUES (161, 'ry', '127.0.0.1', '内网IP', 'Chrome 11', 'Mac OS X', '0', '登录成功', '2023-09-21 09:22:37');
INSERT INTO `sys_logininfor` (`info_id`, `user_name`, `ipaddr`, `login_location`, `browser`, `os`, `status`, `msg`, `login_time`) VALUES (162, 'ry', '127.0.0.1', '内网IP', 'Chrome 11', 'Mac OS X', '0', '退出成功', '2023-09-21 09:22:41');
INSERT INTO `sys_logininfor` (`info_id`, `user_name`, `ipaddr`, `login_location`, `browser`, `os`, `status`, `msg`, `login_time`) VALUES (163, 'ry', '127.0.0.1', '内网IP', 'Chrome 11', 'Mac OS X', '1', '验证码错误', '2023-09-21 09:22:44');
INSERT INTO `sys_logininfor` (`info_id`, `user_name`, `ipaddr`, `login_location`, `browser`, `os`, `status`, `msg`, `login_time`) VALUES (164, 'ry', '127.0.0.1', '内网IP', 'Chrome 11', 'Mac OS X', '1', '验证码错误', '2023-09-21 09:22:45');
INSERT INTO `sys_logininfor` (`info_id`, `user_name`, `ipaddr`, `login_location`, `browser`, `os`, `status`, `msg`, `login_time`) VALUES (165, 'ry', '127.0.0.1', '内网IP', 'Chrome 11', 'Mac OS X', '1', '验证码错误', '2023-09-21 09:22:45');
INSERT INTO `sys_logininfor` (`info_id`, `user_name`, `ipaddr`, `login_location`, `browser`, `os`, `status`, `msg`, `login_time`) VALUES (166, 'ry', '127.0.0.1', '内网IP', 'Chrome 11', 'Mac OS X', '1', '验证码错误', '2023-09-21 09:22:45');
INSERT INTO `sys_logininfor` (`info_id`, `user_name`, `ipaddr`, `login_location`, `browser`, `os`, `status`, `msg`, `login_time`) VALUES (167, 'ry', '127.0.0.1', '内网IP', 'Chrome 11', 'Mac OS X', '1', '验证码错误', '2023-09-21 09:22:45');
INSERT INTO `sys_logininfor` (`info_id`, `user_name`, `ipaddr`, `login_location`, `browser`, `os`, `status`, `msg`, `login_time`) VALUES (168, 'ry', '127.0.0.1', '内网IP', 'Chrome 11', 'Mac OS X', '1', '验证码错误', '2023-09-21 09:22:45');
INSERT INTO `sys_logininfor` (`info_id`, `user_name`, `ipaddr`, `login_location`, `browser`, `os`, `status`, `msg`, `login_time`) VALUES (169, 'ry', '127.0.0.1', '内网IP', 'Chrome 11', 'Mac OS X', '1', '验证码错误', '2023-09-21 09:22:45');
INSERT INTO `sys_logininfor` (`info_id`, `user_name`, `ipaddr`, `login_location`, `browser`, `os`, `status`, `msg`, `login_time`) VALUES (170, 'ry', '127.0.0.1', '内网IP', 'Chrome 11', 'Mac OS X', '1', '验证码错误', '2023-09-21 09:22:46');
INSERT INTO `sys_logininfor` (`info_id`, `user_name`, `ipaddr`, `login_location`, `browser`, `os`, `status`, `msg`, `login_time`) VALUES (171, 'ry', '127.0.0.1', '内网IP', 'Chrome 11', 'Mac OS X', '1', '验证码错误', '2023-09-21 09:22:46');
INSERT INTO `sys_logininfor` (`info_id`, `user_name`, `ipaddr`, `login_location`, `browser`, `os`, `status`, `msg`, `login_time`) VALUES (172, 'ry', '127.0.0.1', '内网IP', 'Chrome 11', 'Mac OS X', '1', '验证码错误', '2023-09-21 09:22:47');
INSERT INTO `sys_logininfor` (`info_id`, `user_name`, `ipaddr`, `login_location`, `browser`, `os`, `status`, `msg`, `login_time`) VALUES (173, 'ry', '127.0.0.1', '内网IP', 'Chrome 11', 'Mac OS X', '1', '验证码错误', '2023-09-21 09:22:47');
INSERT INTO `sys_logininfor` (`info_id`, `user_name`, `ipaddr`, `login_location`, `browser`, `os`, `status`, `msg`, `login_time`) VALUES (174, 'ry', '127.0.0.1', '内网IP', 'Chrome 11', 'Mac OS X', '1', '验证码错误', '2023-09-21 09:22:47');
INSERT INTO `sys_logininfor` (`info_id`, `user_name`, `ipaddr`, `login_location`, `browser`, `os`, `status`, `msg`, `login_time`) VALUES (175, 'ry', '127.0.0.1', '内网IP', 'Chrome 11', 'Mac OS X', '1', '验证码错误', '2023-09-21 09:22:48');
INSERT INTO `sys_logininfor` (`info_id`, `user_name`, `ipaddr`, `login_location`, `browser`, `os`, `status`, `msg`, `login_time`) VALUES (176, 'ry', '127.0.0.1', '内网IP', 'Chrome 11', 'Mac OS X', '1', '验证码错误', '2023-09-21 09:22:49');
INSERT INTO `sys_logininfor` (`info_id`, `user_name`, `ipaddr`, `login_location`, `browser`, `os`, `status`, `msg`, `login_time`) VALUES (177, 'ry', '127.0.0.1', '内网IP', 'Chrome 11', 'Mac OS X', '1', '验证码错误', '2023-09-21 09:22:49');
INSERT INTO `sys_logininfor` (`info_id`, `user_name`, `ipaddr`, `login_location`, `browser`, `os`, `status`, `msg`, `login_time`) VALUES (178, 'ry', '127.0.0.1', '内网IP', 'Chrome 11', 'Mac OS X', '1', '验证码错误', '2023-09-21 09:22:49');
INSERT INTO `sys_logininfor` (`info_id`, `user_name`, `ipaddr`, `login_location`, `browser`, `os`, `status`, `msg`, `login_time`) VALUES (179, 'ry', '127.0.0.1', '内网IP', 'Chrome 11', 'Mac OS X', '1', '验证码错误', '2023-09-21 09:22:49');
INSERT INTO `sys_logininfor` (`info_id`, `user_name`, `ipaddr`, `login_location`, `browser`, `os`, `status`, `msg`, `login_time`) VALUES (180, 'ry', '127.0.0.1', '内网IP', 'Chrome 11', 'Mac OS X', '1', '验证码错误', '2023-09-21 09:22:50');
INSERT INTO `sys_logininfor` (`info_id`, `user_name`, `ipaddr`, `login_location`, `browser`, `os`, `status`, `msg`, `login_time`) VALUES (181, 'ry', '127.0.0.1', '内网IP', 'Chrome 11', 'Mac OS X', '1', '验证码错误', '2023-09-21 09:22:50');
INSERT INTO `sys_logininfor` (`info_id`, `user_name`, `ipaddr`, `login_location`, `browser`, `os`, `status`, `msg`, `login_time`) VALUES (182, 'ry', '127.0.0.1', '内网IP', 'Chrome 11', 'Mac OS X', '1', '验证码错误', '2023-09-21 09:22:50');
INSERT INTO `sys_logininfor` (`info_id`, `user_name`, `ipaddr`, `login_location`, `browser`, `os`, `status`, `msg`, `login_time`) VALUES (183, 'ry', '127.0.0.1', '内网IP', 'Chrome 11', 'Mac OS X', '1', '验证码错误', '2023-09-21 09:22:50');
INSERT INTO `sys_logininfor` (`info_id`, `user_name`, `ipaddr`, `login_location`, `browser`, `os`, `status`, `msg`, `login_time`) VALUES (184, 'ry', '127.0.0.1', '内网IP', 'Chrome 11', 'Mac OS X', '1', '验证码错误', '2023-09-21 09:22:52');
INSERT INTO `sys_logininfor` (`info_id`, `user_name`, `ipaddr`, `login_location`, `browser`, `os`, `status`, `msg`, `login_time`) VALUES (185, 'ry', '127.0.0.1', '内网IP', 'Chrome 11', 'Mac OS X', '1', '验证码错误', '2023-09-21 09:22:52');
INSERT INTO `sys_logininfor` (`info_id`, `user_name`, `ipaddr`, `login_location`, `browser`, `os`, `status`, `msg`, `login_time`) VALUES (186, 'ry', '127.0.0.1', '内网IP', 'Chrome 11', 'Mac OS X', '1', '验证码错误', '2023-09-21 09:22:52');
INSERT INTO `sys_logininfor` (`info_id`, `user_name`, `ipaddr`, `login_location`, `browser`, `os`, `status`, `msg`, `login_time`) VALUES (187, 'ry', '127.0.0.1', '内网IP', 'Chrome 11', 'Mac OS X', '1', '验证码错误', '2023-09-21 09:22:52');
INSERT INTO `sys_logininfor` (`info_id`, `user_name`, `ipaddr`, `login_location`, `browser`, `os`, `status`, `msg`, `login_time`) VALUES (188, 'ry', '127.0.0.1', '内网IP', 'Chrome 11', 'Mac OS X', '1', '验证码错误', '2023-09-21 09:22:53');
INSERT INTO `sys_logininfor` (`info_id`, `user_name`, `ipaddr`, `login_location`, `browser`, `os`, `status`, `msg`, `login_time`) VALUES (189, 'ry', '127.0.0.1', '内网IP', 'Chrome 11', 'Mac OS X', '1', '验证码错误', '2023-09-21 09:22:54');
INSERT INTO `sys_logininfor` (`info_id`, `user_name`, `ipaddr`, `login_location`, `browser`, `os`, `status`, `msg`, `login_time`) VALUES (190, 'ry', '127.0.0.1', '内网IP', 'Chrome 11', 'Mac OS X', '1', '验证码错误', '2023-09-21 09:22:54');
INSERT INTO `sys_logininfor` (`info_id`, `user_name`, `ipaddr`, `login_location`, `browser`, `os`, `status`, `msg`, `login_time`) VALUES (191, 'ry', '127.0.0.1', '内网IP', 'Chrome 11', 'Mac OS X', '1', '验证码错误', '2023-09-21 09:26:14');
INSERT INTO `sys_logininfor` (`info_id`, `user_name`, `ipaddr`, `login_location`, `browser`, `os`, `status`, `msg`, `login_time`) VALUES (192, 'ry', '127.0.0.1', '内网IP', 'Chrome 11', 'Mac OS X', '1', '验证码错误', '2023-09-21 09:26:15');
INSERT INTO `sys_logininfor` (`info_id`, `user_name`, `ipaddr`, `login_location`, `browser`, `os`, `status`, `msg`, `login_time`) VALUES (193, 'ry', '127.0.0.1', '内网IP', 'Chrome 11', 'Mac OS X', '1', '验证码错误', '2023-09-21 09:26:15');
INSERT INTO `sys_logininfor` (`info_id`, `user_name`, `ipaddr`, `login_location`, `browser`, `os`, `status`, `msg`, `login_time`) VALUES (194, 'ry', '127.0.0.1', '内网IP', 'Chrome 11', 'Mac OS X', '1', '验证码已失效', '2023-09-21 11:15:08');
INSERT INTO `sys_logininfor` (`info_id`, `user_name`, `ipaddr`, `login_location`, `browser`, `os`, `status`, `msg`, `login_time`) VALUES (195, 'ry', '127.0.0.1', '内网IP', 'Chrome 11', 'Mac OS X', '0', '登录成功', '2023-09-21 11:15:13');
INSERT INTO `sys_logininfor` (`info_id`, `user_name`, `ipaddr`, `login_location`, `browser`, `os`, `status`, `msg`, `login_time`) VALUES (196, 'ry', '127.0.0.1', '内网IP', 'Chrome 11', 'Mac OS X', '0', '退出成功', '2023-09-21 11:15:23');
INSERT INTO `sys_logininfor` (`info_id`, `user_name`, `ipaddr`, `login_location`, `browser`, `os`, `status`, `msg`, `login_time`) VALUES (197, 'ry', '127.0.0.1', '内网IP', 'Chrome 11', 'Mac OS X', '1', '验证码已失效', '2023-09-21 11:19:41');
INSERT INTO `sys_logininfor` (`info_id`, `user_name`, `ipaddr`, `login_location`, `browser`, `os`, `status`, `msg`, `login_time`) VALUES (198, 'ry', '127.0.0.1', '内网IP', 'Chrome 11', 'Mac OS X', '0', '登录成功', '2023-09-21 11:19:46');
INSERT INTO `sys_logininfor` (`info_id`, `user_name`, `ipaddr`, `login_location`, `browser`, `os`, `status`, `msg`, `login_time`) VALUES (199, 'ry', '127.0.0.1', '内网IP', 'Chrome 11', 'Mac OS X', '0', '退出成功', '2023-09-21 11:19:51');
INSERT INTO `sys_logininfor` (`info_id`, `user_name`, `ipaddr`, `login_location`, `browser`, `os`, `status`, `msg`, `login_time`) VALUES (200, 'ry', '127.0.0.1', '内网IP', 'Chrome 11', 'Mac OS X', '0', '登录成功', '2023-09-28 11:01:05');
INSERT INTO `sys_logininfor` (`info_id`, `user_name`, `ipaddr`, `login_location`, `browser`, `os`, `status`, `msg`, `login_time`) VALUES (201, 'ry', '127.0.0.1', '内网IP', 'Chrome 11', 'Mac OS X', '0', '登录成功', '2023-10-05 15:31:33');
INSERT INTO `sys_logininfor` (`info_id`, `user_name`, `ipaddr`, `login_location`, `browser`, `os`, `status`, `msg`, `login_time`) VALUES (202, 'ry', '127.0.0.1', '内网IP', 'Chrome 11', 'Mac OS X', '0', '退出成功', '2023-10-05 15:57:53');
INSERT INTO `sys_logininfor` (`info_id`, `user_name`, `ipaddr`, `login_location`, `browser`, `os`, `status`, `msg`, `login_time`) VALUES (203, 'disda', '127.0.0.1', '内网IP', 'Chrome 11', 'Mac OS X', '0', '注册成功', '2023-10-05 16:04:12');
INSERT INTO `sys_logininfor` (`info_id`, `user_name`, `ipaddr`, `login_location`, `browser`, `os`, `status`, `msg`, `login_time`) VALUES (204, 'disda', '127.0.0.1', '内网IP', 'Chrome 11', 'Mac OS X', '0', '登录成功', '2023-10-05 16:04:26');
INSERT INTO `sys_logininfor` (`info_id`, `user_name`, `ipaddr`, `login_location`, `browser`, `os`, `status`, `msg`, `login_time`) VALUES (205, 'disda', '127.0.0.1', '内网IP', 'Chrome 11', 'Mac OS X', '0', '退出成功', '2023-10-05 16:04:37');
INSERT INTO `sys_logininfor` (`info_id`, `user_name`, `ipaddr`, `login_location`, `browser`, `os`, `status`, `msg`, `login_time`) VALUES (206, 'disda', '127.0.0.1', '内网IP', 'Chrome 11', 'Mac OS X', '0', '登录成功', '2023-10-08 10:46:21');
INSERT INTO `sys_logininfor` (`info_id`, `user_name`, `ipaddr`, `login_location`, `browser`, `os`, `status`, `msg`, `login_time`) VALUES (207, 'disda', '127.0.0.1', '内网IP', 'Chrome 11', 'Mac OS X', '0', '退出成功', '2023-10-08 10:49:56');
INSERT INTO `sys_logininfor` (`info_id`, `user_name`, `ipaddr`, `login_location`, `browser`, `os`, `status`, `msg`, `login_time`) VALUES (208, 'admin', '127.0.0.1', '内网IP', 'Chrome 11', 'Mac OS X', '0', '登录成功', '2023-10-08 10:50:03');
INSERT INTO `sys_logininfor` (`info_id`, `user_name`, `ipaddr`, `login_location`, `browser`, `os`, `status`, `msg`, `login_time`) VALUES (209, 'admin', '127.0.0.1', '内网IP', 'Chrome 11', 'Mac OS X', '0', '登录成功', '2023-10-09 14:31:27');
INSERT INTO `sys_logininfor` (`info_id`, `user_name`, `ipaddr`, `login_location`, `browser`, `os`, `status`, `msg`, `login_time`) VALUES (210, 'admin', '127.0.0.1', '内网IP', 'Chrome 11', 'Mac OS X', '0', '登录成功', '2023-10-11 16:37:00');
INSERT INTO `sys_logininfor` (`info_id`, `user_name`, `ipaddr`, `login_location`, `browser`, `os`, `status`, `msg`, `login_time`) VALUES (211, 'admin', '127.0.0.1', '内网IP', 'Chrome 11', 'Mac OS X', '0', '登录成功', '2023-10-13 10:44:51');
INSERT INTO `sys_logininfor` (`info_id`, `user_name`, `ipaddr`, `login_location`, `browser`, `os`, `status`, `msg`, `login_time`) VALUES (212, 'admin', '127.0.0.1', '内网IP', 'Chrome 11', 'Mac OS X', '0', '退出成功', '2023-10-13 10:45:09');
INSERT INTO `sys_logininfor` (`info_id`, `user_name`, `ipaddr`, `login_location`, `browser`, `os`, `status`, `msg`, `login_time`) VALUES (213, 'disda', '127.0.0.1', '内网IP', 'Chrome 11', 'Mac OS X', '1', '验证码错误', '2023-10-13 10:45:19');
INSERT INTO `sys_logininfor` (`info_id`, `user_name`, `ipaddr`, `login_location`, `browser`, `os`, `status`, `msg`, `login_time`) VALUES (214, 'disda', '127.0.0.1', '内网IP', 'Chrome 11', 'Mac OS X', '0', '登录成功', '2023-10-13 10:45:27');
INSERT INTO `sys_logininfor` (`info_id`, `user_name`, `ipaddr`, `login_location`, `browser`, `os`, `status`, `msg`, `login_time`) VALUES (215, 'admin', '127.0.0.1', '内网IP', 'Chrome 12', 'Mac OS X', '0', '登录成功', '2024-01-08 11:22:03');
INSERT INTO `sys_logininfor` (`info_id`, `user_name`, `ipaddr`, `login_location`, `browser`, `os`, `status`, `msg`, `login_time`) VALUES (216, 'admin', '127.0.0.1', '内网IP', 'Chrome 12', 'Mac OS X', '0', '登录成功', '2024-01-17 10:14:50');
INSERT INTO `sys_logininfor` (`info_id`, `user_name`, `ipaddr`, `login_location`, `browser`, `os`, `status`, `msg`, `login_time`) VALUES (217, 'admin', '127.0.0.1', '内网IP', 'Chrome 12', 'Mac OS X', '0', '登录成功', '2024-01-17 14:44:00');
INSERT INTO `sys_logininfor` (`info_id`, `user_name`, `ipaddr`, `login_location`, `browser`, `os`, `status`, `msg`, `login_time`) VALUES (218, 'admin', '127.0.0.1', '内网IP', 'Chrome 12', 'Mac OS X', '0', '登录成功', '2024-02-02 09:46:30');
INSERT INTO `sys_logininfor` (`info_id`, `user_name`, `ipaddr`, `login_location`, `browser`, `os`, `status`, `msg`, `login_time`) VALUES (219, 'admin', '127.0.0.1', '内网IP', 'Chrome 12', 'Mac OS X', '0', '登录成功', '2024-02-07 16:58:11');
INSERT INTO `sys_logininfor` (`info_id`, `user_name`, `ipaddr`, `login_location`, `browser`, `os`, `status`, `msg`, `login_time`) VALUES (220, 'admin', '127.0.0.1', '内网IP', 'Chrome 12', 'Mac OS X', '0', '退出成功', '2024-02-07 16:58:32');
INSERT INTO `sys_logininfor` (`info_id`, `user_name`, `ipaddr`, `login_location`, `browser`, `os`, `status`, `msg`, `login_time`) VALUES (221, 'admin', '127.0.0.1', '内网IP', 'Chrome 12', 'Mac OS X', '1', NULL, '2024-02-07 17:15:55');
INSERT INTO `sys_logininfor` (`info_id`, `user_name`, `ipaddr`, `login_location`, `browser`, `os`, `status`, `msg`, `login_time`) VALUES (222, 'admin', '127.0.0.1', '内网IP', 'Chrome 12', 'Mac OS X', '1', NULL, '2024-02-07 17:15:56');
INSERT INTO `sys_logininfor` (`info_id`, `user_name`, `ipaddr`, `login_location`, `browser`, `os`, `status`, `msg`, `login_time`) VALUES (223, 'admin', '127.0.0.1', '内网IP', 'Chrome 12', 'Mac OS X', '1', NULL, '2024-02-07 17:15:59');
INSERT INTO `sys_logininfor` (`info_id`, `user_name`, `ipaddr`, `login_location`, `browser`, `os`, `status`, `msg`, `login_time`) VALUES (224, 'admin', '127.0.0.1', '内网IP', 'Chrome 12', 'Mac OS X', '1', NULL, '2024-02-07 17:17:41');
INSERT INTO `sys_logininfor` (`info_id`, `user_name`, `ipaddr`, `login_location`, `browser`, `os`, `status`, `msg`, `login_time`) VALUES (225, 'admin', '127.0.0.1', '内网IP', 'Chrome 12', 'Mac OS X', '1', NULL, '2024-02-07 17:18:58');
INSERT INTO `sys_logininfor` (`info_id`, `user_name`, `ipaddr`, `login_location`, `browser`, `os`, `status`, `msg`, `login_time`) VALUES (226, 'admin', '127.0.0.1', '内网IP', 'Chrome 12', 'Mac OS X', '1', NULL, '2024-02-07 17:19:00');
INSERT INTO `sys_logininfor` (`info_id`, `user_name`, `ipaddr`, `login_location`, `browser`, `os`, `status`, `msg`, `login_time`) VALUES (227, 'admin', '127.0.0.1', '内网IP', 'Chrome 12', 'Mac OS X', '0', '登录成功', '2024-02-07 17:21:51');
INSERT INTO `sys_logininfor` (`info_id`, `user_name`, `ipaddr`, `login_location`, `browser`, `os`, `status`, `msg`, `login_time`) VALUES (228, 'admin', '127.0.0.1', '内网IP', 'Chrome 12', 'Mac OS X', '1', '解密字符串[userNotFoundPassword]时遇到异常', '2024-02-08 17:44:09');
INSERT INTO `sys_logininfor` (`info_id`, `user_name`, `ipaddr`, `login_location`, `browser`, `os`, `status`, `msg`, `login_time`) VALUES (229, 'admin', '127.0.0.1', '内网IP', 'Chrome 12', 'Mac OS X', '0', '登录成功', '2024-02-08 17:45:59');
INSERT INTO `sys_logininfor` (`info_id`, `user_name`, `ipaddr`, `login_location`, `browser`, `os`, `status`, `msg`, `login_time`) VALUES (230, 'admin', '127.0.0.1', '内网IP', 'Chrome 12', 'Mac OS X', '0', '登录成功', '2024-02-09 00:08:10');
INSERT INTO `sys_logininfor` (`info_id`, `user_name`, `ipaddr`, `login_location`, `browser`, `os`, `status`, `msg`, `login_time`) VALUES (231, 'admin', '127.0.0.1', '内网IP', 'Chrome 12', 'Mac OS X', '0', '退出成功', '2024-02-09 00:08:22');
INSERT INTO `sys_logininfor` (`info_id`, `user_name`, `ipaddr`, `login_location`, `browser`, `os`, `status`, `msg`, `login_time`) VALUES (232, 'admin', '127.0.0.1', '内网IP', 'Chrome 12', 'Mac OS X', '0', '登录成功', '2024-02-09 09:44:16');
INSERT INTO `sys_logininfor` (`info_id`, `user_name`, `ipaddr`, `login_location`, `browser`, `os`, `status`, `msg`, `login_time`) VALUES (233, 'admin', '127.0.0.1', '内网IP', 'Chrome 12', 'Mac OS X', '0', '登录成功', '2024-02-12 12:05:19');
INSERT INTO `sys_logininfor` (`info_id`, `user_name`, `ipaddr`, `login_location`, `browser`, `os`, `status`, `msg`, `login_time`) VALUES (234, 'admin', '127.0.0.1', '内网IP', 'Chrome 12', 'Mac OS X', '0', '退出成功', '2024-02-12 12:12:02');
INSERT INTO `sys_logininfor` (`info_id`, `user_name`, `ipaddr`, `login_location`, `browser`, `os`, `status`, `msg`, `login_time`) VALUES (235, 'disda', '127.0.0.1', '内网IP', 'Chrome 12', 'Mac OS X', '1', '密码输入错误1次', '2024-02-12 12:12:06');
INSERT INTO `sys_logininfor` (`info_id`, `user_name`, `ipaddr`, `login_location`, `browser`, `os`, `status`, `msg`, `login_time`) VALUES (236, 'disda', '127.0.0.1', '内网IP', 'Chrome 12', 'Mac OS X', '1', '用户不存在/密码错误', '2024-02-12 12:12:06');
INSERT INTO `sys_logininfor` (`info_id`, `user_name`, `ipaddr`, `login_location`, `browser`, `os`, `status`, `msg`, `login_time`) VALUES (237, 'disda', '127.0.0.1', '内网IP', 'Chrome 12', 'Mac OS X', '1', '用户不存在/密码错误', '2024-02-12 12:12:10');
INSERT INTO `sys_logininfor` (`info_id`, `user_name`, `ipaddr`, `login_location`, `browser`, `os`, `status`, `msg`, `login_time`) VALUES (238, 'disda', '127.0.0.1', '内网IP', 'Chrome 12', 'Mac OS X', '1', '密码输入错误2次', '2024-02-12 12:12:10');
INSERT INTO `sys_logininfor` (`info_id`, `user_name`, `ipaddr`, `login_location`, `browser`, `os`, `status`, `msg`, `login_time`) VALUES (239, 'disda', '127.0.0.1', '内网IP', 'Chrome 12', 'Mac OS X', '1', '密码输入错误3次', '2024-02-12 12:12:14');
INSERT INTO `sys_logininfor` (`info_id`, `user_name`, `ipaddr`, `login_location`, `browser`, `os`, `status`, `msg`, `login_time`) VALUES (240, 'disda', '127.0.0.1', '内网IP', 'Chrome 12', 'Mac OS X', '1', '用户不存在/密码错误', '2024-02-12 12:12:14');
INSERT INTO `sys_logininfor` (`info_id`, `user_name`, `ipaddr`, `login_location`, `browser`, `os`, `status`, `msg`, `login_time`) VALUES (241, 'disda', '127.0.0.1', '内网IP', 'Chrome 12', 'Mac OS X', '1', '密码输入错误4次', '2024-02-12 12:12:32');
INSERT INTO `sys_logininfor` (`info_id`, `user_name`, `ipaddr`, `login_location`, `browser`, `os`, `status`, `msg`, `login_time`) VALUES (242, 'disda', '127.0.0.1', '内网IP', 'Chrome 12', 'Mac OS X', '1', '用户不存在/密码错误', '2024-02-12 12:12:32');
INSERT INTO `sys_logininfor` (`info_id`, `user_name`, `ipaddr`, `login_location`, `browser`, `os`, `status`, `msg`, `login_time`) VALUES (243, 'disda', '127.0.0.1', '内网IP', 'Chrome 12', 'Mac OS X', '0', '登录成功', '2024-02-12 12:12:40');
INSERT INTO `sys_logininfor` (`info_id`, `user_name`, `ipaddr`, `login_location`, `browser`, `os`, `status`, `msg`, `login_time`) VALUES (244, 'disda', '127.0.0.1', '内网IP', 'Chrome 12', 'Mac OS X', '0', '退出成功', '2024-02-12 12:21:35');
INSERT INTO `sys_logininfor` (`info_id`, `user_name`, `ipaddr`, `login_location`, `browser`, `os`, `status`, `msg`, `login_time`) VALUES (245, 'admin', '127.0.0.1', '内网IP', 'Chrome 12', 'Mac OS X', '0', '登录成功', '2024-02-12 12:21:37');
INSERT INTO `sys_logininfor` (`info_id`, `user_name`, `ipaddr`, `login_location`, `browser`, `os`, `status`, `msg`, `login_time`) VALUES (246, 'admin', '127.0.0.1', '内网IP', 'Chrome 12', 'Mac OS X', '0', '登录成功', '2024-02-12 12:58:10');
INSERT INTO `sys_logininfor` (`info_id`, `user_name`, `ipaddr`, `login_location`, `browser`, `os`, `status`, `msg`, `login_time`) VALUES (247, 'admin', '127.0.0.1', '内网IP', 'Chrome 12', 'Mac OS X', '0', '登录成功', '2024-02-18 08:16:28');
INSERT INTO `sys_logininfor` (`info_id`, `user_name`, `ipaddr`, `login_location`, `browser`, `os`, `status`, `msg`, `login_time`) VALUES (248, 'admin', '127.0.0.1', '内网IP', 'Chrome 12', 'Mac OS X', '0', '登录成功', '2024-02-19 16:53:57');
INSERT INTO `sys_logininfor` (`info_id`, `user_name`, `ipaddr`, `login_location`, `browser`, `os`, `status`, `msg`, `login_time`) VALUES (249, 'admin', '127.0.0.1', '内网IP', 'Chrome 12', 'Mac OS X', '0', '退出成功', '2024-02-19 17:02:36');
INSERT INTO `sys_logininfor` (`info_id`, `user_name`, `ipaddr`, `login_location`, `browser`, `os`, `status`, `msg`, `login_time`) VALUES (250, 'admin', '127.0.0.1', '内网IP', 'Chrome 12', 'Mac OS X', '0', '登录成功', '2024-02-19 17:02:37');
INSERT INTO `sys_logininfor` (`info_id`, `user_name`, `ipaddr`, `login_location`, `browser`, `os`, `status`, `msg`, `login_time`) VALUES (251, 'admin', '127.0.0.1', '内网IP', 'Chrome 12', 'Mac OS X', '0', '登录成功', '2024-02-21 09:09:14');
INSERT INTO `sys_logininfor` (`info_id`, `user_name`, `ipaddr`, `login_location`, `browser`, `os`, `status`, `msg`, `login_time`) VALUES (252, 'admin', '127.0.0.1', '内网IP', 'Chrome 12', 'Mac OS X', '0', '登录成功', '2024-02-21 09:25:57');
INSERT INTO `sys_logininfor` (`info_id`, `user_name`, `ipaddr`, `login_location`, `browser`, `os`, `status`, `msg`, `login_time`) VALUES (253, 'admin', '127.0.0.1', '内网IP', 'Chrome 12', 'Mac OS X', '0', '登录成功', '2024-02-21 14:38:47');
INSERT INTO `sys_logininfor` (`info_id`, `user_name`, `ipaddr`, `login_location`, `browser`, `os`, `status`, `msg`, `login_time`) VALUES (254, 'admin', '127.0.0.1', '内网IP', 'Chrome 12', 'Mac OS X', '0', '登录成功', '2024-02-21 17:25:14');
INSERT INTO `sys_logininfor` (`info_id`, `user_name`, `ipaddr`, `login_location`, `browser`, `os`, `status`, `msg`, `login_time`) VALUES (255, 'admin', '127.0.0.1', '内网IP', 'Chrome 12', 'Mac OS X', '0', '登录成功', '2024-02-22 08:04:37');
INSERT INTO `sys_logininfor` (`info_id`, `user_name`, `ipaddr`, `login_location`, `browser`, `os`, `status`, `msg`, `login_time`) VALUES (256, 'admin', '127.0.0.1', '内网IP', 'Chrome 12', 'Mac OS X', '0', '登录成功', '2024-02-22 09:00:35');
INSERT INTO `sys_logininfor` (`info_id`, `user_name`, `ipaddr`, `login_location`, `browser`, `os`, `status`, `msg`, `login_time`) VALUES (257, 'admin', '127.0.0.1', '内网IP', 'Chrome 12', 'Mac OS X', '0', '登录成功', '2024-02-22 09:32:52');
INSERT INTO `sys_logininfor` (`info_id`, `user_name`, `ipaddr`, `login_location`, `browser`, `os`, `status`, `msg`, `login_time`) VALUES (258, 'admin', '127.0.0.1', '内网IP', 'Chrome 12', 'Mac OS X', '0', '登录成功', '2024-02-22 10:55:38');
INSERT INTO `sys_logininfor` (`info_id`, `user_name`, `ipaddr`, `login_location`, `browser`, `os`, `status`, `msg`, `login_time`) VALUES (259, 'admin', '127.0.0.1', '内网IP', 'Chrome 12', 'Mac OS X', '0', '登录成功', '2024-02-22 14:38:29');
INSERT INTO `sys_logininfor` (`info_id`, `user_name`, `ipaddr`, `login_location`, `browser`, `os`, `status`, `msg`, `login_time`) VALUES (260, 'admin', '127.0.0.1', '内网IP', 'Chrome 12', 'Mac OS X', '0', '登录成功', '2024-02-22 16:29:05');
INSERT INTO `sys_logininfor` (`info_id`, `user_name`, `ipaddr`, `login_location`, `browser`, `os`, `status`, `msg`, `login_time`) VALUES (261, 'admin', '127.0.0.1', '内网IP', 'Chrome 12', 'Mac OS X', '0', '登录成功', '2024-02-23 08:07:37');
INSERT INTO `sys_logininfor` (`info_id`, `user_name`, `ipaddr`, `login_location`, `browser`, `os`, `status`, `msg`, `login_time`) VALUES (262, 'admin', '127.0.0.1', '内网IP', 'Chrome 12', 'Mac OS X', '0', '登录成功', '2024-02-23 09:22:28');
INSERT INTO `sys_logininfor` (`info_id`, `user_name`, `ipaddr`, `login_location`, `browser`, `os`, `status`, `msg`, `login_time`) VALUES (263, 'admin', '127.0.0.1', '内网IP', 'Chrome 12', 'Mac OS X', '0', '登录成功', '2024-02-23 09:46:03');
INSERT INTO `sys_logininfor` (`info_id`, `user_name`, `ipaddr`, `login_location`, `browser`, `os`, `status`, `msg`, `login_time`) VALUES (264, 'admin', '127.0.0.1', '内网IP', 'Chrome 12', 'Mac OS X', '0', '登录成功', '2024-02-23 09:59:11');
INSERT INTO `sys_logininfor` (`info_id`, `user_name`, `ipaddr`, `login_location`, `browser`, `os`, `status`, `msg`, `login_time`) VALUES (265, 'admin', '127.0.0.1', '内网IP', 'Chrome 12', 'Mac OS X', '0', '登录成功', '2024-02-23 10:07:56');
INSERT INTO `sys_logininfor` (`info_id`, `user_name`, `ipaddr`, `login_location`, `browser`, `os`, `status`, `msg`, `login_time`) VALUES (266, 'admin', '127.0.0.1', '内网IP', 'Chrome 12', 'Mac OS X', '0', '登录成功', '2024-02-23 14:38:41');
INSERT INTO `sys_logininfor` (`info_id`, `user_name`, `ipaddr`, `login_location`, `browser`, `os`, `status`, `msg`, `login_time`) VALUES (267, 'admin', '127.0.0.1', '内网IP', 'Chrome 12', 'Mac OS X', '0', '登录成功', '2024-02-23 16:02:46');
INSERT INTO `sys_logininfor` (`info_id`, `user_name`, `ipaddr`, `login_location`, `browser`, `os`, `status`, `msg`, `login_time`) VALUES (268, 'admin', '127.0.0.1', '内网IP', 'Chrome 12', 'Mac OS X', '0', '登录成功', '2024-02-23 17:30:15');
INSERT INTO `sys_logininfor` (`info_id`, `user_name`, `ipaddr`, `login_location`, `browser`, `os`, `status`, `msg`, `login_time`) VALUES (269, 'admin', '127.0.0.1', '内网IP', 'Chrome 12', 'Mac OS X', '0', '登录成功', '2024-02-26 08:09:25');
INSERT INTO `sys_logininfor` (`info_id`, `user_name`, `ipaddr`, `login_location`, `browser`, `os`, `status`, `msg`, `login_time`) VALUES (270, 'admin', '127.0.0.1', '内网IP', 'Chrome 12', 'Mac OS X', '0', '登录成功', '2024-02-26 14:33:15');
INSERT INTO `sys_logininfor` (`info_id`, `user_name`, `ipaddr`, `login_location`, `browser`, `os`, `status`, `msg`, `login_time`) VALUES (271, 'admin', '127.0.0.1', '内网IP', 'Chrome 12', 'Mac OS X', '0', '登录成功', '2024-02-27 07:57:54');
INSERT INTO `sys_logininfor` (`info_id`, `user_name`, `ipaddr`, `login_location`, `browser`, `os`, `status`, `msg`, `login_time`) VALUES (272, 'admin', '127.0.0.1', '内网IP', 'Chrome 12', 'Mac OS X', '0', '登录成功', '2024-02-27 10:06:35');
INSERT INTO `sys_logininfor` (`info_id`, `user_name`, `ipaddr`, `login_location`, `browser`, `os`, `status`, `msg`, `login_time`) VALUES (273, 'admin', '127.0.0.1', '内网IP', 'Chrome 12', 'Mac OS X', '0', '登录成功', '2024-02-27 11:26:21');
INSERT INTO `sys_logininfor` (`info_id`, `user_name`, `ipaddr`, `login_location`, `browser`, `os`, `status`, `msg`, `login_time`) VALUES (274, 'admin', '127.0.0.1', '内网IP', 'Chrome 12', 'Mac OS X', '0', '登录成功', '2024-02-27 15:50:19');
INSERT INTO `sys_logininfor` (`info_id`, `user_name`, `ipaddr`, `login_location`, `browser`, `os`, `status`, `msg`, `login_time`) VALUES (275, 'admin', '127.0.0.1', '内网IP', 'Chrome 12', 'Mac OS X', '0', '登录成功', '2024-02-27 15:50:28');
INSERT INTO `sys_logininfor` (`info_id`, `user_name`, `ipaddr`, `login_location`, `browser`, `os`, `status`, `msg`, `login_time`) VALUES (276, 'admin', '127.0.0.1', '内网IP', 'Chrome 12', 'Mac OS X', '0', '登录成功', '2024-02-27 16:17:03');
INSERT INTO `sys_logininfor` (`info_id`, `user_name`, `ipaddr`, `login_location`, `browser`, `os`, `status`, `msg`, `login_time`) VALUES (277, 'admin', '127.0.0.1', '内网IP', 'Chrome 12', 'Mac OS X', '0', '退出成功', '2024-02-27 16:20:00');
INSERT INTO `sys_logininfor` (`info_id`, `user_name`, `ipaddr`, `login_location`, `browser`, `os`, `status`, `msg`, `login_time`) VALUES (278, 'common', '127.0.0.1', '内网IP', 'Chrome 12', 'Mac OS X', '0', '注册成功', '2024-02-27 16:20:12');
INSERT INTO `sys_logininfor` (`info_id`, `user_name`, `ipaddr`, `login_location`, `browser`, `os`, `status`, `msg`, `login_time`) VALUES (279, 'common', '127.0.0.1', '内网IP', 'Chrome 12', 'Mac OS X', '0', '登录成功', '2024-02-27 16:20:22');
INSERT INTO `sys_logininfor` (`info_id`, `user_name`, `ipaddr`, `login_location`, `browser`, `os`, `status`, `msg`, `login_time`) VALUES (280, 'admin', '127.0.0.1', '内网IP', 'Chrome 12', 'Mac OS X', '0', '登录成功', '2024-02-27 16:21:26');
INSERT INTO `sys_logininfor` (`info_id`, `user_name`, `ipaddr`, `login_location`, `browser`, `os`, `status`, `msg`, `login_time`) VALUES (281, 'admin', '127.0.0.1', '内网IP', 'Chrome 12', 'Mac OS X', '0', '退出成功', '2024-02-27 16:21:56');
INSERT INTO `sys_logininfor` (`info_id`, `user_name`, `ipaddr`, `login_location`, `browser`, `os`, `status`, `msg`, `login_time`) VALUES (282, 'root', '127.0.0.1', '内网IP', 'Chrome 12', 'Mac OS X', '1', '登录用户：root 不存在', '2024-02-27 16:22:02');
INSERT INTO `sys_logininfor` (`info_id`, `user_name`, `ipaddr`, `login_location`, `browser`, `os`, `status`, `msg`, `login_time`) VALUES (283, 'disda', '127.0.0.1', '内网IP', 'Chrome 12', 'Mac OS X', '1', '密码输入错误1次', '2024-02-27 16:22:09');
INSERT INTO `sys_logininfor` (`info_id`, `user_name`, `ipaddr`, `login_location`, `browser`, `os`, `status`, `msg`, `login_time`) VALUES (284, 'disda', '127.0.0.1', '内网IP', 'Chrome 12', 'Mac OS X', '1', '用户不存在/密码错误', '2024-02-27 16:22:09');
INSERT INTO `sys_logininfor` (`info_id`, `user_name`, `ipaddr`, `login_location`, `browser`, `os`, `status`, `msg`, `login_time`) VALUES (285, 'disda', '127.0.0.1', '内网IP', 'Chrome 12', 'Mac OS X', '0', '登录成功', '2024-02-27 16:22:14');
INSERT INTO `sys_logininfor` (`info_id`, `user_name`, `ipaddr`, `login_location`, `browser`, `os`, `status`, `msg`, `login_time`) VALUES (286, 'disda', '127.0.0.1', '内网IP', 'Chrome 12', 'Mac OS X', '0', '退出成功', '2024-02-27 16:22:42');
INSERT INTO `sys_logininfor` (`info_id`, `user_name`, `ipaddr`, `login_location`, `browser`, `os`, `status`, `msg`, `login_time`) VALUES (287, 'admin', '127.0.0.1', '内网IP', 'Chrome 12', 'Mac OS X', '0', '登录成功', '2024-02-27 16:22:45');
INSERT INTO `sys_logininfor` (`info_id`, `user_name`, `ipaddr`, `login_location`, `browser`, `os`, `status`, `msg`, `login_time`) VALUES (288, 'admin', '127.0.0.1', '内网IP', 'Chrome 12', 'Mac OS X', '0', '登录成功', '2024-02-28 08:06:47');
INSERT INTO `sys_logininfor` (`info_id`, `user_name`, `ipaddr`, `login_location`, `browser`, `os`, `status`, `msg`, `login_time`) VALUES (289, 'admin', '127.0.0.1', '内网IP', 'Chrome 12', 'Mac OS X', '0', '登录成功', '2024-02-28 14:55:29');
INSERT INTO `sys_logininfor` (`info_id`, `user_name`, `ipaddr`, `login_location`, `browser`, `os`, `status`, `msg`, `login_time`) VALUES (290, 'admin', '127.0.0.1', '内网IP', 'Chrome 12', 'Mac OS X', '0', '退出成功', '2024-02-28 15:56:02');
INSERT INTO `sys_logininfor` (`info_id`, `user_name`, `ipaddr`, `login_location`, `browser`, `os`, `status`, `msg`, `login_time`) VALUES (291, 'admin', '127.0.0.1', '内网IP', 'Chrome 12', 'Mac OS X', '0', '登录成功', '2024-02-28 15:56:12');
INSERT INTO `sys_logininfor` (`info_id`, `user_name`, `ipaddr`, `login_location`, `browser`, `os`, `status`, `msg`, `login_time`) VALUES (292, 'admin', '127.0.0.1', '内网IP', 'Chrome 12', 'Mac OS X', '0', '退出成功', '2024-02-28 15:56:16');
INSERT INTO `sys_logininfor` (`info_id`, `user_name`, `ipaddr`, `login_location`, `browser`, `os`, `status`, `msg`, `login_time`) VALUES (293, 'root', '127.0.0.1', '内网IP', 'Chrome 12', 'Mac OS X', '1', '登录用户：root 不存在', '2024-02-28 15:56:24');
INSERT INTO `sys_logininfor` (`info_id`, `user_name`, `ipaddr`, `login_location`, `browser`, `os`, `status`, `msg`, `login_time`) VALUES (294, 'root', '127.0.0.1', '内网IP', 'Chrome 12', 'Mac OS X', '1', '登录用户：root 不存在', '2024-02-28 15:56:25');
INSERT INTO `sys_logininfor` (`info_id`, `user_name`, `ipaddr`, `login_location`, `browser`, `os`, `status`, `msg`, `login_time`) VALUES (295, 'disda', '127.0.0.1', '内网IP', 'Chrome 12', 'Mac OS X', '1', '密码输入错误1次', '2024-02-28 15:56:29');
INSERT INTO `sys_logininfor` (`info_id`, `user_name`, `ipaddr`, `login_location`, `browser`, `os`, `status`, `msg`, `login_time`) VALUES (296, 'disda', '127.0.0.1', '内网IP', 'Chrome 12', 'Mac OS X', '1', '用户不存在/密码错误', '2024-02-28 15:56:29');
INSERT INTO `sys_logininfor` (`info_id`, `user_name`, `ipaddr`, `login_location`, `browser`, `os`, `status`, `msg`, `login_time`) VALUES (297, 'disda', '127.0.0.1', '内网IP', 'Chrome 12', 'Mac OS X', '1', '密码输入错误2次', '2024-02-28 15:56:34');
INSERT INTO `sys_logininfor` (`info_id`, `user_name`, `ipaddr`, `login_location`, `browser`, `os`, `status`, `msg`, `login_time`) VALUES (298, 'disda', '127.0.0.1', '内网IP', 'Chrome 12', 'Mac OS X', '1', '用户不存在/密码错误', '2024-02-28 15:56:34');
INSERT INTO `sys_logininfor` (`info_id`, `user_name`, `ipaddr`, `login_location`, `browser`, `os`, `status`, `msg`, `login_time`) VALUES (299, 'disda', '127.0.0.1', '内网IP', 'Chrome 12', 'Mac OS X', '0', '登录成功', '2024-02-28 15:56:59');
INSERT INTO `sys_logininfor` (`info_id`, `user_name`, `ipaddr`, `login_location`, `browser`, `os`, `status`, `msg`, `login_time`) VALUES (300, 'disda', '127.0.0.1', '内网IP', 'Chrome 12', 'Mac OS X', '0', '退出成功', '2024-02-28 15:57:42');
INSERT INTO `sys_logininfor` (`info_id`, `user_name`, `ipaddr`, `login_location`, `browser`, `os`, `status`, `msg`, `login_time`) VALUES (301, 'admin', '127.0.0.1', '内网IP', 'Chrome 12', 'Mac OS X', '0', '登录成功', '2024-02-28 15:57:44');
INSERT INTO `sys_logininfor` (`info_id`, `user_name`, `ipaddr`, `login_location`, `browser`, `os`, `status`, `msg`, `login_time`) VALUES (302, 'admin', '127.0.0.1', '内网IP', 'Chrome 12', 'Mac OS X', '0', '退出成功', '2024-02-28 15:58:29');
INSERT INTO `sys_logininfor` (`info_id`, `user_name`, `ipaddr`, `login_location`, `browser`, `os`, `status`, `msg`, `login_time`) VALUES (303, 'disda', '127.0.0.1', '内网IP', 'Chrome 12', 'Mac OS X', '0', '登录成功', '2024-02-28 15:58:33');
INSERT INTO `sys_logininfor` (`info_id`, `user_name`, `ipaddr`, `login_location`, `browser`, `os`, `status`, `msg`, `login_time`) VALUES (304, 'disda', '127.0.0.1', '内网IP', 'Chrome 12', 'Mac OS X', '0', '退出成功', '2024-02-28 15:58:49');
INSERT INTO `sys_logininfor` (`info_id`, `user_name`, `ipaddr`, `login_location`, `browser`, `os`, `status`, `msg`, `login_time`) VALUES (305, 'admin', '127.0.0.1', '内网IP', 'Chrome 12', 'Mac OS X', '0', '登录成功', '2024-02-28 15:58:51');
INSERT INTO `sys_logininfor` (`info_id`, `user_name`, `ipaddr`, `login_location`, `browser`, `os`, `status`, `msg`, `login_time`) VALUES (306, 'admin', '127.0.0.1', '内网IP', 'Chrome 12', 'Mac OS X', '0', '退出成功', '2024-02-28 15:59:09');
INSERT INTO `sys_logininfor` (`info_id`, `user_name`, `ipaddr`, `login_location`, `browser`, `os`, `status`, `msg`, `login_time`) VALUES (307, 'admin', '127.0.0.1', '内网IP', 'Chrome 12', 'Mac OS X', '0', '登录成功', '2024-02-28 15:59:10');
INSERT INTO `sys_logininfor` (`info_id`, `user_name`, `ipaddr`, `login_location`, `browser`, `os`, `status`, `msg`, `login_time`) VALUES (308, 'admin', '127.0.0.1', '内网IP', 'Chrome 12', 'Mac OS X', '0', '退出成功', '2024-02-28 15:59:15');
INSERT INTO `sys_logininfor` (`info_id`, `user_name`, `ipaddr`, `login_location`, `browser`, `os`, `status`, `msg`, `login_time`) VALUES (309, 'disda', '127.0.0.1', '内网IP', 'Chrome 12', 'Mac OS X', '0', '登录成功', '2024-02-28 15:59:21');
INSERT INTO `sys_logininfor` (`info_id`, `user_name`, `ipaddr`, `login_location`, `browser`, `os`, `status`, `msg`, `login_time`) VALUES (310, 'disda', '127.0.0.1', '内网IP', 'Chrome 12', 'Mac OS X', '0', '退出成功', '2024-02-28 16:00:18');
INSERT INTO `sys_logininfor` (`info_id`, `user_name`, `ipaddr`, `login_location`, `browser`, `os`, `status`, `msg`, `login_time`) VALUES (311, 'admin', '127.0.0.1', '内网IP', 'Chrome 12', 'Mac OS X', '0', '登录成功', '2024-02-28 16:00:20');
INSERT INTO `sys_logininfor` (`info_id`, `user_name`, `ipaddr`, `login_location`, `browser`, `os`, `status`, `msg`, `login_time`) VALUES (312, 'admin', '127.0.0.1', '内网IP', 'Chrome 12', 'Mac OS X', '0', '退出成功', '2024-02-28 16:01:05');
INSERT INTO `sys_logininfor` (`info_id`, `user_name`, `ipaddr`, `login_location`, `browser`, `os`, `status`, `msg`, `login_time`) VALUES (313, 'common', '127.0.0.1', '内网IP', 'Chrome 12', 'Mac OS X', '1', '密码输入错误1次', '2024-02-28 16:01:09');
INSERT INTO `sys_logininfor` (`info_id`, `user_name`, `ipaddr`, `login_location`, `browser`, `os`, `status`, `msg`, `login_time`) VALUES (314, 'common', '127.0.0.1', '内网IP', 'Chrome 12', 'Mac OS X', '1', '用户不存在/密码错误', '2024-02-28 16:01:09');
INSERT INTO `sys_logininfor` (`info_id`, `user_name`, `ipaddr`, `login_location`, `browser`, `os`, `status`, `msg`, `login_time`) VALUES (315, 'common', '127.0.0.1', '内网IP', 'Chrome 12', 'Mac OS X', '1', '密码输入错误2次', '2024-02-28 16:01:10');
INSERT INTO `sys_logininfor` (`info_id`, `user_name`, `ipaddr`, `login_location`, `browser`, `os`, `status`, `msg`, `login_time`) VALUES (316, 'common', '127.0.0.1', '内网IP', 'Chrome 12', 'Mac OS X', '1', '用户不存在/密码错误', '2024-02-28 16:01:10');
INSERT INTO `sys_logininfor` (`info_id`, `user_name`, `ipaddr`, `login_location`, `browser`, `os`, `status`, `msg`, `login_time`) VALUES (317, 'common', '127.0.0.1', '内网IP', 'Chrome 12', 'Mac OS X', '1', '密码输入错误3次', '2024-02-28 16:01:13');
INSERT INTO `sys_logininfor` (`info_id`, `user_name`, `ipaddr`, `login_location`, `browser`, `os`, `status`, `msg`, `login_time`) VALUES (318, 'common', '127.0.0.1', '内网IP', 'Chrome 12', 'Mac OS X', '1', '用户不存在/密码错误', '2024-02-28 16:01:13');
INSERT INTO `sys_logininfor` (`info_id`, `user_name`, `ipaddr`, `login_location`, `browser`, `os`, `status`, `msg`, `login_time`) VALUES (319, 'common', '127.0.0.1', '内网IP', 'Chrome 12', 'Mac OS X', '0', '登录成功', '2024-02-28 16:01:24');
INSERT INTO `sys_logininfor` (`info_id`, `user_name`, `ipaddr`, `login_location`, `browser`, `os`, `status`, `msg`, `login_time`) VALUES (320, 'common', '127.0.0.1', '内网IP', 'Chrome 12', 'Mac OS X', '0', '退出成功', '2024-02-28 16:03:18');
INSERT INTO `sys_logininfor` (`info_id`, `user_name`, `ipaddr`, `login_location`, `browser`, `os`, `status`, `msg`, `login_time`) VALUES (321, 'admin', '127.0.0.1', '内网IP', 'Chrome 12', 'Mac OS X', '0', '登录成功', '2024-02-28 16:03:22');
INSERT INTO `sys_logininfor` (`info_id`, `user_name`, `ipaddr`, `login_location`, `browser`, `os`, `status`, `msg`, `login_time`) VALUES (322, 'admin', '127.0.0.1', '内网IP', 'Chrome 12', 'Mac OS X', '0', '退出成功', '2024-02-28 16:03:46');
INSERT INTO `sys_logininfor` (`info_id`, `user_name`, `ipaddr`, `login_location`, `browser`, `os`, `status`, `msg`, `login_time`) VALUES (323, 'disda', '127.0.0.1', '内网IP', 'Chrome 12', 'Mac OS X', '0', '登录成功', '2024-02-28 16:04:57');
INSERT INTO `sys_logininfor` (`info_id`, `user_name`, `ipaddr`, `login_location`, `browser`, `os`, `status`, `msg`, `login_time`) VALUES (324, 'disda', '127.0.0.1', '内网IP', 'Chrome 12', 'Mac OS X', '0', '退出成功', '2024-02-28 16:05:20');
INSERT INTO `sys_logininfor` (`info_id`, `user_name`, `ipaddr`, `login_location`, `browser`, `os`, `status`, `msg`, `login_time`) VALUES (325, 'admin', '127.0.0.1', '内网IP', 'Chrome 12', 'Mac OS X', '0', '登录成功', '2024-02-28 16:05:32');
INSERT INTO `sys_logininfor` (`info_id`, `user_name`, `ipaddr`, `login_location`, `browser`, `os`, `status`, `msg`, `login_time`) VALUES (326, 'admin', '127.0.0.1', '内网IP', 'Chrome 12', 'Mac OS X', '0', '退出成功', '2024-02-28 16:06:08');
INSERT INTO `sys_logininfor` (`info_id`, `user_name`, `ipaddr`, `login_location`, `browser`, `os`, `status`, `msg`, `login_time`) VALUES (327, 'disda', '127.0.0.1', '内网IP', 'Chrome 12', 'Mac OS X', '0', '登录成功', '2024-02-28 16:06:13');
INSERT INTO `sys_logininfor` (`info_id`, `user_name`, `ipaddr`, `login_location`, `browser`, `os`, `status`, `msg`, `login_time`) VALUES (328, 'admin', '127.0.0.1', '内网IP', 'Chrome 12', 'Mac OS X', '0', '登录成功', '2024-02-28 16:06:34');
INSERT INTO `sys_logininfor` (`info_id`, `user_name`, `ipaddr`, `login_location`, `browser`, `os`, `status`, `msg`, `login_time`) VALUES (329, 'disda', '127.0.0.1', '内网IP', 'Chrome 12', 'Mac OS X', '0', '退出成功', '2024-02-28 16:07:11');
INSERT INTO `sys_logininfor` (`info_id`, `user_name`, `ipaddr`, `login_location`, `browser`, `os`, `status`, `msg`, `login_time`) VALUES (330, 'disda', '127.0.0.1', '内网IP', 'Chrome 12', 'Mac OS X', '0', '登录成功', '2024-02-28 16:07:16');
INSERT INTO `sys_logininfor` (`info_id`, `user_name`, `ipaddr`, `login_location`, `browser`, `os`, `status`, `msg`, `login_time`) VALUES (331, 'disda', '127.0.0.1', '内网IP', 'Chrome 12', 'Mac OS X', '0', '退出成功', '2024-02-28 16:20:54');
INSERT INTO `sys_logininfor` (`info_id`, `user_name`, `ipaddr`, `login_location`, `browser`, `os`, `status`, `msg`, `login_time`) VALUES (332, 'admin', '127.0.0.1', '内网IP', 'Chrome 12', 'Mac OS X', '0', '登录成功', '2024-02-28 16:20:59');
INSERT INTO `sys_logininfor` (`info_id`, `user_name`, `ipaddr`, `login_location`, `browser`, `os`, `status`, `msg`, `login_time`) VALUES (333, 'admin', '127.0.0.1', '内网IP', 'Chrome 12', 'Mac OS X', '0', '登录成功', '2024-02-29 08:05:43');
INSERT INTO `sys_logininfor` (`info_id`, `user_name`, `ipaddr`, `login_location`, `browser`, `os`, `status`, `msg`, `login_time`) VALUES (334, 'admin', '127.0.0.1', '内网IP', 'Chrome 12', 'Mac OS X', '0', '登录成功', '2024-02-29 14:44:29');
INSERT INTO `sys_logininfor` (`info_id`, `user_name`, `ipaddr`, `login_location`, `browser`, `os`, `status`, `msg`, `login_time`) VALUES (335, 'admin', '127.0.0.1', '内网IP', 'Chrome 12', 'Mac OS X', '0', '登录成功', '2024-02-29 15:44:48');
INSERT INTO `sys_logininfor` (`info_id`, `user_name`, `ipaddr`, `login_location`, `browser`, `os`, `status`, `msg`, `login_time`) VALUES (336, 'admin', '127.0.0.1', '内网IP', 'Chrome 12', 'Mac OS X', '0', '登录成功', '2024-02-29 17:00:51');
INSERT INTO `sys_logininfor` (`info_id`, `user_name`, `ipaddr`, `login_location`, `browser`, `os`, `status`, `msg`, `login_time`) VALUES (337, 'admin', '127.0.0.1', '内网IP', 'Chrome 12', 'Mac OS X', '0', '登录成功', '2024-03-01 08:36:04');
COMMIT;

-- ----------------------------
-- Table structure for sys_menu
-- ----------------------------
DROP TABLE IF EXISTS `sys_menu`;
CREATE TABLE `sys_menu` (
  `menu_id` bigint NOT NULL AUTO_INCREMENT COMMENT '菜单ID',
  `menu_name` varchar(50) NOT NULL COMMENT '菜单名称',
  `parent_id` bigint DEFAULT '0' COMMENT '父菜单ID',
  `order_num` int DEFAULT '0' COMMENT '显示顺序',
  `path` varchar(200) DEFAULT '' COMMENT '路由地址',
  `component` varchar(255) DEFAULT NULL COMMENT '组件路径',
  `query` varchar(255) DEFAULT NULL COMMENT '路由参数',
  `is_frame` int DEFAULT '1' COMMENT '是否为外链（0是 1否）',
  `is_cache` int DEFAULT '0' COMMENT '是否缓存（0缓存 1不缓存）',
  `menu_type` char(1) DEFAULT '' COMMENT '菜单类型（M目录 C菜单 F按钮）',
  `visible` char(1) DEFAULT '0' COMMENT '菜单状态（0显示 1隐藏）',
  `status` char(1) DEFAULT '0' COMMENT '菜单状态（0正常 1停用）',
  `perms` varchar(100) DEFAULT NULL COMMENT '权限标识',
  `icon` varchar(100) DEFAULT '#' COMMENT '菜单图标',
  `create_by` varchar(64) DEFAULT '' COMMENT '创建者',
  `create_time` datetime DEFAULT NULL COMMENT '创建时间',
  `update_by` varchar(64) DEFAULT '' COMMENT '更新者',
  `update_time` datetime DEFAULT NULL COMMENT '更新时间',
  `remark` varchar(500) DEFAULT '' COMMENT '备注',
  PRIMARY KEY (`menu_id`)
) ENGINE=InnoDB AUTO_INCREMENT=2085 DEFAULT CHARSET=utf8mb4 COLLATE=utf8mb4_0900_ai_ci COMMENT='菜单权限表';

-- ----------------------------
-- Records of sys_menu
-- ----------------------------
BEGIN;
INSERT INTO `sys_menu` (`menu_id`, `menu_name`, `parent_id`, `order_num`, `path`, `component`, `query`, `is_frame`, `is_cache`, `menu_type`, `visible`, `status`, `perms`, `icon`, `create_by`, `create_time`, `update_by`, `update_time`, `remark`) VALUES (1, '系统管理', 0, 1, 'system', NULL, '', 1, 0, 'M', '0', '0', '', 'system', 'admin', '2023-01-16 10:30:04', 'admin', '2023-03-02 14:56:19', '系统管理目录');
INSERT INTO `sys_menu` (`menu_id`, `menu_name`, `parent_id`, `order_num`, `path`, `component`, `query`, `is_frame`, `is_cache`, `menu_type`, `visible`, `status`, `perms`, `icon`, `create_by`, `create_time`, `update_by`, `update_time`, `remark`) VALUES (2, '系统监控', 0, 1, 'monitor', NULL, '', 1, 0, 'M', '0', '0', '', 'monitor', 'admin', '2023-01-16 10:30:04', 'admin', '2023-03-02 14:55:56', '系统监控目录');
INSERT INTO `sys_menu` (`menu_id`, `menu_name`, `parent_id`, `order_num`, `path`, `component`, `query`, `is_frame`, `is_cache`, `menu_type`, `visible`, `status`, `perms`, `icon`, `create_by`, `create_time`, `update_by`, `update_time`, `remark`) VALUES (3, '系统工具', 0, 3, 'tool', NULL, '', 1, 0, 'M', '0', '0', '', 'tool', 'admin', '2023-01-16 10:30:04', '', NULL, '系统工具目录');
INSERT INTO `sys_menu` (`menu_id`, `menu_name`, `parent_id`, `order_num`, `path`, `component`, `query`, `is_frame`, `is_cache`, `menu_type`, `visible`, `status`, `perms`, `icon`, `create_by`, `create_time`, `update_by`, `update_time`, `remark`) VALUES (100, '用户管理', 1, 1, 'user', 'system/user/index', '', 1, 0, 'C', '0', '0', 'system:user:list', 'user', 'admin', '2023-01-16 10:30:04', '', NULL, '用户管理菜单');
INSERT INTO `sys_menu` (`menu_id`, `menu_name`, `parent_id`, `order_num`, `path`, `component`, `query`, `is_frame`, `is_cache`, `menu_type`, `visible`, `status`, `perms`, `icon`, `create_by`, `create_time`, `update_by`, `update_time`, `remark`) VALUES (101, '角色管理', 1, 2, 'role', 'system/role/index', '', 1, 0, 'C', '0', '0', 'system:role:list', 'peoples', 'admin', '2023-01-16 10:30:04', '', NULL, '角色管理菜单');
INSERT INTO `sys_menu` (`menu_id`, `menu_name`, `parent_id`, `order_num`, `path`, `component`, `query`, `is_frame`, `is_cache`, `menu_type`, `visible`, `status`, `perms`, `icon`, `create_by`, `create_time`, `update_by`, `update_time`, `remark`) VALUES (102, '菜单管理', 1, 3, 'menu', 'system/menu/index', '', 1, 0, 'C', '0', '0', 'system:menu:list', 'tree-table', 'admin', '2023-01-16 10:30:04', '', NULL, '菜单管理菜单');
INSERT INTO `sys_menu` (`menu_id`, `menu_name`, `parent_id`, `order_num`, `path`, `component`, `query`, `is_frame`, `is_cache`, `menu_type`, `visible`, `status`, `perms`, `icon`, `create_by`, `create_time`, `update_by`, `update_time`, `remark`) VALUES (103, '部门管理', 1, 4, 'dept', 'system/dept/index', '', 1, 0, 'C', '0', '0', 'system:dept:list', 'tree', 'admin', '2023-01-16 10:30:04', '', NULL, '部门管理菜单');
INSERT INTO `sys_menu` (`menu_id`, `menu_name`, `parent_id`, `order_num`, `path`, `component`, `query`, `is_frame`, `is_cache`, `menu_type`, `visible`, `status`, `perms`, `icon`, `create_by`, `create_time`, `update_by`, `update_time`, `remark`) VALUES (104, '岗位管理', 1, 5, 'post', 'system/post/index', '', 1, 0, 'C', '0', '0', 'system:post:list', 'post', 'admin', '2023-01-16 10:30:04', '', NULL, '岗位管理菜单');
INSERT INTO `sys_menu` (`menu_id`, `menu_name`, `parent_id`, `order_num`, `path`, `component`, `query`, `is_frame`, `is_cache`, `menu_type`, `visible`, `status`, `perms`, `icon`, `create_by`, `create_time`, `update_by`, `update_time`, `remark`) VALUES (105, '字典管理', 1, 6, 'dict', 'system/dict/index', '', 1, 0, 'C', '0', '0', 'system:dict:list', 'dict', 'admin', '2023-01-16 10:30:04', '', NULL, '字典管理菜单');
INSERT INTO `sys_menu` (`menu_id`, `menu_name`, `parent_id`, `order_num`, `path`, `component`, `query`, `is_frame`, `is_cache`, `menu_type`, `visible`, `status`, `perms`, `icon`, `create_by`, `create_time`, `update_by`, `update_time`, `remark`) VALUES (106, '参数设置', 1, 7, 'config', 'system/config/index', '', 1, 0, 'C', '0', '0', 'system:config:list', 'edit', 'admin', '2023-01-16 10:30:04', '', NULL, '参数设置菜单');
INSERT INTO `sys_menu` (`menu_id`, `menu_name`, `parent_id`, `order_num`, `path`, `component`, `query`, `is_frame`, `is_cache`, `menu_type`, `visible`, `status`, `perms`, `icon`, `create_by`, `create_time`, `update_by`, `update_time`, `remark`) VALUES (107, '通知公告', 1, 8, 'notice', 'system/notice/index', '', 1, 0, 'C', '0', '0', 'system:notice:list', 'message', 'admin', '2023-01-16 10:30:04', '', NULL, '通知公告菜单');
INSERT INTO `sys_menu` (`menu_id`, `menu_name`, `parent_id`, `order_num`, `path`, `component`, `query`, `is_frame`, `is_cache`, `menu_type`, `visible`, `status`, `perms`, `icon`, `create_by`, `create_time`, `update_by`, `update_time`, `remark`) VALUES (108, '日志管理', 1, 9, 'log', '', '', 1, 0, 'M', '0', '0', '', 'log', 'admin', '2023-01-16 10:30:04', '', NULL, '日志管理菜单');
INSERT INTO `sys_menu` (`menu_id`, `menu_name`, `parent_id`, `order_num`, `path`, `component`, `query`, `is_frame`, `is_cache`, `menu_type`, `visible`, `status`, `perms`, `icon`, `create_by`, `create_time`, `update_by`, `update_time`, `remark`) VALUES (109, '在线用户', 2, 1, 'online', 'monitor/online/index', '', 1, 0, 'C', '0', '0', 'monitor:online:list', 'online', 'admin', '2023-01-16 10:30:04', '', NULL, '在线用户菜单');
INSERT INTO `sys_menu` (`menu_id`, `menu_name`, `parent_id`, `order_num`, `path`, `component`, `query`, `is_frame`, `is_cache`, `menu_type`, `visible`, `status`, `perms`, `icon`, `create_by`, `create_time`, `update_by`, `update_time`, `remark`) VALUES (110, '定时任务', 2, 2, 'job', 'monitor/job/index', '', 1, 0, 'C', '0', '0', 'monitor:job:list', 'job', 'admin', '2023-01-16 10:30:04', '', NULL, '定时任务菜单');
INSERT INTO `sys_menu` (`menu_id`, `menu_name`, `parent_id`, `order_num`, `path`, `component`, `query`, `is_frame`, `is_cache`, `menu_type`, `visible`, `status`, `perms`, `icon`, `create_by`, `create_time`, `update_by`, `update_time`, `remark`) VALUES (111, '数据监控', 2, 3, 'druid', 'monitor/druid/index', '', 1, 0, 'C', '0', '0', 'monitor:druid:list', 'druid', 'admin', '2023-01-16 10:30:04', '', NULL, '数据监控菜单');
INSERT INTO `sys_menu` (`menu_id`, `menu_name`, `parent_id`, `order_num`, `path`, `component`, `query`, `is_frame`, `is_cache`, `menu_type`, `visible`, `status`, `perms`, `icon`, `create_by`, `create_time`, `update_by`, `update_time`, `remark`) VALUES (112, '服务监控', 2, 4, 'server', 'monitor/server/index', '', 1, 0, 'C', '0', '0', 'monitor:server:list', 'server', 'admin', '2023-01-16 10:30:04', '', NULL, '服务监控菜单');
INSERT INTO `sys_menu` (`menu_id`, `menu_name`, `parent_id`, `order_num`, `path`, `component`, `query`, `is_frame`, `is_cache`, `menu_type`, `visible`, `status`, `perms`, `icon`, `create_by`, `create_time`, `update_by`, `update_time`, `remark`) VALUES (113, '缓存监控', 2, 5, 'cache', 'monitor/cache/index', '', 1, 0, 'C', '0', '0', 'monitor:cache:list', 'redis', 'admin', '2023-01-16 10:30:04', '', NULL, '缓存监控菜单');
INSERT INTO `sys_menu` (`menu_id`, `menu_name`, `parent_id`, `order_num`, `path`, `component`, `query`, `is_frame`, `is_cache`, `menu_type`, `visible`, `status`, `perms`, `icon`, `create_by`, `create_time`, `update_by`, `update_time`, `remark`) VALUES (114, '缓存列表', 2, 6, 'cacheList', 'monitor/cache/list', '', 1, 0, 'C', '0', '0', 'monitor:cache:list', 'redis-list', 'admin', '2023-01-16 10:30:04', '', NULL, '缓存列表菜单');
INSERT INTO `sys_menu` (`menu_id`, `menu_name`, `parent_id`, `order_num`, `path`, `component`, `query`, `is_frame`, `is_cache`, `menu_type`, `visible`, `status`, `perms`, `icon`, `create_by`, `create_time`, `update_by`, `update_time`, `remark`) VALUES (115, '表单构建', 3, 1, 'build', 'tool/build/index', '', 1, 0, 'C', '0', '0', 'tool:build:list', 'build', 'admin', '2023-01-16 10:30:04', '', NULL, '表单构建菜单');
INSERT INTO `sys_menu` (`menu_id`, `menu_name`, `parent_id`, `order_num`, `path`, `component`, `query`, `is_frame`, `is_cache`, `menu_type`, `visible`, `status`, `perms`, `icon`, `create_by`, `create_time`, `update_by`, `update_time`, `remark`) VALUES (116, '代码生成', 3, 2, 'gen', 'tool/gen/index', '', 1, 0, 'C', '0', '0', 'tool:gen:list', 'code', 'admin', '2023-01-16 10:30:04', '', NULL, '代码生成菜单');
INSERT INTO `sys_menu` (`menu_id`, `menu_name`, `parent_id`, `order_num`, `path`, `component`, `query`, `is_frame`, `is_cache`, `menu_type`, `visible`, `status`, `perms`, `icon`, `create_by`, `create_time`, `update_by`, `update_time`, `remark`) VALUES (117, '系统接口', 3, 3, 'swagger', 'tool/swagger/index', '', 1, 0, 'C', '0', '0', 'tool:swagger:list', 'swagger', 'admin', '2023-01-16 10:30:04', '', NULL, '系统接口菜单');
INSERT INTO `sys_menu` (`menu_id`, `menu_name`, `parent_id`, `order_num`, `path`, `component`, `query`, `is_frame`, `is_cache`, `menu_type`, `visible`, `status`, `perms`, `icon`, `create_by`, `create_time`, `update_by`, `update_time`, `remark`) VALUES (500, '操作日志', 108, 1, 'operlog', 'monitor/operlog/index', '', 1, 0, 'C', '0', '0', 'monitor:operlog:list', 'form', 'admin', '2023-01-16 10:30:04', '', NULL, '操作日志菜单');
INSERT INTO `sys_menu` (`menu_id`, `menu_name`, `parent_id`, `order_num`, `path`, `component`, `query`, `is_frame`, `is_cache`, `menu_type`, `visible`, `status`, `perms`, `icon`, `create_by`, `create_time`, `update_by`, `update_time`, `remark`) VALUES (501, '登录日志', 108, 2, 'logininfor', 'monitor/logininfor/index', '', 1, 0, 'C', '0', '0', 'monitor:logininfor:list', 'logininfor', 'admin', '2023-01-16 10:30:04', '', NULL, '登录日志菜单');
INSERT INTO `sys_menu` (`menu_id`, `menu_name`, `parent_id`, `order_num`, `path`, `component`, `query`, `is_frame`, `is_cache`, `menu_type`, `visible`, `status`, `perms`, `icon`, `create_by`, `create_time`, `update_by`, `update_time`, `remark`) VALUES (1000, '用户查询', 100, 1, '', '', '', 1, 0, 'F', '0', '0', 'system:user:query', '#', 'admin', '2023-01-16 10:30:04', '', NULL, '');
INSERT INTO `sys_menu` (`menu_id`, `menu_name`, `parent_id`, `order_num`, `path`, `component`, `query`, `is_frame`, `is_cache`, `menu_type`, `visible`, `status`, `perms`, `icon`, `create_by`, `create_time`, `update_by`, `update_time`, `remark`) VALUES (1001, '用户新增', 100, 2, '', '', '', 1, 0, 'F', '0', '0', 'system:user:add', '#', 'admin', '2023-01-16 10:30:04', '', NULL, '');
INSERT INTO `sys_menu` (`menu_id`, `menu_name`, `parent_id`, `order_num`, `path`, `component`, `query`, `is_frame`, `is_cache`, `menu_type`, `visible`, `status`, `perms`, `icon`, `create_by`, `create_time`, `update_by`, `update_time`, `remark`) VALUES (1002, '用户修改', 100, 3, '', '', '', 1, 0, 'F', '0', '0', 'system:user:edit', '#', 'admin', '2023-01-16 10:30:04', '', NULL, '');
INSERT INTO `sys_menu` (`menu_id`, `menu_name`, `parent_id`, `order_num`, `path`, `component`, `query`, `is_frame`, `is_cache`, `menu_type`, `visible`, `status`, `perms`, `icon`, `create_by`, `create_time`, `update_by`, `update_time`, `remark`) VALUES (1003, '用户删除', 100, 4, '', '', '', 1, 0, 'F', '0', '0', 'system:user:remove', '#', 'admin', '2023-01-16 10:30:04', '', NULL, '');
INSERT INTO `sys_menu` (`menu_id`, `menu_name`, `parent_id`, `order_num`, `path`, `component`, `query`, `is_frame`, `is_cache`, `menu_type`, `visible`, `status`, `perms`, `icon`, `create_by`, `create_time`, `update_by`, `update_time`, `remark`) VALUES (1004, '用户导出', 100, 5, '', '', '', 1, 0, 'F', '0', '0', 'system:user:export', '#', 'admin', '2023-01-16 10:30:04', '', NULL, '');
INSERT INTO `sys_menu` (`menu_id`, `menu_name`, `parent_id`, `order_num`, `path`, `component`, `query`, `is_frame`, `is_cache`, `menu_type`, `visible`, `status`, `perms`, `icon`, `create_by`, `create_time`, `update_by`, `update_time`, `remark`) VALUES (1005, '用户导入', 100, 6, '', '', '', 1, 0, 'F', '0', '0', 'system:user:import', '#', 'admin', '2023-01-16 10:30:04', '', NULL, '');
INSERT INTO `sys_menu` (`menu_id`, `menu_name`, `parent_id`, `order_num`, `path`, `component`, `query`, `is_frame`, `is_cache`, `menu_type`, `visible`, `status`, `perms`, `icon`, `create_by`, `create_time`, `update_by`, `update_time`, `remark`) VALUES (1006, '重置密码', 100, 7, '', '', '', 1, 0, 'F', '0', '0', 'system:user:resetPwd', '#', 'admin', '2023-01-16 10:30:04', '', NULL, '');
INSERT INTO `sys_menu` (`menu_id`, `menu_name`, `parent_id`, `order_num`, `path`, `component`, `query`, `is_frame`, `is_cache`, `menu_type`, `visible`, `status`, `perms`, `icon`, `create_by`, `create_time`, `update_by`, `update_time`, `remark`) VALUES (1007, '角色查询', 101, 1, '', '', '', 1, 0, 'F', '0', '0', 'system:role:query', '#', 'admin', '2023-01-16 10:30:04', '', NULL, '');
INSERT INTO `sys_menu` (`menu_id`, `menu_name`, `parent_id`, `order_num`, `path`, `component`, `query`, `is_frame`, `is_cache`, `menu_type`, `visible`, `status`, `perms`, `icon`, `create_by`, `create_time`, `update_by`, `update_time`, `remark`) VALUES (1008, '角色新增', 101, 2, '', '', '', 1, 0, 'F', '0', '0', 'system:role:add', '#', 'admin', '2023-01-16 10:30:04', '', NULL, '');
INSERT INTO `sys_menu` (`menu_id`, `menu_name`, `parent_id`, `order_num`, `path`, `component`, `query`, `is_frame`, `is_cache`, `menu_type`, `visible`, `status`, `perms`, `icon`, `create_by`, `create_time`, `update_by`, `update_time`, `remark`) VALUES (1009, '角色修改', 101, 3, '', '', '', 1, 0, 'F', '0', '0', 'system:role:edit', '#', 'admin', '2023-01-16 10:30:04', '', NULL, '');
INSERT INTO `sys_menu` (`menu_id`, `menu_name`, `parent_id`, `order_num`, `path`, `component`, `query`, `is_frame`, `is_cache`, `menu_type`, `visible`, `status`, `perms`, `icon`, `create_by`, `create_time`, `update_by`, `update_time`, `remark`) VALUES (1010, '角色删除', 101, 4, '', '', '', 1, 0, 'F', '0', '0', 'system:role:remove', '#', 'admin', '2023-01-16 10:30:04', '', NULL, '');
INSERT INTO `sys_menu` (`menu_id`, `menu_name`, `parent_id`, `order_num`, `path`, `component`, `query`, `is_frame`, `is_cache`, `menu_type`, `visible`, `status`, `perms`, `icon`, `create_by`, `create_time`, `update_by`, `update_time`, `remark`) VALUES (1011, '角色导出', 101, 5, '', '', '', 1, 0, 'F', '0', '0', 'system:role:export', '#', 'admin', '2023-01-16 10:30:04', '', NULL, '');
INSERT INTO `sys_menu` (`menu_id`, `menu_name`, `parent_id`, `order_num`, `path`, `component`, `query`, `is_frame`, `is_cache`, `menu_type`, `visible`, `status`, `perms`, `icon`, `create_by`, `create_time`, `update_by`, `update_time`, `remark`) VALUES (1012, '菜单查询', 102, 1, '', '', '', 1, 0, 'F', '0', '0', 'system:menu:query', '#', 'admin', '2023-01-16 10:30:04', '', NULL, '');
INSERT INTO `sys_menu` (`menu_id`, `menu_name`, `parent_id`, `order_num`, `path`, `component`, `query`, `is_frame`, `is_cache`, `menu_type`, `visible`, `status`, `perms`, `icon`, `create_by`, `create_time`, `update_by`, `update_time`, `remark`) VALUES (1013, '菜单新增', 102, 2, '', '', '', 1, 0, 'F', '0', '0', 'system:menu:add', '#', 'admin', '2023-01-16 10:30:04', '', NULL, '');
INSERT INTO `sys_menu` (`menu_id`, `menu_name`, `parent_id`, `order_num`, `path`, `component`, `query`, `is_frame`, `is_cache`, `menu_type`, `visible`, `status`, `perms`, `icon`, `create_by`, `create_time`, `update_by`, `update_time`, `remark`) VALUES (1014, '菜单修改', 102, 3, '', '', '', 1, 0, 'F', '0', '0', 'system:menu:edit', '#', 'admin', '2023-01-16 10:30:04', '', NULL, '');
INSERT INTO `sys_menu` (`menu_id`, `menu_name`, `parent_id`, `order_num`, `path`, `component`, `query`, `is_frame`, `is_cache`, `menu_type`, `visible`, `status`, `perms`, `icon`, `create_by`, `create_time`, `update_by`, `update_time`, `remark`) VALUES (1015, '菜单删除', 102, 4, '', '', '', 1, 0, 'F', '0', '0', 'system:menu:remove', '#', 'admin', '2023-01-16 10:30:04', '', NULL, '');
INSERT INTO `sys_menu` (`menu_id`, `menu_name`, `parent_id`, `order_num`, `path`, `component`, `query`, `is_frame`, `is_cache`, `menu_type`, `visible`, `status`, `perms`, `icon`, `create_by`, `create_time`, `update_by`, `update_time`, `remark`) VALUES (1016, '部门查询', 103, 1, '', '', '', 1, 0, 'F', '0', '0', 'system:dept:query', '#', 'admin', '2023-01-16 10:30:04', '', NULL, '');
INSERT INTO `sys_menu` (`menu_id`, `menu_name`, `parent_id`, `order_num`, `path`, `component`, `query`, `is_frame`, `is_cache`, `menu_type`, `visible`, `status`, `perms`, `icon`, `create_by`, `create_time`, `update_by`, `update_time`, `remark`) VALUES (1017, '部门新增', 103, 2, '', '', '', 1, 0, 'F', '0', '0', 'system:dept:add', '#', 'admin', '2023-01-16 10:30:04', '', NULL, '');
INSERT INTO `sys_menu` (`menu_id`, `menu_name`, `parent_id`, `order_num`, `path`, `component`, `query`, `is_frame`, `is_cache`, `menu_type`, `visible`, `status`, `perms`, `icon`, `create_by`, `create_time`, `update_by`, `update_time`, `remark`) VALUES (1018, '部门修改', 103, 3, '', '', '', 1, 0, 'F', '0', '0', 'system:dept:edit', '#', 'admin', '2023-01-16 10:30:04', '', NULL, '');
INSERT INTO `sys_menu` (`menu_id`, `menu_name`, `parent_id`, `order_num`, `path`, `component`, `query`, `is_frame`, `is_cache`, `menu_type`, `visible`, `status`, `perms`, `icon`, `create_by`, `create_time`, `update_by`, `update_time`, `remark`) VALUES (1019, '部门删除', 103, 4, '', '', '', 1, 0, 'F', '0', '0', 'system:dept:remove', '#', 'admin', '2023-01-16 10:30:04', '', NULL, '');
INSERT INTO `sys_menu` (`menu_id`, `menu_name`, `parent_id`, `order_num`, `path`, `component`, `query`, `is_frame`, `is_cache`, `menu_type`, `visible`, `status`, `perms`, `icon`, `create_by`, `create_time`, `update_by`, `update_time`, `remark`) VALUES (1020, '岗位查询', 104, 1, '', '', '', 1, 0, 'F', '0', '0', 'system:post:query', '#', 'admin', '2023-01-16 10:30:04', '', NULL, '');
INSERT INTO `sys_menu` (`menu_id`, `menu_name`, `parent_id`, `order_num`, `path`, `component`, `query`, `is_frame`, `is_cache`, `menu_type`, `visible`, `status`, `perms`, `icon`, `create_by`, `create_time`, `update_by`, `update_time`, `remark`) VALUES (1021, '岗位新增', 104, 2, '', '', '', 1, 0, 'F', '0', '0', 'system:post:add', '#', 'admin', '2023-01-16 10:30:04', '', NULL, '');
INSERT INTO `sys_menu` (`menu_id`, `menu_name`, `parent_id`, `order_num`, `path`, `component`, `query`, `is_frame`, `is_cache`, `menu_type`, `visible`, `status`, `perms`, `icon`, `create_by`, `create_time`, `update_by`, `update_time`, `remark`) VALUES (1022, '岗位修改', 104, 3, '', '', '', 1, 0, 'F', '0', '0', 'system:post:edit', '#', 'admin', '2023-01-16 10:30:04', '', NULL, '');
INSERT INTO `sys_menu` (`menu_id`, `menu_name`, `parent_id`, `order_num`, `path`, `component`, `query`, `is_frame`, `is_cache`, `menu_type`, `visible`, `status`, `perms`, `icon`, `create_by`, `create_time`, `update_by`, `update_time`, `remark`) VALUES (1023, '岗位删除', 104, 4, '', '', '', 1, 0, 'F', '0', '0', 'system:post:remove', '#', 'admin', '2023-01-16 10:30:04', '', NULL, '');
INSERT INTO `sys_menu` (`menu_id`, `menu_name`, `parent_id`, `order_num`, `path`, `component`, `query`, `is_frame`, `is_cache`, `menu_type`, `visible`, `status`, `perms`, `icon`, `create_by`, `create_time`, `update_by`, `update_time`, `remark`) VALUES (1024, '岗位导出', 104, 5, '', '', '', 1, 0, 'F', '0', '0', 'system:post:export', '#', 'admin', '2023-01-16 10:30:04', '', NULL, '');
INSERT INTO `sys_menu` (`menu_id`, `menu_name`, `parent_id`, `order_num`, `path`, `component`, `query`, `is_frame`, `is_cache`, `menu_type`, `visible`, `status`, `perms`, `icon`, `create_by`, `create_time`, `update_by`, `update_time`, `remark`) VALUES (1025, '字典查询', 105, 1, '#', '', '', 1, 0, 'F', '0', '0', 'system:dict:query', '#', 'admin', '2023-01-16 10:30:04', '', NULL, '');
INSERT INTO `sys_menu` (`menu_id`, `menu_name`, `parent_id`, `order_num`, `path`, `component`, `query`, `is_frame`, `is_cache`, `menu_type`, `visible`, `status`, `perms`, `icon`, `create_by`, `create_time`, `update_by`, `update_time`, `remark`) VALUES (1026, '字典新增', 105, 2, '#', '', '', 1, 0, 'F', '0', '0', 'system:dict:add', '#', 'admin', '2023-01-16 10:30:04', '', NULL, '');
INSERT INTO `sys_menu` (`menu_id`, `menu_name`, `parent_id`, `order_num`, `path`, `component`, `query`, `is_frame`, `is_cache`, `menu_type`, `visible`, `status`, `perms`, `icon`, `create_by`, `create_time`, `update_by`, `update_time`, `remark`) VALUES (1027, '字典修改', 105, 3, '#', '', '', 1, 0, 'F', '0', '0', 'system:dict:edit', '#', 'admin', '2023-01-16 10:30:04', '', NULL, '');
INSERT INTO `sys_menu` (`menu_id`, `menu_name`, `parent_id`, `order_num`, `path`, `component`, `query`, `is_frame`, `is_cache`, `menu_type`, `visible`, `status`, `perms`, `icon`, `create_by`, `create_time`, `update_by`, `update_time`, `remark`) VALUES (1028, '字典删除', 105, 4, '#', '', '', 1, 0, 'F', '0', '0', 'system:dict:remove', '#', 'admin', '2023-01-16 10:30:04', '', NULL, '');
INSERT INTO `sys_menu` (`menu_id`, `menu_name`, `parent_id`, `order_num`, `path`, `component`, `query`, `is_frame`, `is_cache`, `menu_type`, `visible`, `status`, `perms`, `icon`, `create_by`, `create_time`, `update_by`, `update_time`, `remark`) VALUES (1029, '字典导出', 105, 5, '#', '', '', 1, 0, 'F', '0', '0', 'system:dict:export', '#', 'admin', '2023-01-16 10:30:04', '', NULL, '');
INSERT INTO `sys_menu` (`menu_id`, `menu_name`, `parent_id`, `order_num`, `path`, `component`, `query`, `is_frame`, `is_cache`, `menu_type`, `visible`, `status`, `perms`, `icon`, `create_by`, `create_time`, `update_by`, `update_time`, `remark`) VALUES (1030, '参数查询', 106, 1, '#', '', '', 1, 0, 'F', '0', '0', 'system:config:query', '#', 'admin', '2023-01-16 10:30:04', '', NULL, '');
INSERT INTO `sys_menu` (`menu_id`, `menu_name`, `parent_id`, `order_num`, `path`, `component`, `query`, `is_frame`, `is_cache`, `menu_type`, `visible`, `status`, `perms`, `icon`, `create_by`, `create_time`, `update_by`, `update_time`, `remark`) VALUES (1031, '参数新增', 106, 2, '#', '', '', 1, 0, 'F', '0', '0', 'system:config:add', '#', 'admin', '2023-01-16 10:30:04', '', NULL, '');
INSERT INTO `sys_menu` (`menu_id`, `menu_name`, `parent_id`, `order_num`, `path`, `component`, `query`, `is_frame`, `is_cache`, `menu_type`, `visible`, `status`, `perms`, `icon`, `create_by`, `create_time`, `update_by`, `update_time`, `remark`) VALUES (1032, '参数修改', 106, 3, '#', '', '', 1, 0, 'F', '0', '0', 'system:config:edit', '#', 'admin', '2023-01-16 10:30:04', '', NULL, '');
INSERT INTO `sys_menu` (`menu_id`, `menu_name`, `parent_id`, `order_num`, `path`, `component`, `query`, `is_frame`, `is_cache`, `menu_type`, `visible`, `status`, `perms`, `icon`, `create_by`, `create_time`, `update_by`, `update_time`, `remark`) VALUES (1033, '参数删除', 106, 4, '#', '', '', 1, 0, 'F', '0', '0', 'system:config:remove', '#', 'admin', '2023-01-16 10:30:04', '', NULL, '');
INSERT INTO `sys_menu` (`menu_id`, `menu_name`, `parent_id`, `order_num`, `path`, `component`, `query`, `is_frame`, `is_cache`, `menu_type`, `visible`, `status`, `perms`, `icon`, `create_by`, `create_time`, `update_by`, `update_time`, `remark`) VALUES (1034, '参数导出', 106, 5, '#', '', '', 1, 0, 'F', '0', '0', 'system:config:export', '#', 'admin', '2023-01-16 10:30:04', '', NULL, '');
INSERT INTO `sys_menu` (`menu_id`, `menu_name`, `parent_id`, `order_num`, `path`, `component`, `query`, `is_frame`, `is_cache`, `menu_type`, `visible`, `status`, `perms`, `icon`, `create_by`, `create_time`, `update_by`, `update_time`, `remark`) VALUES (1035, '公告查询', 107, 1, '#', '', '', 1, 0, 'F', '0', '0', 'system:notice:query', '#', 'admin', '2023-01-16 10:30:04', '', NULL, '');
INSERT INTO `sys_menu` (`menu_id`, `menu_name`, `parent_id`, `order_num`, `path`, `component`, `query`, `is_frame`, `is_cache`, `menu_type`, `visible`, `status`, `perms`, `icon`, `create_by`, `create_time`, `update_by`, `update_time`, `remark`) VALUES (1036, '公告新增', 107, 2, '#', '', '', 1, 0, 'F', '0', '0', 'system:notice:add', '#', 'admin', '2023-01-16 10:30:04', '', NULL, '');
INSERT INTO `sys_menu` (`menu_id`, `menu_name`, `parent_id`, `order_num`, `path`, `component`, `query`, `is_frame`, `is_cache`, `menu_type`, `visible`, `status`, `perms`, `icon`, `create_by`, `create_time`, `update_by`, `update_time`, `remark`) VALUES (1037, '公告修改', 107, 3, '#', '', '', 1, 0, 'F', '0', '0', 'system:notice:edit', '#', 'admin', '2023-01-16 10:30:04', '', NULL, '');
INSERT INTO `sys_menu` (`menu_id`, `menu_name`, `parent_id`, `order_num`, `path`, `component`, `query`, `is_frame`, `is_cache`, `menu_type`, `visible`, `status`, `perms`, `icon`, `create_by`, `create_time`, `update_by`, `update_time`, `remark`) VALUES (1038, '公告删除', 107, 4, '#', '', '', 1, 0, 'F', '0', '0', 'system:notice:remove', '#', 'admin', '2023-01-16 10:30:04', '', NULL, '');
INSERT INTO `sys_menu` (`menu_id`, `menu_name`, `parent_id`, `order_num`, `path`, `component`, `query`, `is_frame`, `is_cache`, `menu_type`, `visible`, `status`, `perms`, `icon`, `create_by`, `create_time`, `update_by`, `update_time`, `remark`) VALUES (1039, '操作查询', 500, 1, '#', '', '', 1, 0, 'F', '0', '0', 'monitor:operlog:query', '#', 'admin', '2023-01-16 10:30:04', '', NULL, '');
INSERT INTO `sys_menu` (`menu_id`, `menu_name`, `parent_id`, `order_num`, `path`, `component`, `query`, `is_frame`, `is_cache`, `menu_type`, `visible`, `status`, `perms`, `icon`, `create_by`, `create_time`, `update_by`, `update_time`, `remark`) VALUES (1040, '操作删除', 500, 2, '#', '', '', 1, 0, 'F', '0', '0', 'monitor:operlog:remove', '#', 'admin', '2023-01-16 10:30:04', '', NULL, '');
INSERT INTO `sys_menu` (`menu_id`, `menu_name`, `parent_id`, `order_num`, `path`, `component`, `query`, `is_frame`, `is_cache`, `menu_type`, `visible`, `status`, `perms`, `icon`, `create_by`, `create_time`, `update_by`, `update_time`, `remark`) VALUES (1041, '日志导出', 500, 3, '#', '', '', 1, 0, 'F', '0', '0', 'monitor:operlog:export', '#', 'admin', '2023-01-16 10:30:04', '', NULL, '');
INSERT INTO `sys_menu` (`menu_id`, `menu_name`, `parent_id`, `order_num`, `path`, `component`, `query`, `is_frame`, `is_cache`, `menu_type`, `visible`, `status`, `perms`, `icon`, `create_by`, `create_time`, `update_by`, `update_time`, `remark`) VALUES (1042, '登录查询', 501, 1, '#', '', '', 1, 0, 'F', '0', '0', 'monitor:logininfor:query', '#', 'admin', '2023-01-16 10:30:04', '', NULL, '');
INSERT INTO `sys_menu` (`menu_id`, `menu_name`, `parent_id`, `order_num`, `path`, `component`, `query`, `is_frame`, `is_cache`, `menu_type`, `visible`, `status`, `perms`, `icon`, `create_by`, `create_time`, `update_by`, `update_time`, `remark`) VALUES (1043, '登录删除', 501, 2, '#', '', '', 1, 0, 'F', '0', '0', 'monitor:logininfor:remove', '#', 'admin', '2023-01-16 10:30:04', '', NULL, '');
INSERT INTO `sys_menu` (`menu_id`, `menu_name`, `parent_id`, `order_num`, `path`, `component`, `query`, `is_frame`, `is_cache`, `menu_type`, `visible`, `status`, `perms`, `icon`, `create_by`, `create_time`, `update_by`, `update_time`, `remark`) VALUES (1044, '日志导出', 501, 3, '#', '', '', 1, 0, 'F', '0', '0', 'monitor:logininfor:export', '#', 'admin', '2023-01-16 10:30:04', '', NULL, '');
INSERT INTO `sys_menu` (`menu_id`, `menu_name`, `parent_id`, `order_num`, `path`, `component`, `query`, `is_frame`, `is_cache`, `menu_type`, `visible`, `status`, `perms`, `icon`, `create_by`, `create_time`, `update_by`, `update_time`, `remark`) VALUES (1045, '账户解锁', 501, 4, '#', '', '', 1, 0, 'F', '0', '0', 'monitor:logininfor:unlock', '#', 'admin', '2023-01-16 10:30:04', '', NULL, '');
INSERT INTO `sys_menu` (`menu_id`, `menu_name`, `parent_id`, `order_num`, `path`, `component`, `query`, `is_frame`, `is_cache`, `menu_type`, `visible`, `status`, `perms`, `icon`, `create_by`, `create_time`, `update_by`, `update_time`, `remark`) VALUES (1046, '在线查询', 109, 1, '#', '', '', 1, 0, 'F', '0', '0', 'monitor:online:query', '#', 'admin', '2023-01-16 10:30:04', '', NULL, '');
INSERT INTO `sys_menu` (`menu_id`, `menu_name`, `parent_id`, `order_num`, `path`, `component`, `query`, `is_frame`, `is_cache`, `menu_type`, `visible`, `status`, `perms`, `icon`, `create_by`, `create_time`, `update_by`, `update_time`, `remark`) VALUES (1047, '批量强退', 109, 2, '#', '', '', 1, 0, 'F', '0', '0', 'monitor:online:batchLogout', '#', 'admin', '2023-01-16 10:30:04', '', NULL, '');
INSERT INTO `sys_menu` (`menu_id`, `menu_name`, `parent_id`, `order_num`, `path`, `component`, `query`, `is_frame`, `is_cache`, `menu_type`, `visible`, `status`, `perms`, `icon`, `create_by`, `create_time`, `update_by`, `update_time`, `remark`) VALUES (1048, '单条强退', 109, 3, '#', '', '', 1, 0, 'F', '0', '0', 'monitor:online:forceLogout', '#', 'admin', '2023-01-16 10:30:04', '', NULL, '');
INSERT INTO `sys_menu` (`menu_id`, `menu_name`, `parent_id`, `order_num`, `path`, `component`, `query`, `is_frame`, `is_cache`, `menu_type`, `visible`, `status`, `perms`, `icon`, `create_by`, `create_time`, `update_by`, `update_time`, `remark`) VALUES (1049, '任务查询', 110, 1, '#', '', '', 1, 0, 'F', '0', '0', 'monitor:job:query', '#', 'admin', '2023-01-16 10:30:04', '', NULL, '');
INSERT INTO `sys_menu` (`menu_id`, `menu_name`, `parent_id`, `order_num`, `path`, `component`, `query`, `is_frame`, `is_cache`, `menu_type`, `visible`, `status`, `perms`, `icon`, `create_by`, `create_time`, `update_by`, `update_time`, `remark`) VALUES (1050, '任务新增', 110, 2, '#', '', '', 1, 0, 'F', '0', '0', 'monitor:job:add', '#', 'admin', '2023-01-16 10:30:04', '', NULL, '');
INSERT INTO `sys_menu` (`menu_id`, `menu_name`, `parent_id`, `order_num`, `path`, `component`, `query`, `is_frame`, `is_cache`, `menu_type`, `visible`, `status`, `perms`, `icon`, `create_by`, `create_time`, `update_by`, `update_time`, `remark`) VALUES (1051, '任务修改', 110, 3, '#', '', '', 1, 0, 'F', '0', '0', 'monitor:job:edit', '#', 'admin', '2023-01-16 10:30:04', '', NULL, '');
INSERT INTO `sys_menu` (`menu_id`, `menu_name`, `parent_id`, `order_num`, `path`, `component`, `query`, `is_frame`, `is_cache`, `menu_type`, `visible`, `status`, `perms`, `icon`, `create_by`, `create_time`, `update_by`, `update_time`, `remark`) VALUES (1052, '任务删除', 110, 4, '#', '', '', 1, 0, 'F', '0', '0', 'monitor:job:remove', '#', 'admin', '2023-01-16 10:30:04', '', NULL, '');
INSERT INTO `sys_menu` (`menu_id`, `menu_name`, `parent_id`, `order_num`, `path`, `component`, `query`, `is_frame`, `is_cache`, `menu_type`, `visible`, `status`, `perms`, `icon`, `create_by`, `create_time`, `update_by`, `update_time`, `remark`) VALUES (1053, '状态修改', 110, 5, '#', '', '', 1, 0, 'F', '0', '0', 'monitor:job:changeStatus', '#', 'admin', '2023-01-16 10:30:04', '', NULL, '');
INSERT INTO `sys_menu` (`menu_id`, `menu_name`, `parent_id`, `order_num`, `path`, `component`, `query`, `is_frame`, `is_cache`, `menu_type`, `visible`, `status`, `perms`, `icon`, `create_by`, `create_time`, `update_by`, `update_time`, `remark`) VALUES (1054, '任务导出', 110, 6, '#', '', '', 1, 0, 'F', '0', '0', 'monitor:job:export', '#', 'admin', '2023-01-16 10:30:04', '', NULL, '');
INSERT INTO `sys_menu` (`menu_id`, `menu_name`, `parent_id`, `order_num`, `path`, `component`, `query`, `is_frame`, `is_cache`, `menu_type`, `visible`, `status`, `perms`, `icon`, `create_by`, `create_time`, `update_by`, `update_time`, `remark`) VALUES (1055, '生成查询', 116, 1, '#', '', '', 1, 0, 'F', '0', '0', 'tool:gen:query', '#', 'admin', '2023-01-16 10:30:04', '', NULL, '');
INSERT INTO `sys_menu` (`menu_id`, `menu_name`, `parent_id`, `order_num`, `path`, `component`, `query`, `is_frame`, `is_cache`, `menu_type`, `visible`, `status`, `perms`, `icon`, `create_by`, `create_time`, `update_by`, `update_time`, `remark`) VALUES (1056, '生成修改', 116, 2, '#', '', '', 1, 0, 'F', '0', '0', 'tool:gen:edit', '#', 'admin', '2023-01-16 10:30:04', '', NULL, '');
INSERT INTO `sys_menu` (`menu_id`, `menu_name`, `parent_id`, `order_num`, `path`, `component`, `query`, `is_frame`, `is_cache`, `menu_type`, `visible`, `status`, `perms`, `icon`, `create_by`, `create_time`, `update_by`, `update_time`, `remark`) VALUES (1057, '生成删除', 116, 3, '#', '', '', 1, 0, 'F', '0', '0', 'tool:gen:remove', '#', 'admin', '2023-01-16 10:30:04', '', NULL, '');
INSERT INTO `sys_menu` (`menu_id`, `menu_name`, `parent_id`, `order_num`, `path`, `component`, `query`, `is_frame`, `is_cache`, `menu_type`, `visible`, `status`, `perms`, `icon`, `create_by`, `create_time`, `update_by`, `update_time`, `remark`) VALUES (1058, '导入代码', 116, 4, '#', '', '', 1, 0, 'F', '0', '0', 'tool:gen:import', '#', 'admin', '2023-01-16 10:30:04', '', NULL, '');
INSERT INTO `sys_menu` (`menu_id`, `menu_name`, `parent_id`, `order_num`, `path`, `component`, `query`, `is_frame`, `is_cache`, `menu_type`, `visible`, `status`, `perms`, `icon`, `create_by`, `create_time`, `update_by`, `update_time`, `remark`) VALUES (1059, '预览代码', 116, 5, '#', '', '', 1, 0, 'F', '0', '0', 'tool:gen:preview', '#', 'admin', '2023-01-16 10:30:04', '', NULL, '');
INSERT INTO `sys_menu` (`menu_id`, `menu_name`, `parent_id`, `order_num`, `path`, `component`, `query`, `is_frame`, `is_cache`, `menu_type`, `visible`, `status`, `perms`, `icon`, `create_by`, `create_time`, `update_by`, `update_time`, `remark`) VALUES (1060, '生成代码', 116, 6, '#', '', '', 1, 0, 'F', '0', '0', 'tool:gen:code', '#', 'admin', '2023-01-16 10:30:04', '', NULL, '');
INSERT INTO `sys_menu` (`menu_id`, `menu_name`, `parent_id`, `order_num`, `path`, `component`, `query`, `is_frame`, `is_cache`, `menu_type`, `visible`, `status`, `perms`, `icon`, `create_by`, `create_time`, `update_by`, `update_time`, `remark`) VALUES (2001, '台账管理', 0, 1, 'ledger', '', NULL, 1, 0, 'M', '0', '0', '', 'table', 'admin', '2024-02-12 13:01:08', 'admin', '2024-02-12 13:03:13', '');
INSERT INTO `sys_menu` (`menu_id`, `menu_name`, `parent_id`, `order_num`, `path`, `component`, `query`, `is_frame`, `is_cache`, `menu_type`, `visible`, `status`, `perms`, `icon`, `create_by`, `create_time`, `update_by`, `update_time`, `remark`) VALUES (2002, '主站台账', 2001, 1, 'main', 'ledger/main/index', '', 1, 0, 'C', '0', '0', 'ledger:device:list', 'build', 'admin', '2024-02-19 17:08:11', 'admin', '2024-02-28 16:03:40', '');
INSERT INTO `sys_menu` (`menu_id`, `menu_name`, `parent_id`, `order_num`, `path`, `component`, `query`, `is_frame`, `is_cache`, `menu_type`, `visible`, `status`, `perms`, `icon`, `create_by`, `create_time`, `update_by`, `update_time`, `remark`) VALUES (2003, '台账查询', 2002, 1, '', NULL, NULL, 1, 0, 'F', '0', '0', 'ledger:device:query', '#', 'admin', '2024-02-21 09:12:40', 'admin', '2024-02-28 16:05:50', '');
INSERT INTO `sys_menu` (`menu_id`, `menu_name`, `parent_id`, `order_num`, `path`, `component`, `query`, `is_frame`, `is_cache`, `menu_type`, `visible`, `status`, `perms`, `icon`, `create_by`, `create_time`, `update_by`, `update_time`, `remark`) VALUES (2004, '台账新增', 2002, 2, '', NULL, NULL, 1, 0, 'F', '0', '0', 'ledger:device:add', '#', 'admin', '2024-02-21 09:13:16', 'admin', '2024-02-28 16:05:58', '');
INSERT INTO `sys_menu` (`menu_id`, `menu_name`, `parent_id`, `order_num`, `path`, `component`, `query`, `is_frame`, `is_cache`, `menu_type`, `visible`, `status`, `perms`, `icon`, `create_by`, `create_time`, `update_by`, `update_time`, `remark`) VALUES (2005, '台账修改', 2002, 1, '', NULL, NULL, 1, 0, 'F', '0', '0', 'ledger:device:edit', '#', 'admin', '2024-02-21 09:13:38', 'admin', '2024-02-28 16:05:54', '');
INSERT INTO `sys_menu` (`menu_id`, `menu_name`, `parent_id`, `order_num`, `path`, `component`, `query`, `is_frame`, `is_cache`, `menu_type`, `visible`, `status`, `perms`, `icon`, `create_by`, `create_time`, `update_by`, `update_time`, `remark`) VALUES (2006, '台账删除', 2002, 4, '', NULL, NULL, 1, 0, 'F', '0', '0', 'ledger:device:remove', '#', 'admin', '2024-02-21 09:13:53', 'admin', '2024-02-28 16:06:02', '');
INSERT INTO `sys_menu` (`menu_id`, `menu_name`, `parent_id`, `order_num`, `path`, `component`, `query`, `is_frame`, `is_cache`, `menu_type`, `visible`, `status`, `perms`, `icon`, `create_by`, `create_time`, `update_by`, `update_time`, `remark`) VALUES (2007, '设备详情', 2001, 1, 'deviceDetails', 'ledger/deviceDetails/index', NULL, 1, 0, 'C', '0', '0', 'ledger:deviceDetails:list', 'server', 'admin', '2024-02-21 16:42:26', 'admin', '2024-02-22 16:53:27', '设备详情菜单');
INSERT INTO `sys_menu` (`menu_id`, `menu_name`, `parent_id`, `order_num`, `path`, `component`, `query`, `is_frame`, `is_cache`, `menu_type`, `visible`, `status`, `perms`, `icon`, `create_by`, `create_time`, `update_by`, `update_time`, `remark`) VALUES (2008, '设备详情查询', 2007, 1, '#', '', NULL, 1, 0, 'F', '0', '0', 'ledger:deviceDetails:query', '#', 'admin', '2024-02-21 16:42:26', '', NULL, '');
INSERT INTO `sys_menu` (`menu_id`, `menu_name`, `parent_id`, `order_num`, `path`, `component`, `query`, `is_frame`, `is_cache`, `menu_type`, `visible`, `status`, `perms`, `icon`, `create_by`, `create_time`, `update_by`, `update_time`, `remark`) VALUES (2009, '设备详情新增', 2007, 2, '#', '', NULL, 1, 0, 'F', '0', '0', 'ledger:deviceDetails:add', '#', 'admin', '2024-02-21 16:42:26', '', NULL, '');
INSERT INTO `sys_menu` (`menu_id`, `menu_name`, `parent_id`, `order_num`, `path`, `component`, `query`, `is_frame`, `is_cache`, `menu_type`, `visible`, `status`, `perms`, `icon`, `create_by`, `create_time`, `update_by`, `update_time`, `remark`) VALUES (2010, '设备详情修改', 2007, 3, '#', '', NULL, 1, 0, 'F', '0', '0', 'ledger:deviceDetails:edit', '#', 'admin', '2024-02-21 16:42:26', '', NULL, '');
INSERT INTO `sys_menu` (`menu_id`, `menu_name`, `parent_id`, `order_num`, `path`, `component`, `query`, `is_frame`, `is_cache`, `menu_type`, `visible`, `status`, `perms`, `icon`, `create_by`, `create_time`, `update_by`, `update_time`, `remark`) VALUES (2011, '设备详情删除', 2007, 4, '#', '', NULL, 1, 0, 'F', '0', '0', 'ledger:deviceDetails:remove', '#', 'admin', '2024-02-21 16:42:26', '', NULL, '');
INSERT INTO `sys_menu` (`menu_id`, `menu_name`, `parent_id`, `order_num`, `path`, `component`, `query`, `is_frame`, `is_cache`, `menu_type`, `visible`, `status`, `perms`, `icon`, `create_by`, `create_time`, `update_by`, `update_time`, `remark`) VALUES (2012, '设备详情导出', 2007, 5, '#', '', NULL, 1, 0, 'F', '0', '0', 'ledger:deviceDetails:export', '#', 'admin', '2024-02-21 16:42:26', '', NULL, '');
INSERT INTO `sys_menu` (`menu_id`, `menu_name`, `parent_id`, `order_num`, `path`, `component`, `query`, `is_frame`, `is_cache`, `menu_type`, `visible`, `status`, `perms`, `icon`, `create_by`, `create_time`, `update_by`, `update_time`, `remark`) VALUES (2049, 'ip地址', 2001, 1, 'ip', 'ledger/ip/index', NULL, 1, 0, 'C', '0', '0', 'ledger:ip:list', 'dict', 'admin', '2024-02-22 10:07:22', 'admin', '2024-02-23 11:08:59', 'ip地址菜单');
INSERT INTO `sys_menu` (`menu_id`, `menu_name`, `parent_id`, `order_num`, `path`, `component`, `query`, `is_frame`, `is_cache`, `menu_type`, `visible`, `status`, `perms`, `icon`, `create_by`, `create_time`, `update_by`, `update_time`, `remark`) VALUES (2050, 'ip地址查询', 2049, 1, '#', '', NULL, 1, 0, 'F', '0', '0', 'ledger:ip:query', '#', 'admin', '2024-02-22 10:07:22', '', NULL, '');
INSERT INTO `sys_menu` (`menu_id`, `menu_name`, `parent_id`, `order_num`, `path`, `component`, `query`, `is_frame`, `is_cache`, `menu_type`, `visible`, `status`, `perms`, `icon`, `create_by`, `create_time`, `update_by`, `update_time`, `remark`) VALUES (2051, 'ip地址新增', 2049, 2, '#', '', NULL, 1, 0, 'F', '0', '0', 'ledger:ip:add', '#', 'admin', '2024-02-22 10:07:22', '', NULL, '');
INSERT INTO `sys_menu` (`menu_id`, `menu_name`, `parent_id`, `order_num`, `path`, `component`, `query`, `is_frame`, `is_cache`, `menu_type`, `visible`, `status`, `perms`, `icon`, `create_by`, `create_time`, `update_by`, `update_time`, `remark`) VALUES (2052, 'ip地址修改', 2049, 3, '#', '', NULL, 1, 0, 'F', '0', '0', 'ledger:ip:edit', '#', 'admin', '2024-02-22 10:07:22', '', NULL, '');
INSERT INTO `sys_menu` (`menu_id`, `menu_name`, `parent_id`, `order_num`, `path`, `component`, `query`, `is_frame`, `is_cache`, `menu_type`, `visible`, `status`, `perms`, `icon`, `create_by`, `create_time`, `update_by`, `update_time`, `remark`) VALUES (2053, 'ip地址删除', 2049, 4, '#', '', NULL, 1, 0, 'F', '0', '0', 'ledger:ip:remove', '#', 'admin', '2024-02-22 10:07:22', '', NULL, '');
INSERT INTO `sys_menu` (`menu_id`, `menu_name`, `parent_id`, `order_num`, `path`, `component`, `query`, `is_frame`, `is_cache`, `menu_type`, `visible`, `status`, `perms`, `icon`, `create_by`, `create_time`, `update_by`, `update_time`, `remark`) VALUES (2054, 'ip地址导出', 2049, 5, '#', '', NULL, 1, 0, 'F', '0', '0', 'ledger:ip:export', '#', 'admin', '2024-02-22 10:07:22', '', NULL, '');
INSERT INTO `sys_menu` (`menu_id`, `menu_name`, `parent_id`, `order_num`, `path`, `component`, `query`, `is_frame`, `is_cache`, `menu_type`, `visible`, `status`, `perms`, `icon`, `create_by`, `create_time`, `update_by`, `update_time`, `remark`) VALUES (2055, '机柜地址', 2001, 1, 'location', 'ledger/location/index', NULL, 1, 0, 'C', '0', '0', 'ledger:location:list', 'row', 'admin', '2024-02-22 10:07:33', 'admin', '2024-02-22 17:10:48', '机柜地址菜单');
INSERT INTO `sys_menu` (`menu_id`, `menu_name`, `parent_id`, `order_num`, `path`, `component`, `query`, `is_frame`, `is_cache`, `menu_type`, `visible`, `status`, `perms`, `icon`, `create_by`, `create_time`, `update_by`, `update_time`, `remark`) VALUES (2056, '机柜地址查询', 2055, 1, '#', '', NULL, 1, 0, 'F', '0', '0', 'ledger:location:query', '#', 'admin', '2024-02-22 10:07:33', '', NULL, '');
INSERT INTO `sys_menu` (`menu_id`, `menu_name`, `parent_id`, `order_num`, `path`, `component`, `query`, `is_frame`, `is_cache`, `menu_type`, `visible`, `status`, `perms`, `icon`, `create_by`, `create_time`, `update_by`, `update_time`, `remark`) VALUES (2057, '机柜地址新增', 2055, 2, '#', '', NULL, 1, 0, 'F', '0', '0', 'ledger:location:add', '#', 'admin', '2024-02-22 10:07:33', '', NULL, '');
INSERT INTO `sys_menu` (`menu_id`, `menu_name`, `parent_id`, `order_num`, `path`, `component`, `query`, `is_frame`, `is_cache`, `menu_type`, `visible`, `status`, `perms`, `icon`, `create_by`, `create_time`, `update_by`, `update_time`, `remark`) VALUES (2058, '机柜地址修改', 2055, 3, '#', '', NULL, 1, 0, 'F', '0', '0', 'ledger:location:edit', '#', 'admin', '2024-02-22 10:07:33', '', NULL, '');
INSERT INTO `sys_menu` (`menu_id`, `menu_name`, `parent_id`, `order_num`, `path`, `component`, `query`, `is_frame`, `is_cache`, `menu_type`, `visible`, `status`, `perms`, `icon`, `create_by`, `create_time`, `update_by`, `update_time`, `remark`) VALUES (2059, '机柜地址删除', 2055, 4, '#', '', NULL, 1, 0, 'F', '0', '0', 'ledger:location:remove', '#', 'admin', '2024-02-22 10:07:33', '', NULL, '');
INSERT INTO `sys_menu` (`menu_id`, `menu_name`, `parent_id`, `order_num`, `path`, `component`, `query`, `is_frame`, `is_cache`, `menu_type`, `visible`, `status`, `perms`, `icon`, `create_by`, `create_time`, `update_by`, `update_time`, `remark`) VALUES (2060, '机柜地址导出', 2055, 5, '#', '', NULL, 1, 0, 'F', '0', '0', 'ledger:location:export', '#', 'admin', '2024-02-22 10:07:33', '', NULL, '');
INSERT INTO `sys_menu` (`menu_id`, `menu_name`, `parent_id`, `order_num`, `path`, `component`, `query`, `is_frame`, `is_cache`, `menu_type`, `visible`, `status`, `perms`, `icon`, `create_by`, `create_time`, `update_by`, `update_time`, `remark`) VALUES (2061, '电源详情', 2001, 1, 'supply', 'ledger/supply/index', NULL, 1, 0, 'C', '0', '0', 'ledger:supply:list', 'tab', 'admin', '2024-02-22 10:07:42', 'admin', '2024-02-23 08:09:34', '电源详情菜单');
INSERT INTO `sys_menu` (`menu_id`, `menu_name`, `parent_id`, `order_num`, `path`, `component`, `query`, `is_frame`, `is_cache`, `menu_type`, `visible`, `status`, `perms`, `icon`, `create_by`, `create_time`, `update_by`, `update_time`, `remark`) VALUES (2062, '电源详情查询', 2061, 1, '#', '', NULL, 1, 0, 'F', '0', '0', 'ledger:supply:query', '#', 'admin', '2024-02-22 10:07:42', '', NULL, '');
INSERT INTO `sys_menu` (`menu_id`, `menu_name`, `parent_id`, `order_num`, `path`, `component`, `query`, `is_frame`, `is_cache`, `menu_type`, `visible`, `status`, `perms`, `icon`, `create_by`, `create_time`, `update_by`, `update_time`, `remark`) VALUES (2063, '电源详情新增', 2061, 2, '#', '', NULL, 1, 0, 'F', '0', '0', 'ledger:supply:add', '#', 'admin', '2024-02-22 10:07:42', '', NULL, '');
INSERT INTO `sys_menu` (`menu_id`, `menu_name`, `parent_id`, `order_num`, `path`, `component`, `query`, `is_frame`, `is_cache`, `menu_type`, `visible`, `status`, `perms`, `icon`, `create_by`, `create_time`, `update_by`, `update_time`, `remark`) VALUES (2064, '电源详情修改', 2061, 3, '#', '', NULL, 1, 0, 'F', '0', '0', 'ledger:supply:edit', '#', 'admin', '2024-02-22 10:07:42', '', NULL, '');
INSERT INTO `sys_menu` (`menu_id`, `menu_name`, `parent_id`, `order_num`, `path`, `component`, `query`, `is_frame`, `is_cache`, `menu_type`, `visible`, `status`, `perms`, `icon`, `create_by`, `create_time`, `update_by`, `update_time`, `remark`) VALUES (2065, '电源详情删除', 2061, 4, '#', '', NULL, 1, 0, 'F', '0', '0', 'ledger:supply:remove', '#', 'admin', '2024-02-22 10:07:42', '', NULL, '');
INSERT INTO `sys_menu` (`menu_id`, `menu_name`, `parent_id`, `order_num`, `path`, `component`, `query`, `is_frame`, `is_cache`, `menu_type`, `visible`, `status`, `perms`, `icon`, `create_by`, `create_time`, `update_by`, `update_time`, `remark`) VALUES (2066, '电源详情导出', 2061, 5, '#', '', NULL, 1, 0, 'F', '0', '0', 'ledger:supply:export', '#', 'admin', '2024-02-22 10:07:42', '', NULL, '');
INSERT INTO `sys_menu` (`menu_id`, `menu_name`, `parent_id`, `order_num`, `path`, `component`, `query`, `is_frame`, `is_cache`, `menu_type`, `visible`, `status`, `perms`, `icon`, `create_by`, `create_time`, `update_by`, `update_time`, `remark`) VALUES (2079, '操作系统', 2001, 1, 'sys', 'ledger/sys/index', NULL, 1, 0, 'C', '0', '0', 'ledger:sys:list', 'druid', 'admin', '2024-02-23 10:09:29', 'admin', '2024-02-23 11:09:40', '操作系统菜单');
INSERT INTO `sys_menu` (`menu_id`, `menu_name`, `parent_id`, `order_num`, `path`, `component`, `query`, `is_frame`, `is_cache`, `menu_type`, `visible`, `status`, `perms`, `icon`, `create_by`, `create_time`, `update_by`, `update_time`, `remark`) VALUES (2080, '操作系统查询', 2079, 1, '#', '', NULL, 1, 0, 'F', '0', '0', 'ledger:sys:query', '#', 'admin', '2024-02-23 10:09:29', '', NULL, '');
INSERT INTO `sys_menu` (`menu_id`, `menu_name`, `parent_id`, `order_num`, `path`, `component`, `query`, `is_frame`, `is_cache`, `menu_type`, `visible`, `status`, `perms`, `icon`, `create_by`, `create_time`, `update_by`, `update_time`, `remark`) VALUES (2081, '操作系统新增', 2079, 2, '#', '', NULL, 1, 0, 'F', '0', '0', 'ledger:sys:add', '#', 'admin', '2024-02-23 10:09:29', '', NULL, '');
INSERT INTO `sys_menu` (`menu_id`, `menu_name`, `parent_id`, `order_num`, `path`, `component`, `query`, `is_frame`, `is_cache`, `menu_type`, `visible`, `status`, `perms`, `icon`, `create_by`, `create_time`, `update_by`, `update_time`, `remark`) VALUES (2082, '操作系统修改', 2079, 3, '#', '', NULL, 1, 0, 'F', '0', '0', 'ledger:sys:edit', '#', 'admin', '2024-02-23 10:09:29', '', NULL, '');
INSERT INTO `sys_menu` (`menu_id`, `menu_name`, `parent_id`, `order_num`, `path`, `component`, `query`, `is_frame`, `is_cache`, `menu_type`, `visible`, `status`, `perms`, `icon`, `create_by`, `create_time`, `update_by`, `update_time`, `remark`) VALUES (2083, '操作系统删除', 2079, 4, '#', '', NULL, 1, 0, 'F', '0', '0', 'ledger:sys:remove', '#', 'admin', '2024-02-23 10:09:29', '', NULL, '');
INSERT INTO `sys_menu` (`menu_id`, `menu_name`, `parent_id`, `order_num`, `path`, `component`, `query`, `is_frame`, `is_cache`, `menu_type`, `visible`, `status`, `perms`, `icon`, `create_by`, `create_time`, `update_by`, `update_time`, `remark`) VALUES (2084, '操作系统导出', 2079, 5, '#', '', NULL, 1, 0, 'F', '0', '0', 'ledger:sys:export', '#', 'admin', '2024-02-23 10:09:29', '', NULL, '');
COMMIT;

-- ----------------------------
-- Table structure for sys_notice
-- ----------------------------
DROP TABLE IF EXISTS `sys_notice`;
CREATE TABLE `sys_notice` (
  `notice_id` int NOT NULL AUTO_INCREMENT COMMENT '公告ID',
  `notice_title` varchar(50) NOT NULL COMMENT '公告标题',
  `notice_type` char(1) NOT NULL COMMENT '公告类型（1通知 2公告）',
  `notice_content` longblob COMMENT '公告内容',
  `status` char(1) DEFAULT '0' COMMENT '公告状态（0正常 1关闭）',
  `create_by` varchar(64) DEFAULT '' COMMENT '创建者',
  `create_time` datetime DEFAULT NULL COMMENT '创建时间',
  `update_by` varchar(64) DEFAULT '' COMMENT '更新者',
  `update_time` datetime DEFAULT NULL COMMENT '更新时间',
  `remark` varchar(255) DEFAULT NULL COMMENT '备注',
  PRIMARY KEY (`notice_id`)
) ENGINE=InnoDB AUTO_INCREMENT=10 DEFAULT CHARSET=utf8mb4 COLLATE=utf8mb4_0900_ai_ci COMMENT='通知公告表';

-- ----------------------------
-- Records of sys_notice
-- ----------------------------
BEGIN;
INSERT INTO `sys_notice` (`notice_id`, `notice_title`, `notice_type`, `notice_content`, `status`, `create_by`, `create_time`, `update_by`, `update_time`, `remark`) VALUES (1, '温馨提醒：2018-07-01 若依新版本发布啦', '2', 0xE696B0E78988E69CACE58685E5AEB9, '0', 'admin', '2023-01-16 10:30:04', '', NULL, '管理员');
INSERT INTO `sys_notice` (`notice_id`, `notice_title`, `notice_type`, `notice_content`, `status`, `create_by`, `create_time`, `update_by`, `update_time`, `remark`) VALUES (2, '维护通知：2018-07-01 若依系统凌晨维护', '1', 0xE7BBB4E68AA4E58685E5AEB9, '0', 'admin', '2023-01-16 10:30:04', '', NULL, '管理员');
COMMIT;

-- ----------------------------
-- Table structure for sys_oper_log
-- ----------------------------
DROP TABLE IF EXISTS `sys_oper_log`;
CREATE TABLE `sys_oper_log` (
  `oper_id` bigint NOT NULL AUTO_INCREMENT COMMENT '日志主键',
  `title` varchar(50) DEFAULT '' COMMENT '模块标题',
  `business_type` int DEFAULT '0' COMMENT '业务类型（0其它 1新增 2修改 3删除）',
  `method` varchar(100) DEFAULT '' COMMENT '方法名称',
  `request_method` varchar(10) DEFAULT '' COMMENT '请求方式',
  `operator_type` int DEFAULT '0' COMMENT '操作类别（0其它 1后台用户 2手机端用户）',
  `oper_name` varchar(50) DEFAULT '' COMMENT '操作人员',
  `dept_name` varchar(50) DEFAULT '' COMMENT '部门名称',
  `oper_url` varchar(255) DEFAULT '' COMMENT '请求URL',
  `oper_ip` varchar(128) DEFAULT '' COMMENT '主机地址',
  `oper_location` varchar(255) DEFAULT '' COMMENT '操作地点',
  `oper_param` varchar(2000) DEFAULT '' COMMENT '请求参数',
  `json_result` varchar(2000) DEFAULT '' COMMENT '返回参数',
  `status` int DEFAULT '0' COMMENT '操作状态（0正常 1异常）',
  `error_msg` varchar(2000) DEFAULT '' COMMENT '错误消息',
  `oper_time` datetime DEFAULT NULL COMMENT '操作时间',
  PRIMARY KEY (`oper_id`)
) ENGINE=InnoDB AUTO_INCREMENT=403 DEFAULT CHARSET=utf8mb4 COLLATE=utf8mb4_0900_ai_ci COMMENT='操作日志记录';

-- ----------------------------
-- Records of sys_oper_log
-- ----------------------------
BEGIN;
INSERT INTO `sys_oper_log` (`oper_id`, `title`, `business_type`, `method`, `request_method`, `operator_type`, `oper_name`, `dept_name`, `oper_url`, `oper_ip`, `oper_location`, `oper_param`, `json_result`, `status`, `error_msg`, `oper_time`) VALUES (100, '角色管理', 2, 'com.ruoyi.web.controller.system.SysRoleController.edit()', 'PUT', 1, 'admin', NULL, '/system/role', '127.0.0.1', '内网IP', '{\"admin\":false,\"createTime\":\"2023-01-16 10:30:04\",\"dataScope\":\"2\",\"delFlag\":\"0\",\"deptCheckStrictly\":true,\"flag\":false,\"menuCheckStrictly\":true,\"menuIds\":[3,1,100,1000,1001,1002,1003,1004,1005,1006,101,1007,1008,1009,1010,1011,102,1012,1013,1014,1015,103,1016,1017,1018,1019,104,1020,1021,1022,1023,1024,105,1025,1026,1027,1028,1029,106,1030,1031,1032,1033,1034,107,1035,1036,1037,1038,108,500,1039,1040,1041,501,1042,1043,1044,1045,2,109,1046,1047,1048,110,1049,1050,1051,1052,1053,1054,111,112,113,114,115,117,4],\"params\":{},\"remark\":\"普通角色\",\"roleId\":2,\"roleKey\":\"common\",\"roleName\":\"普通角色\",\"roleSort\":2,\"status\":\"0\",\"updateBy\":\"admin\"}', '{\"msg\":\"操作成功\",\"code\":200}', 0, NULL, '2023-02-20 15:31:53');
INSERT INTO `sys_oper_log` (`oper_id`, `title`, `business_type`, `method`, `request_method`, `operator_type`, `oper_name`, `dept_name`, `oper_url`, `oper_ip`, `oper_location`, `oper_param`, `json_result`, `status`, `error_msg`, `oper_time`) VALUES (101, '角色管理', 2, 'com.ruoyi.web.controller.system.SysRoleController.edit()', 'PUT', 1, 'admin', NULL, '/system/role', '127.0.0.1', '内网IP', '{\"admin\":false,\"createTime\":\"2023-01-16 10:30:04\",\"dataScope\":\"2\",\"delFlag\":\"0\",\"deptCheckStrictly\":true,\"flag\":false,\"menuCheckStrictly\":true,\"menuIds\":[3,116,1,100,1000,1001,1002,1003,1004,1005,1006,101,1007,1008,1009,1010,1011,102,1012,1013,1014,1015,103,1016,1017,1018,1019,104,1020,1021,1022,1023,1024,105,1025,1026,1027,1028,1029,106,1030,1031,1032,1033,1034,107,1035,1036,1037,1038,108,500,1039,1040,1041,501,1042,1043,1044,1045,2,109,1046,1047,1048,110,1049,1050,1051,1052,1053,1054,111,112,113,114,115,1055,117,4],\"params\":{},\"remark\":\"普通角色\",\"roleId\":2,\"roleKey\":\"common\",\"roleName\":\"普通角色\",\"roleSort\":2,\"status\":\"0\",\"updateBy\":\"admin\"}', '{\"msg\":\"操作成功\",\"code\":200}', 0, NULL, '2023-02-20 15:34:24');
INSERT INTO `sys_oper_log` (`oper_id`, `title`, `business_type`, `method`, `request_method`, `operator_type`, `oper_name`, `dept_name`, `oper_url`, `oper_ip`, `oper_location`, `oper_param`, `json_result`, `status`, `error_msg`, `oper_time`) VALUES (102, '菜单管理', 1, 'com.ruoyi.web.controller.system.SysMenuController.add()', 'POST', 1, 'admin', NULL, '/system/menu', '127.0.0.1', '内网IP', '{\"children\":[],\"createBy\":\"admin\",\"icon\":\"404\",\"isCache\":\"0\",\"isFrame\":\"1\",\"menuName\":\"cs\",\"menuType\":\"M\",\"orderNum\":1,\"params\":{},\"parentId\":100,\"path\":\"/dd\",\"status\":\"0\",\"visible\":\"0\"}', '{\"msg\":\"操作成功\",\"code\":200}', 0, NULL, '2023-03-01 16:37:45');
INSERT INTO `sys_oper_log` (`oper_id`, `title`, `business_type`, `method`, `request_method`, `operator_type`, `oper_name`, `dept_name`, `oper_url`, `oper_ip`, `oper_location`, `oper_param`, `json_result`, `status`, `error_msg`, `oper_time`) VALUES (103, '菜单管理', 3, 'com.ruoyi.web.controller.system.SysMenuController.remove()', 'DELETE', 1, 'admin', NULL, '/system/menu/2000', '127.0.0.1', '内网IP', '{}', '{\"msg\":\"操作成功\",\"code\":200}', 0, NULL, '2023-03-01 16:37:51');
INSERT INTO `sys_oper_log` (`oper_id`, `title`, `business_type`, `method`, `request_method`, `operator_type`, `oper_name`, `dept_name`, `oper_url`, `oper_ip`, `oper_location`, `oper_param`, `json_result`, `status`, `error_msg`, `oper_time`) VALUES (104, '菜单管理', 2, 'com.ruoyi.web.controller.system.SysMenuController.edit()', 'PUT', 1, 'admin', NULL, '/system/menu', '172.20.10.4', '内网IP', '{\"children\":[],\"createTime\":\"2023-01-16 10:30:04\",\"icon\":\"monitor\",\"isCache\":\"0\",\"isFrame\":\"1\",\"menuId\":2,\"menuName\":\"系统监控\",\"menuType\":\"M\",\"orderNum\":1,\"params\":{},\"parentId\":0,\"path\":\"monitor\",\"perms\":\"\",\"query\":\"\",\"status\":\"0\",\"updateBy\":\"admin\",\"visible\":\"0\"}', '{\"msg\":\"操作成功\",\"code\":200}', 0, NULL, '2023-03-02 14:55:56');
INSERT INTO `sys_oper_log` (`oper_id`, `title`, `business_type`, `method`, `request_method`, `operator_type`, `oper_name`, `dept_name`, `oper_url`, `oper_ip`, `oper_location`, `oper_param`, `json_result`, `status`, `error_msg`, `oper_time`) VALUES (105, '菜单管理', 2, 'com.ruoyi.web.controller.system.SysMenuController.edit()', 'PUT', 1, 'admin', NULL, '/system/menu', '172.20.10.4', '内网IP', '{\"children\":[],\"createTime\":\"2023-01-16 10:30:04\",\"icon\":\"system\",\"isCache\":\"0\",\"isFrame\":\"1\",\"menuId\":1,\"menuName\":\"系统管理\",\"menuType\":\"M\",\"orderNum\":2,\"params\":{},\"parentId\":0,\"path\":\"system\",\"perms\":\"\",\"query\":\"\",\"status\":\"0\",\"updateBy\":\"admin\",\"visible\":\"0\"}', '{\"msg\":\"操作成功\",\"code\":200}', 0, NULL, '2023-03-02 14:56:02');
INSERT INTO `sys_oper_log` (`oper_id`, `title`, `business_type`, `method`, `request_method`, `operator_type`, `oper_name`, `dept_name`, `oper_url`, `oper_ip`, `oper_location`, `oper_param`, `json_result`, `status`, `error_msg`, `oper_time`) VALUES (106, '菜单管理', 2, 'com.ruoyi.web.controller.system.SysMenuController.edit()', 'PUT', 1, 'admin', NULL, '/system/menu', '172.20.10.4', '内网IP', '{\"children\":[],\"createTime\":\"2023-01-16 10:30:04\",\"icon\":\"system\",\"isCache\":\"0\",\"isFrame\":\"1\",\"menuId\":1,\"menuName\":\"系统管理\",\"menuType\":\"M\",\"orderNum\":1,\"params\":{},\"parentId\":0,\"path\":\"system\",\"perms\":\"\",\"query\":\"\",\"status\":\"0\",\"updateBy\":\"admin\",\"visible\":\"0\"}', '{\"msg\":\"操作成功\",\"code\":200}', 0, NULL, '2023-03-02 14:56:12');
INSERT INTO `sys_oper_log` (`oper_id`, `title`, `business_type`, `method`, `request_method`, `operator_type`, `oper_name`, `dept_name`, `oper_url`, `oper_ip`, `oper_location`, `oper_param`, `json_result`, `status`, `error_msg`, `oper_time`) VALUES (107, '菜单管理', 2, 'com.ruoyi.web.controller.system.SysMenuController.edit()', 'PUT', 1, 'admin', NULL, '/system/menu', '172.20.10.4', '内网IP', '{\"children\":[],\"createTime\":\"2023-01-16 10:30:04\",\"icon\":\"system\",\"isCache\":\"0\",\"isFrame\":\"1\",\"menuId\":1,\"menuName\":\"系统管理\",\"menuType\":\"M\",\"orderNum\":1,\"params\":{},\"parentId\":0,\"path\":\"system\",\"perms\":\"\",\"query\":\"\",\"status\":\"0\",\"updateBy\":\"admin\",\"visible\":\"0\"}', '{\"msg\":\"操作成功\",\"code\":200}', 0, NULL, '2023-03-02 14:56:19');
INSERT INTO `sys_oper_log` (`oper_id`, `title`, `business_type`, `method`, `request_method`, `operator_type`, `oper_name`, `dept_name`, `oper_url`, `oper_ip`, `oper_location`, `oper_param`, `json_result`, `status`, `error_msg`, `oper_time`) VALUES (108, '字典类型', 1, 'com.ruoyi.web.controller.system.SysDictTypeController.add()', 'POST', 1, 'admin', NULL, '/system/dict/type', '127.0.0.1', '内网IP', '{\"createBy\":\"admin\",\"dictName\":\"x1\",\"dictType\":\"x1\",\"params\":{},\"status\":\"0\"}', '{\"msg\":\"操作成功\",\"code\":200}', 0, NULL, '2023-10-08 10:50:30');
INSERT INTO `sys_oper_log` (`oper_id`, `title`, `business_type`, `method`, `request_method`, `operator_type`, `oper_name`, `dept_name`, `oper_url`, `oper_ip`, `oper_location`, `oper_param`, `json_result`, `status`, `error_msg`, `oper_time`) VALUES (109, '字典类型', 1, 'com.ruoyi.web.controller.system.SysDictTypeController.add()', 'POST', 1, 'admin', NULL, '/system/dict/type', '127.0.0.1', '内网IP', '{\"createBy\":\"admin\",\"dictName\":\"x2\",\"dictType\":\"x2\",\"params\":{},\"status\":\"0\"}', '{\"msg\":\"操作成功\",\"code\":200}', 0, NULL, '2023-10-08 10:53:02');
INSERT INTO `sys_oper_log` (`oper_id`, `title`, `business_type`, `method`, `request_method`, `operator_type`, `oper_name`, `dept_name`, `oper_url`, `oper_ip`, `oper_location`, `oper_param`, `json_result`, `status`, `error_msg`, `oper_time`) VALUES (110, '字典类型', 3, 'com.ruoyi.web.controller.system.SysDictTypeController.remove()', 'DELETE', 1, 'admin', NULL, '/system/dict/type/100', '127.0.0.1', '内网IP', '{}', '{\"msg\":\"操作成功\",\"code\":200}', 0, NULL, '2023-10-08 10:53:26');
INSERT INTO `sys_oper_log` (`oper_id`, `title`, `business_type`, `method`, `request_method`, `operator_type`, `oper_name`, `dept_name`, `oper_url`, `oper_ip`, `oper_location`, `oper_param`, `json_result`, `status`, `error_msg`, `oper_time`) VALUES (111, '字典类型', 3, 'com.ruoyi.web.controller.system.SysDictTypeController.remove()', 'DELETE', 1, 'admin', NULL, '/system/dict/type/101', '127.0.0.1', '内网IP', '{}', '{\"msg\":\"操作成功\",\"code\":200}', 0, NULL, '2023-10-08 10:53:32');
INSERT INTO `sys_oper_log` (`oper_id`, `title`, `business_type`, `method`, `request_method`, `operator_type`, `oper_name`, `dept_name`, `oper_url`, `oper_ip`, `oper_location`, `oper_param`, `json_result`, `status`, `error_msg`, `oper_time`) VALUES (112, '菜单管理', 1, 'com.ruoyi.web.controller.system.SysMenuController.add()', 'POST', 1, 'admin', NULL, '/system/menu', '127.0.0.1', '内网IP', '{\"children\":[],\"createBy\":\"admin\",\"icon\":\"table\",\"isCache\":\"0\",\"isFrame\":\"1\",\"menuName\":\"ledger\",\"menuType\":\"M\",\"orderNum\":1,\"params\":{},\"parentId\":0,\"path\":\"ledger\",\"status\":\"0\",\"visible\":\"0\"}', '{\"msg\":\"操作成功\",\"code\":200}', 0, NULL, '2024-02-12 13:01:08');
INSERT INTO `sys_oper_log` (`oper_id`, `title`, `business_type`, `method`, `request_method`, `operator_type`, `oper_name`, `dept_name`, `oper_url`, `oper_ip`, `oper_location`, `oper_param`, `json_result`, `status`, `error_msg`, `oper_time`) VALUES (113, '菜单管理', 2, 'com.ruoyi.web.controller.system.SysMenuController.edit()', 'PUT', 1, 'admin', NULL, '/system/menu', '127.0.0.1', '内网IP', '{\"children\":[],\"createTime\":\"2024-02-12 13:01:08\",\"icon\":\"table\",\"isCache\":\"0\",\"isFrame\":\"1\",\"menuId\":2001,\"menuName\":\"台账\",\"menuType\":\"M\",\"orderNum\":1,\"params\":{},\"parentId\":0,\"path\":\"ledger\",\"perms\":\"\",\"status\":\"0\",\"updateBy\":\"admin\",\"visible\":\"0\"}', '{\"msg\":\"操作成功\",\"code\":200}', 0, NULL, '2024-02-12 13:03:05');
INSERT INTO `sys_oper_log` (`oper_id`, `title`, `business_type`, `method`, `request_method`, `operator_type`, `oper_name`, `dept_name`, `oper_url`, `oper_ip`, `oper_location`, `oper_param`, `json_result`, `status`, `error_msg`, `oper_time`) VALUES (114, '菜单管理', 2, 'com.ruoyi.web.controller.system.SysMenuController.edit()', 'PUT', 1, 'admin', NULL, '/system/menu', '127.0.0.1', '内网IP', '{\"children\":[],\"createTime\":\"2024-02-12 13:01:08\",\"icon\":\"table\",\"isCache\":\"0\",\"isFrame\":\"1\",\"menuId\":2001,\"menuName\":\"台账管理\",\"menuType\":\"M\",\"orderNum\":1,\"params\":{},\"parentId\":0,\"path\":\"ledger\",\"perms\":\"\",\"status\":\"0\",\"updateBy\":\"admin\",\"visible\":\"0\"}', '{\"msg\":\"操作成功\",\"code\":200}', 0, NULL, '2024-02-12 13:03:13');
INSERT INTO `sys_oper_log` (`oper_id`, `title`, `business_type`, `method`, `request_method`, `operator_type`, `oper_name`, `dept_name`, `oper_url`, `oper_ip`, `oper_location`, `oper_param`, `json_result`, `status`, `error_msg`, `oper_time`) VALUES (115, '角色管理', 2, 'com.ruoyi.web.controller.system.SysRoleController.edit()', 'PUT', 1, 'admin', NULL, '/system/role', '127.0.0.1', '内网IP', '{\"admin\":false,\"createTime\":\"2023-01-16 10:30:04\",\"dataScope\":\"2\",\"delFlag\":\"0\",\"deptCheckStrictly\":true,\"flag\":false,\"menuCheckStrictly\":true,\"menuIds\":[2001],\"params\":{},\"remark\":\"普通角色\",\"roleId\":2,\"roleKey\":\"common\",\"roleName\":\"普通角色\",\"roleSort\":2,\"status\":\"0\",\"updateBy\":\"admin\"}', '{\"msg\":\"操作成功\",\"code\":200}', 0, NULL, '2024-02-12 13:03:36');
INSERT INTO `sys_oper_log` (`oper_id`, `title`, `business_type`, `method`, `request_method`, `operator_type`, `oper_name`, `dept_name`, `oper_url`, `oper_ip`, `oper_location`, `oper_param`, `json_result`, `status`, `error_msg`, `oper_time`) VALUES (116, '用户管理', 2, 'com.ruoyi.web.controller.system.SysUserController.edit()', 'PUT', 1, 'admin', NULL, '/system/user', '127.0.0.1', '内网IP', '{\"admin\":false,\"avatar\":\"\",\"createBy\":\"\",\"createTime\":\"2023-10-05 16:04:12\",\"delFlag\":\"0\",\"email\":\"\",\"loginDate\":\"2024-02-12 12:12:41\",\"loginIp\":\"127.0.0.1\",\"nickName\":\"disda\",\"params\":{},\"phonenumber\":\"\",\"postIds\":[],\"roleIds\":[2],\"roles\":[],\"sex\":\"0\",\"status\":\"0\",\"updateBy\":\"admin\",\"userId\":100,\"userName\":\"disda\"}', '{\"msg\":\"操作成功\",\"code\":200}', 0, NULL, '2024-02-12 13:03:54');
INSERT INTO `sys_oper_log` (`oper_id`, `title`, `business_type`, `method`, `request_method`, `operator_type`, `oper_name`, `dept_name`, `oper_url`, `oper_ip`, `oper_location`, `oper_param`, `json_result`, `status`, `error_msg`, `oper_time`) VALUES (117, '菜单管理', 1, 'com.ruoyi.web.controller.system.SysMenuController.add()', 'POST', 1, 'admin', NULL, '/system/menu', '127.0.0.1', '内网IP', '{\"children\":[],\"createBy\":\"admin\",\"icon\":\"build\",\"isCache\":\"0\",\"isFrame\":\"1\",\"menuName\":\"主站台账\",\"menuType\":\"C\",\"orderNum\":1,\"params\":{},\"parentId\":2001,\"path\":\"main\",\"status\":\"0\",\"visible\":\"0\"}', '{\"msg\":\"操作成功\",\"code\":200}', 0, NULL, '2024-02-19 17:08:11');
INSERT INTO `sys_oper_log` (`oper_id`, `title`, `business_type`, `method`, `request_method`, `operator_type`, `oper_name`, `dept_name`, `oper_url`, `oper_ip`, `oper_location`, `oper_param`, `json_result`, `status`, `error_msg`, `oper_time`) VALUES (118, '菜单管理', 3, 'com.ruoyi.web.controller.system.SysMenuController.remove()', 'DELETE', 1, 'admin', NULL, '/system/menu/4', '127.0.0.1', '内网IP', '{}', '{\"msg\":\"操作成功\",\"code\":200}', 0, NULL, '2024-02-19 17:08:47');
INSERT INTO `sys_oper_log` (`oper_id`, `title`, `business_type`, `method`, `request_method`, `operator_type`, `oper_name`, `dept_name`, `oper_url`, `oper_ip`, `oper_location`, `oper_param`, `json_result`, `status`, `error_msg`, `oper_time`) VALUES (119, '菜单管理', 2, 'com.ruoyi.web.controller.system.SysMenuController.edit()', 'PUT', 1, 'admin', NULL, '/system/menu', '127.0.0.1', '内网IP', '{\"children\":[],\"component\":\"ledge/main/index\",\"createTime\":\"2024-02-19 17:08:11\",\"icon\":\"build\",\"isCache\":\"0\",\"isFrame\":\"1\",\"menuId\":2002,\"menuName\":\"主站台账\",\"menuType\":\"C\",\"orderNum\":1,\"params\":{},\"parentId\":2001,\"path\":\"main\",\"perms\":\"\",\"status\":\"0\",\"updateBy\":\"admin\",\"visible\":\"0\"}', '{\"msg\":\"操作成功\",\"code\":200}', 0, NULL, '2024-02-19 17:09:13');
INSERT INTO `sys_oper_log` (`oper_id`, `title`, `business_type`, `method`, `request_method`, `operator_type`, `oper_name`, `dept_name`, `oper_url`, `oper_ip`, `oper_location`, `oper_param`, `json_result`, `status`, `error_msg`, `oper_time`) VALUES (120, '角色管理', 2, 'com.ruoyi.web.controller.system.SysRoleController.edit()', 'PUT', 1, 'admin', NULL, '/system/role', '127.0.0.1', '内网IP', '{\"admin\":false,\"createTime\":\"2023-01-16 10:30:04\",\"dataScope\":\"2\",\"delFlag\":\"0\",\"deptCheckStrictly\":true,\"flag\":false,\"menuCheckStrictly\":true,\"menuIds\":[2001,2002],\"params\":{},\"remark\":\"普通角色\",\"roleId\":2,\"roleKey\":\"common\",\"roleName\":\"普通角色\",\"roleSort\":2,\"status\":\"0\",\"updateBy\":\"admin\"}', '{\"msg\":\"操作成功\",\"code\":200}', 0, NULL, '2024-02-19 17:11:15');
INSERT INTO `sys_oper_log` (`oper_id`, `title`, `business_type`, `method`, `request_method`, `operator_type`, `oper_name`, `dept_name`, `oper_url`, `oper_ip`, `oper_location`, `oper_param`, `json_result`, `status`, `error_msg`, `oper_time`) VALUES (121, '菜单管理', 1, 'com.ruoyi.web.controller.system.SysMenuController.add()', 'POST', 1, 'admin', NULL, '/system/menu', '127.0.0.1', '内网IP', '{\"children\":[],\"createBy\":\"admin\",\"isCache\":\"0\",\"isFrame\":\"1\",\"menuName\":\"台账查询\",\"menuType\":\"F\",\"orderNum\":1,\"params\":{},\"parentId\":2002,\"perms\":\"ledge:device:query\",\"status\":\"0\",\"visible\":\"0\"}', '{\"msg\":\"操作成功\",\"code\":200}', 0, NULL, '2024-02-21 09:12:40');
INSERT INTO `sys_oper_log` (`oper_id`, `title`, `business_type`, `method`, `request_method`, `operator_type`, `oper_name`, `dept_name`, `oper_url`, `oper_ip`, `oper_location`, `oper_param`, `json_result`, `status`, `error_msg`, `oper_time`) VALUES (122, '菜单管理', 1, 'com.ruoyi.web.controller.system.SysMenuController.add()', 'POST', 1, 'admin', NULL, '/system/menu', '127.0.0.1', '内网IP', '{\"children\":[],\"createBy\":\"admin\",\"isCache\":\"0\",\"isFrame\":\"1\",\"menuName\":\"台账新增\",\"menuType\":\"F\",\"orderNum\":2,\"params\":{},\"parentId\":2002,\"perms\":\"ledge:device:add\",\"status\":\"0\",\"visible\":\"0\"}', '{\"msg\":\"操作成功\",\"code\":200}', 0, NULL, '2024-02-21 09:13:17');
INSERT INTO `sys_oper_log` (`oper_id`, `title`, `business_type`, `method`, `request_method`, `operator_type`, `oper_name`, `dept_name`, `oper_url`, `oper_ip`, `oper_location`, `oper_param`, `json_result`, `status`, `error_msg`, `oper_time`) VALUES (123, '菜单管理', 1, 'com.ruoyi.web.controller.system.SysMenuController.add()', 'POST', 1, 'admin', NULL, '/system/menu', '127.0.0.1', '内网IP', '{\"children\":[],\"createBy\":\"admin\",\"isCache\":\"0\",\"isFrame\":\"1\",\"menuName\":\"台账修改\",\"menuType\":\"F\",\"orderNum\":1,\"params\":{},\"parentId\":2002,\"perms\":\"ledge:device:edit\",\"status\":\"0\",\"visible\":\"0\"}', '{\"msg\":\"操作成功\",\"code\":200}', 0, NULL, '2024-02-21 09:13:38');
INSERT INTO `sys_oper_log` (`oper_id`, `title`, `business_type`, `method`, `request_method`, `operator_type`, `oper_name`, `dept_name`, `oper_url`, `oper_ip`, `oper_location`, `oper_param`, `json_result`, `status`, `error_msg`, `oper_time`) VALUES (124, '菜单管理', 1, 'com.ruoyi.web.controller.system.SysMenuController.add()', 'POST', 1, 'admin', NULL, '/system/menu', '127.0.0.1', '内网IP', '{\"children\":[],\"createBy\":\"admin\",\"isCache\":\"0\",\"isFrame\":\"1\",\"menuName\":\"台账删除\",\"menuType\":\"F\",\"orderNum\":4,\"params\":{},\"parentId\":2002,\"perms\":\"ledge:device:remove\",\"status\":\"0\",\"visible\":\"0\"}', '{\"msg\":\"操作成功\",\"code\":200}', 0, NULL, '2024-02-21 09:13:53');
INSERT INTO `sys_oper_log` (`oper_id`, `title`, `business_type`, `method`, `request_method`, `operator_type`, `oper_name`, `dept_name`, `oper_url`, `oper_ip`, `oper_location`, `oper_param`, `json_result`, `status`, `error_msg`, `oper_time`) VALUES (125, '菜单管理', 2, 'com.ruoyi.web.controller.system.SysMenuController.edit()', 'PUT', 1, 'admin', NULL, '/system/menu', '127.0.0.1', '内网IP', '{\"children\":[],\"component\":\"ledge/main/index\",\"createTime\":\"2024-02-19 17:08:11\",\"icon\":\"build\",\"isCache\":\"0\",\"isFrame\":\"1\",\"menuId\":2002,\"menuName\":\"主站台账\",\"menuType\":\"C\",\"orderNum\":1,\"params\":{},\"parentId\":2001,\"path\":\"main\",\"perms\":\"\",\"query\":\"ledge:device:list\",\"status\":\"0\",\"updateBy\":\"admin\",\"visible\":\"0\"}', '{\"msg\":\"操作成功\",\"code\":200}', 0, NULL, '2024-02-21 09:17:17');
INSERT INTO `sys_oper_log` (`oper_id`, `title`, `business_type`, `method`, `request_method`, `operator_type`, `oper_name`, `dept_name`, `oper_url`, `oper_ip`, `oper_location`, `oper_param`, `json_result`, `status`, `error_msg`, `oper_time`) VALUES (126, '菜单管理', 2, 'com.ruoyi.web.controller.system.SysMenuController.edit()', 'PUT', 1, 'admin', NULL, '/system/menu', '127.0.0.1', '内网IP', '{\"children\":[],\"component\":\"ledge/main/index\",\"createTime\":\"2024-02-19 17:08:11\",\"icon\":\"build\",\"isCache\":\"0\",\"isFrame\":\"1\",\"menuId\":2002,\"menuName\":\"主站台账\",\"menuType\":\"C\",\"orderNum\":1,\"params\":{},\"parentId\":2001,\"path\":\"main\",\"perms\":\"\",\"query\":\"ledge:device:list\",\"status\":\"0\",\"updateBy\":\"admin\",\"visible\":\"0\"}', '{\"msg\":\"操作成功\",\"code\":200}', 0, NULL, '2024-02-21 09:18:06');
INSERT INTO `sys_oper_log` (`oper_id`, `title`, `business_type`, `method`, `request_method`, `operator_type`, `oper_name`, `dept_name`, `oper_url`, `oper_ip`, `oper_location`, `oper_param`, `json_result`, `status`, `error_msg`, `oper_time`) VALUES (127, '代码生成', 6, 'com.ruoyi.generator.controller.GenController.importTableSave()', 'POST', 1, 'admin', NULL, '/tool/gen/importTable', '127.0.0.1', '内网IP', '\"ledger_device,ledger_location,ledger_dev_ip,ledger_power_supply,ledger_dev_details,ledger_ip\"', '{\"msg\":\"操作成功\",\"code\":200}', 0, NULL, '2024-02-21 15:45:53');
INSERT INTO `sys_oper_log` (`oper_id`, `title`, `business_type`, `method`, `request_method`, `operator_type`, `oper_name`, `dept_name`, `oper_url`, `oper_ip`, `oper_location`, `oper_param`, `json_result`, `status`, `error_msg`, `oper_time`) VALUES (128, '代码生成', 8, 'com.ruoyi.generator.controller.GenController.batchGenCode()', 'GET', 1, 'admin', NULL, '/tool/gen/batchGenCode', '127.0.0.1', '内网IP', '{\"tables\":\"ledger_dev_details,ledger_dev_ip,ledger_device,ledger_ip,ledger_location,ledger_power_supply\"}', NULL, 0, NULL, '2024-02-21 15:45:57');
INSERT INTO `sys_oper_log` (`oper_id`, `title`, `business_type`, `method`, `request_method`, `operator_type`, `oper_name`, `dept_name`, `oper_url`, `oper_ip`, `oper_location`, `oper_param`, `json_result`, `status`, `error_msg`, `oper_time`) VALUES (129, '代码生成', 8, 'com.ruoyi.generator.controller.GenController.batchGenCode()', 'GET', 1, 'admin', NULL, '/tool/gen/batchGenCode', '127.0.0.1', '内网IP', '{\"tables\":\"ledger_dev_details,ledger_dev_ip,ledger_device,ledger_ip,ledger_location,ledger_power_supply\"}', NULL, 0, NULL, '2024-02-21 15:49:48');
INSERT INTO `sys_oper_log` (`oper_id`, `title`, `business_type`, `method`, `request_method`, `operator_type`, `oper_name`, `dept_name`, `oper_url`, `oper_ip`, `oper_location`, `oper_param`, `json_result`, `status`, `error_msg`, `oper_time`) VALUES (130, '代码生成', 8, 'com.ruoyi.generator.controller.GenController.batchGenCode()', 'GET', 1, 'admin', NULL, '/tool/gen/batchGenCode', '127.0.0.1', '内网IP', '{\"tables\":\"ledger_dev_details,ledger_dev_ip,ledger_device,ledger_ip,ledger_location,ledger_power_supply\"}', NULL, 0, NULL, '2024-02-21 16:26:51');
INSERT INTO `sys_oper_log` (`oper_id`, `title`, `business_type`, `method`, `request_method`, `operator_type`, `oper_name`, `dept_name`, `oper_url`, `oper_ip`, `oper_location`, `oper_param`, `json_result`, `status`, `error_msg`, `oper_time`) VALUES (131, '代码生成', 2, 'com.ruoyi.generator.controller.GenController.synchDb()', 'GET', 1, 'admin', NULL, '/tool/gen/synchDb/ledger_dev_details', '127.0.0.1', '内网IP', '{}', '{\"msg\":\"操作成功\",\"code\":200}', 0, NULL, '2024-02-21 16:27:00');
INSERT INTO `sys_oper_log` (`oper_id`, `title`, `business_type`, `method`, `request_method`, `operator_type`, `oper_name`, `dept_name`, `oper_url`, `oper_ip`, `oper_location`, `oper_param`, `json_result`, `status`, `error_msg`, `oper_time`) VALUES (132, '代码生成', 2, 'com.ruoyi.generator.controller.GenController.editSave()', 'PUT', 1, 'admin', NULL, '/tool/gen', '127.0.0.1', '内网IP', '{\"businessName\":\"main\",\"className\":\"LedgerDevDetails\",\"columns\":[{\"capJavaField\":\"Id\",\"columnComment\":\"\",\"columnId\":1,\"columnName\":\"id\",\"columnType\":\"int\",\"createBy\":\"admin\",\"createTime\":\"2024-02-21 15:45:53\",\"dictType\":\"\",\"edit\":false,\"htmlType\":\"input\",\"increment\":true,\"insert\":true,\"isIncrement\":\"1\",\"isInsert\":\"1\",\"isPk\":\"1\",\"javaField\":\"id\",\"javaType\":\"Long\",\"list\":false,\"params\":{},\"pk\":true,\"query\":false,\"queryType\":\"EQ\",\"required\":false,\"sort\":1,\"superColumn\":false,\"tableId\":1,\"updateBy\":\"\",\"updateTime\":\"2024-02-21 16:27:00\",\"usableColumn\":false},{\"capJavaField\":\"DevType\",\"columnComment\":\"\",\"columnId\":2,\"columnName\":\"dev_type\",\"columnType\":\"varchar(255)\",\"createBy\":\"admin\",\"createTime\":\"2024-02-21 15:45:53\",\"dictType\":\"\",\"edit\":true,\"htmlType\":\"select\",\"increment\":false,\"insert\":true,\"isEdit\":\"1\",\"isIncrement\":\"0\",\"isInsert\":\"1\",\"isList\":\"1\",\"isPk\":\"0\",\"isQuery\":\"1\",\"javaField\":\"devType\",\"javaType\":\"String\",\"list\":true,\"params\":{},\"pk\":false,\"query\":true,\"queryType\":\"EQ\",\"required\":false,\"sort\":2,\"superColumn\":false,\"tableId\":1,\"updateBy\":\"\",\"updateTime\":\"2024-02-21 16:27:00\",\"usableColumn\":false},{\"capJavaField\":\"DevModel\",\"columnComment\":\"\",\"columnId\":3,\"columnName\":\"dev_model\",\"columnType\":\"varchar(255)\",\"createBy\":\"admin\",\"createTime\":\"2024-02-21 15:45:53\",\"dictType\":\"\",\"edit\":true,\"htmlType\":\"input\",\"increment\":false,\"insert\":true,\"isEdit\":\"1\",\"isIncrement\":\"0\",\"isInsert\":\"1\",\"isList\":\"1\",\"isPk\":\"0\",\"isQuery\":\"1\",\"javaField\":\"devModel\",\"javaType\":\"String\",\"list\":true,\"params\":{},\"pk\":false,\"query\":true,\"queryType\":\"EQ\",\"required\":false,\"sort\":3,\"superColumn\":false,\"tableId\":1,\"updateBy\":\"\",\"updateTime\":\"2024-02-21 16:27:00\",\"usableColumn\":false}],\"crud\":true,\"functionAuthor\":\"disda\",\"functionName\":\"ledger\",\"genPath\":\"/\",\"genType\":\"0\",\"moduleName\":\"ledger\",\"options\":\"{\\\"parentMenuId\\\":\\\"\\\"}\",\"packageName\":\"com.ruoyi.ledger\",\"params\":{\"parentMenuId\":\"\"},\"parentMenuId\":\"\",\"remark\":\"1\",\"sub\":false,\"tableComment\":\"设备详细信息\",\"tableId\":1,\"tableName\":\"ledger_dev_d', '{\"msg\":\"操作成功\",\"code\":200}', 0, NULL, '2024-02-21 16:32:25');
INSERT INTO `sys_oper_log` (`oper_id`, `title`, `business_type`, `method`, `request_method`, `operator_type`, `oper_name`, `dept_name`, `oper_url`, `oper_ip`, `oper_location`, `oper_param`, `json_result`, `status`, `error_msg`, `oper_time`) VALUES (133, '代码生成', 2, 'com.ruoyi.generator.controller.GenController.editSave()', 'PUT', 1, 'admin', NULL, '/tool/gen', '127.0.0.1', '内网IP', '{\"businessName\":\"deviceDetails\",\"className\":\"LedgerDevDetails\",\"columns\":[{\"capJavaField\":\"Id\",\"columnComment\":\"\",\"columnId\":1,\"columnName\":\"id\",\"columnType\":\"int\",\"createBy\":\"admin\",\"createTime\":\"2024-02-21 15:45:53\",\"dictType\":\"\",\"edit\":false,\"htmlType\":\"input\",\"increment\":true,\"insert\":true,\"isIncrement\":\"1\",\"isInsert\":\"1\",\"isPk\":\"1\",\"javaField\":\"id\",\"javaType\":\"Long\",\"list\":false,\"params\":{},\"pk\":true,\"query\":false,\"queryType\":\"EQ\",\"required\":false,\"sort\":1,\"superColumn\":false,\"tableId\":1,\"updateBy\":\"\",\"updateTime\":\"2024-02-21 16:32:25\",\"usableColumn\":false},{\"capJavaField\":\"DevType\",\"columnComment\":\"\",\"columnId\":2,\"columnName\":\"dev_type\",\"columnType\":\"varchar(255)\",\"createBy\":\"admin\",\"createTime\":\"2024-02-21 15:45:53\",\"dictType\":\"\",\"edit\":true,\"htmlType\":\"select\",\"increment\":false,\"insert\":true,\"isEdit\":\"1\",\"isIncrement\":\"0\",\"isInsert\":\"1\",\"isList\":\"1\",\"isPk\":\"0\",\"isQuery\":\"1\",\"javaField\":\"devType\",\"javaType\":\"String\",\"list\":true,\"params\":{},\"pk\":false,\"query\":true,\"queryType\":\"EQ\",\"required\":false,\"sort\":2,\"superColumn\":false,\"tableId\":1,\"updateBy\":\"\",\"updateTime\":\"2024-02-21 16:32:25\",\"usableColumn\":false},{\"capJavaField\":\"DevModel\",\"columnComment\":\"\",\"columnId\":3,\"columnName\":\"dev_model\",\"columnType\":\"varchar(255)\",\"createBy\":\"admin\",\"createTime\":\"2024-02-21 15:45:53\",\"dictType\":\"\",\"edit\":true,\"htmlType\":\"input\",\"increment\":false,\"insert\":true,\"isEdit\":\"1\",\"isIncrement\":\"0\",\"isInsert\":\"1\",\"isList\":\"1\",\"isPk\":\"0\",\"isQuery\":\"1\",\"javaField\":\"devModel\",\"javaType\":\"String\",\"list\":true,\"params\":{},\"pk\":false,\"query\":true,\"queryType\":\"EQ\",\"required\":false,\"sort\":3,\"superColumn\":false,\"tableId\":1,\"updateBy\":\"\",\"updateTime\":\"2024-02-21 16:32:25\",\"usableColumn\":false}],\"crud\":true,\"functionAuthor\":\"disda\",\"functionName\":\"设备详情\",\"genPath\":\"/\",\"genType\":\"0\",\"moduleName\":\"ledger\",\"options\":\"{\\\"parentMenuId\\\":2001}\",\"packageName\":\"com.ruoyi.ledger\",\"params\":{\"parentMenuId\":2001},\"parentMenuId\":\"2001\",\"remark\":\"1\",\"sub\":false,\"tableComment\":\"设备详细信息\",\"tableId\":1,\"tableName\":', '{\"msg\":\"操作成功\",\"code\":200}', 0, NULL, '2024-02-21 16:33:15');
INSERT INTO `sys_oper_log` (`oper_id`, `title`, `business_type`, `method`, `request_method`, `operator_type`, `oper_name`, `dept_name`, `oper_url`, `oper_ip`, `oper_location`, `oper_param`, `json_result`, `status`, `error_msg`, `oper_time`) VALUES (134, '代码生成', 2, 'com.ruoyi.generator.controller.GenController.editSave()', 'PUT', 1, 'admin', NULL, '/tool/gen', '127.0.0.1', '内网IP', '{\"businessName\":\"supply\",\"className\":\"LedgerPowerSupply\",\"columns\":[{\"capJavaField\":\"Id\",\"columnId\":21,\"columnName\":\"id\",\"columnType\":\"int\",\"createBy\":\"admin\",\"createTime\":\"2024-02-21 15:45:53\",\"dictType\":\"\",\"edit\":false,\"htmlType\":\"input\",\"increment\":true,\"insert\":true,\"isIncrement\":\"1\",\"isInsert\":\"1\",\"isPk\":\"1\",\"javaField\":\"id\",\"javaType\":\"Long\",\"list\":false,\"params\":{},\"pk\":true,\"query\":false,\"queryType\":\"EQ\",\"required\":false,\"sort\":1,\"superColumn\":false,\"tableId\":6,\"updateBy\":\"\",\"usableColumn\":false},{\"capJavaField\":\"电源情况\",\"columnId\":22,\"columnName\":\"电源情况\",\"columnType\":\"varchar(255)\",\"createBy\":\"admin\",\"createTime\":\"2024-02-21 15:45:53\",\"dictType\":\"\",\"edit\":true,\"htmlType\":\"input\",\"increment\":false,\"insert\":true,\"isEdit\":\"1\",\"isIncrement\":\"0\",\"isInsert\":\"1\",\"isList\":\"1\",\"isPk\":\"0\",\"isQuery\":\"1\",\"javaField\":\"电源情况\",\"javaType\":\"String\",\"list\":true,\"params\":{},\"pk\":false,\"query\":true,\"queryType\":\"EQ\",\"required\":false,\"sort\":2,\"superColumn\":false,\"tableId\":6,\"updateBy\":\"\",\"usableColumn\":false}],\"crud\":true,\"functionAuthor\":\"disda\",\"functionName\":\"电源详情\",\"genPath\":\"/\",\"genType\":\"0\",\"moduleName\":\"ledger\",\"options\":\"{\\\"parentMenuId\\\":2001}\",\"packageName\":\"com.ruoyi.ledger\",\"params\":{\"parentMenuId\":2001},\"parentMenuId\":\"2001\",\"sub\":false,\"subTableFkName\":\"\",\"subTableName\":\"\",\"tableComment\":\"电源信息\",\"tableId\":6,\"tableName\":\"ledger_power_supply\",\"tplCategory\":\"crud\",\"tree\":false}', '{\"msg\":\"操作成功\",\"code\":200}', 0, NULL, '2024-02-21 16:38:06');
INSERT INTO `sys_oper_log` (`oper_id`, `title`, `business_type`, `method`, `request_method`, `operator_type`, `oper_name`, `dept_name`, `oper_url`, `oper_ip`, `oper_location`, `oper_param`, `json_result`, `status`, `error_msg`, `oper_time`) VALUES (135, '代码生成', 8, 'com.ruoyi.generator.controller.GenController.batchGenCode()', 'GET', 1, 'admin', NULL, '/tool/gen/batchGenCode', '127.0.0.1', '内网IP', '{\"tables\":\"ledger_dev_details\"}', NULL, 0, NULL, '2024-02-21 16:38:16');
INSERT INTO `sys_oper_log` (`oper_id`, `title`, `business_type`, `method`, `request_method`, `operator_type`, `oper_name`, `dept_name`, `oper_url`, `oper_ip`, `oper_location`, `oper_param`, `json_result`, `status`, `error_msg`, `oper_time`) VALUES (136, '代码生成', 8, 'com.ruoyi.generator.controller.GenController.batchGenCode()', 'GET', 1, 'admin', NULL, '/tool/gen/batchGenCode', '127.0.0.1', '内网IP', '{\"tables\":\"ledger_dev_details\"}', NULL, 0, NULL, '2024-02-21 16:38:43');
INSERT INTO `sys_oper_log` (`oper_id`, `title`, `business_type`, `method`, `request_method`, `operator_type`, `oper_name`, `dept_name`, `oper_url`, `oper_ip`, `oper_location`, `oper_param`, `json_result`, `status`, `error_msg`, `oper_time`) VALUES (137, '代码生成', 2, 'com.ruoyi.generator.controller.GenController.editSave()', 'PUT', 1, 'admin', NULL, '/tool/gen', '127.0.0.1', '内网IP', '{\"businessName\":\"deviceDetails\",\"className\":\"LedgerDevDetails\",\"columns\":[{\"capJavaField\":\"Id\",\"columnComment\":\"\",\"columnId\":1,\"columnName\":\"id\",\"columnType\":\"int\",\"createBy\":\"admin\",\"createTime\":\"2024-02-21 15:45:53\",\"dictType\":\"\",\"edit\":false,\"htmlType\":\"input\",\"increment\":true,\"insert\":true,\"isIncrement\":\"1\",\"isInsert\":\"1\",\"isPk\":\"1\",\"javaField\":\"id\",\"javaType\":\"Long\",\"list\":false,\"params\":{},\"pk\":true,\"query\":false,\"queryType\":\"EQ\",\"required\":false,\"sort\":1,\"superColumn\":false,\"tableId\":1,\"updateBy\":\"\",\"updateTime\":\"2024-02-21 16:33:15\",\"usableColumn\":false},{\"capJavaField\":\"DevType\",\"columnComment\":\"\",\"columnId\":2,\"columnName\":\"dev_type\",\"columnType\":\"varchar(255)\",\"createBy\":\"admin\",\"createTime\":\"2024-02-21 15:45:53\",\"dictType\":\"\",\"edit\":true,\"htmlType\":\"select\",\"increment\":false,\"insert\":true,\"isEdit\":\"1\",\"isIncrement\":\"0\",\"isInsert\":\"1\",\"isList\":\"1\",\"isPk\":\"0\",\"isQuery\":\"1\",\"javaField\":\"devType\",\"javaType\":\"String\",\"list\":true,\"params\":{},\"pk\":false,\"query\":true,\"queryType\":\"EQ\",\"required\":false,\"sort\":2,\"superColumn\":false,\"tableId\":1,\"updateBy\":\"\",\"updateTime\":\"2024-02-21 16:33:15\",\"usableColumn\":false},{\"capJavaField\":\"DevModel\",\"columnComment\":\"\",\"columnId\":3,\"columnName\":\"dev_model\",\"columnType\":\"varchar(255)\",\"createBy\":\"admin\",\"createTime\":\"2024-02-21 15:45:53\",\"dictType\":\"\",\"edit\":true,\"htmlType\":\"input\",\"increment\":false,\"insert\":true,\"isEdit\":\"1\",\"isIncrement\":\"0\",\"isInsert\":\"1\",\"isList\":\"1\",\"isPk\":\"0\",\"isQuery\":\"1\",\"javaField\":\"devModel\",\"javaType\":\"String\",\"list\":true,\"params\":{},\"pk\":false,\"query\":true,\"queryType\":\"EQ\",\"required\":false,\"sort\":3,\"superColumn\":false,\"tableId\":1,\"updateBy\":\"\",\"updateTime\":\"2024-02-21 16:33:15\",\"usableColumn\":false}],\"crud\":true,\"functionAuthor\":\"disda\",\"functionName\":\"设备详情\",\"genPath\":\"/\",\"genType\":\"0\",\"moduleName\":\"ledger\",\"options\":\"{\\\"parentMenuId\\\":\\\"2001\\\"}\",\"packageName\":\"com.ruoyi.ledger\",\"params\":{\"parentMenuId\":\"2001\"},\"parentMenuId\":\"2001\",\"remark\":\"1\",\"sub\":false,\"tableComment\":\"设备详细信息\",\"tableId\":1,\"table', '{\"msg\":\"操作成功\",\"code\":200}', 0, NULL, '2024-02-21 17:08:21');
INSERT INTO `sys_oper_log` (`oper_id`, `title`, `business_type`, `method`, `request_method`, `operator_type`, `oper_name`, `dept_name`, `oper_url`, `oper_ip`, `oper_location`, `oper_param`, `json_result`, `status`, `error_msg`, `oper_time`) VALUES (138, '代码生成', 8, 'com.ruoyi.generator.controller.GenController.batchGenCode()', 'GET', 1, 'admin', NULL, '/tool/gen/batchGenCode', '127.0.0.1', '内网IP', '{\"tables\":\"ledger_dev_details\"}', NULL, 0, NULL, '2024-02-21 17:08:27');
INSERT INTO `sys_oper_log` (`oper_id`, `title`, `business_type`, `method`, `request_method`, `operator_type`, `oper_name`, `dept_name`, `oper_url`, `oper_ip`, `oper_location`, `oper_param`, `json_result`, `status`, `error_msg`, `oper_time`) VALUES (139, '代码生成', 2, 'com.ruoyi.generator.controller.GenController.editSave()', 'PUT', 1, 'admin', NULL, '/tool/gen', '127.0.0.1', '内网IP', '{\"businessName\":\"deviceDetails\",\"className\":\"LedgerDevDetails\",\"columns\":[{\"capJavaField\":\"Id\",\"columnComment\":\"\",\"columnId\":1,\"columnName\":\"id\",\"columnType\":\"int\",\"createBy\":\"admin\",\"createTime\":\"2024-02-21 15:45:53\",\"dictType\":\"\",\"edit\":false,\"htmlType\":\"input\",\"increment\":true,\"insert\":true,\"isIncrement\":\"1\",\"isInsert\":\"1\",\"isPk\":\"1\",\"javaField\":\"id\",\"javaType\":\"Long\",\"list\":false,\"params\":{},\"pk\":true,\"query\":false,\"queryType\":\"EQ\",\"required\":false,\"sort\":1,\"superColumn\":false,\"tableId\":1,\"updateBy\":\"\",\"updateTime\":\"2024-02-21 17:08:21\",\"usableColumn\":false},{\"capJavaField\":\"DevType\",\"columnComment\":\"\",\"columnId\":2,\"columnName\":\"dev_type\",\"columnType\":\"varchar(255)\",\"createBy\":\"admin\",\"createTime\":\"2024-02-21 15:45:53\",\"dictType\":\"\",\"edit\":true,\"htmlType\":\"select\",\"increment\":false,\"insert\":true,\"isEdit\":\"1\",\"isIncrement\":\"0\",\"isInsert\":\"1\",\"isList\":\"1\",\"isPk\":\"0\",\"isQuery\":\"1\",\"javaField\":\"devType\",\"javaType\":\"String\",\"list\":true,\"params\":{},\"pk\":false,\"query\":true,\"queryType\":\"EQ\",\"required\":false,\"sort\":2,\"superColumn\":false,\"tableId\":1,\"updateBy\":\"\",\"updateTime\":\"2024-02-21 17:08:21\",\"usableColumn\":false},{\"capJavaField\":\"DevModel\",\"columnComment\":\"\",\"columnId\":3,\"columnName\":\"dev_model\",\"columnType\":\"varchar(255)\",\"createBy\":\"admin\",\"createTime\":\"2024-02-21 15:45:53\",\"dictType\":\"\",\"edit\":true,\"htmlType\":\"input\",\"increment\":false,\"insert\":true,\"isEdit\":\"1\",\"isIncrement\":\"0\",\"isInsert\":\"1\",\"isList\":\"1\",\"isPk\":\"0\",\"isQuery\":\"1\",\"javaField\":\"devModel\",\"javaType\":\"String\",\"list\":true,\"params\":{},\"pk\":false,\"query\":true,\"queryType\":\"EQ\",\"required\":false,\"sort\":3,\"superColumn\":false,\"tableId\":1,\"updateBy\":\"\",\"updateTime\":\"2024-02-21 17:08:21\",\"usableColumn\":false}],\"crud\":true,\"functionAuthor\":\"disda\",\"functionName\":\"设备详情\",\"genPath\":\"/\",\"genType\":\"0\",\"moduleName\":\"ledger\",\"options\":\"{\\\"parentMenuId\\\":\\\"2001\\\"}\",\"packageName\":\"com.ruoyi.ledger\",\"params\":{\"parentMenuId\":\"2001\"},\"parentMenuId\":\"2001\",\"remark\":\"1\",\"sub\":false,\"tableComment\":\"设备详细信息\",\"tableId\":1,\"table', '{\"msg\":\"操作成功\",\"code\":200}', 0, NULL, '2024-02-21 17:09:39');
INSERT INTO `sys_oper_log` (`oper_id`, `title`, `business_type`, `method`, `request_method`, `operator_type`, `oper_name`, `dept_name`, `oper_url`, `oper_ip`, `oper_location`, `oper_param`, `json_result`, `status`, `error_msg`, `oper_time`) VALUES (140, '代码生成', 2, 'com.ruoyi.generator.controller.GenController.editSave()', 'PUT', 1, 'admin', NULL, '/tool/gen', '127.0.0.1', '内网IP', '{\"businessName\":\"deviceDetails\",\"className\":\"LedgerDevDetails\",\"columns\":[{\"capJavaField\":\"Id\",\"columnComment\":\"\",\"columnId\":1,\"columnName\":\"id\",\"columnType\":\"int\",\"createBy\":\"admin\",\"createTime\":\"2024-02-21 15:45:53\",\"dictType\":\"\",\"edit\":false,\"htmlType\":\"input\",\"increment\":true,\"insert\":true,\"isIncrement\":\"1\",\"isInsert\":\"1\",\"isPk\":\"1\",\"javaField\":\"id\",\"javaType\":\"Long\",\"list\":false,\"params\":{},\"pk\":true,\"query\":false,\"queryType\":\"EQ\",\"required\":false,\"sort\":1,\"superColumn\":false,\"tableId\":1,\"updateBy\":\"\",\"updateTime\":\"2024-02-21 17:09:39\",\"usableColumn\":false},{\"capJavaField\":\"DevType\",\"columnComment\":\"\",\"columnId\":2,\"columnName\":\"dev_type\",\"columnType\":\"varchar(255)\",\"createBy\":\"admin\",\"createTime\":\"2024-02-21 15:45:53\",\"dictType\":\"\",\"edit\":true,\"htmlType\":\"select\",\"increment\":false,\"insert\":true,\"isEdit\":\"1\",\"isIncrement\":\"0\",\"isInsert\":\"1\",\"isList\":\"1\",\"isPk\":\"0\",\"isQuery\":\"1\",\"javaField\":\"devType\",\"javaType\":\"String\",\"list\":true,\"params\":{},\"pk\":false,\"query\":true,\"queryType\":\"EQ\",\"required\":false,\"sort\":2,\"superColumn\":false,\"tableId\":1,\"updateBy\":\"\",\"updateTime\":\"2024-02-21 17:09:39\",\"usableColumn\":false},{\"capJavaField\":\"DevModel\",\"columnComment\":\"\",\"columnId\":3,\"columnName\":\"dev_model\",\"columnType\":\"varchar(255)\",\"createBy\":\"admin\",\"createTime\":\"2024-02-21 15:45:53\",\"dictType\":\"\",\"edit\":true,\"htmlType\":\"input\",\"increment\":false,\"insert\":true,\"isEdit\":\"1\",\"isIncrement\":\"0\",\"isInsert\":\"1\",\"isList\":\"1\",\"isPk\":\"0\",\"isQuery\":\"1\",\"javaField\":\"devModel\",\"javaType\":\"String\",\"list\":true,\"params\":{},\"pk\":false,\"query\":true,\"queryType\":\"EQ\",\"required\":false,\"sort\":3,\"superColumn\":false,\"tableId\":1,\"updateBy\":\"\",\"updateTime\":\"2024-02-21 17:09:39\",\"usableColumn\":false}],\"crud\":true,\"functionAuthor\":\"disda\",\"functionName\":\"设备详情\",\"genPath\":\"/\",\"genType\":\"0\",\"moduleName\":\"ledger\",\"options\":\"{\\\"parentMenuId\\\":\\\"2001\\\"}\",\"packageName\":\"com.ruoyi.ledger\",\"params\":{\"parentMenuId\":\"2001\"},\"parentMenuId\":\"2001\",\"remark\":\"1\",\"sub\":false,\"tableComment\":\"设备详细信息\",\"tableId\":1,\"table', '{\"msg\":\"操作成功\",\"code\":200}', 0, NULL, '2024-02-21 17:09:51');
INSERT INTO `sys_oper_log` (`oper_id`, `title`, `business_type`, `method`, `request_method`, `operator_type`, `oper_name`, `dept_name`, `oper_url`, `oper_ip`, `oper_location`, `oper_param`, `json_result`, `status`, `error_msg`, `oper_time`) VALUES (141, '代码生成', 2, 'com.ruoyi.generator.controller.GenController.editSave()', 'PUT', 1, 'admin', NULL, '/tool/gen', '127.0.0.1', '内网IP', '{\"businessName\":\"deviceDetails\",\"className\":\"LedgerDevDetails\",\"columns\":[{\"capJavaField\":\"Id\",\"columnComment\":\"\",\"columnId\":1,\"columnName\":\"id\",\"columnType\":\"int\",\"createBy\":\"admin\",\"createTime\":\"2024-02-21 15:45:53\",\"dictType\":\"\",\"edit\":false,\"htmlType\":\"input\",\"increment\":true,\"insert\":true,\"isIncrement\":\"1\",\"isInsert\":\"1\",\"isPk\":\"1\",\"javaField\":\"id\",\"javaType\":\"Long\",\"list\":false,\"params\":{},\"pk\":true,\"query\":false,\"queryType\":\"EQ\",\"required\":false,\"sort\":1,\"superColumn\":false,\"tableId\":1,\"updateBy\":\"\",\"updateTime\":\"2024-02-21 17:09:51\",\"usableColumn\":false},{\"capJavaField\":\"DevType\",\"columnComment\":\"\",\"columnId\":2,\"columnName\":\"dev_type\",\"columnType\":\"varchar(255)\",\"createBy\":\"admin\",\"createTime\":\"2024-02-21 15:45:53\",\"dictType\":\"\",\"edit\":true,\"htmlType\":\"select\",\"increment\":false,\"insert\":true,\"isEdit\":\"1\",\"isIncrement\":\"0\",\"isInsert\":\"1\",\"isList\":\"1\",\"isPk\":\"0\",\"isQuery\":\"1\",\"javaField\":\"devType\",\"javaType\":\"String\",\"list\":true,\"params\":{},\"pk\":false,\"query\":true,\"queryType\":\"EQ\",\"required\":false,\"sort\":2,\"superColumn\":false,\"tableId\":1,\"updateBy\":\"\",\"updateTime\":\"2024-02-21 17:09:51\",\"usableColumn\":false},{\"capJavaField\":\"DevModel\",\"columnComment\":\"\",\"columnId\":3,\"columnName\":\"dev_model\",\"columnType\":\"varchar(255)\",\"createBy\":\"admin\",\"createTime\":\"2024-02-21 15:45:53\",\"dictType\":\"\",\"edit\":true,\"htmlType\":\"input\",\"increment\":false,\"insert\":true,\"isEdit\":\"1\",\"isIncrement\":\"0\",\"isInsert\":\"1\",\"isList\":\"1\",\"isPk\":\"0\",\"isQuery\":\"1\",\"javaField\":\"devModel\",\"javaType\":\"String\",\"list\":true,\"params\":{},\"pk\":false,\"query\":true,\"queryType\":\"EQ\",\"required\":false,\"sort\":3,\"superColumn\":false,\"tableId\":1,\"updateBy\":\"\",\"updateTime\":\"2024-02-21 17:09:51\",\"usableColumn\":false}],\"crud\":true,\"functionAuthor\":\"disda\",\"functionName\":\"设备详情\",\"genPath\":\"/\",\"genType\":\"0\",\"moduleName\":\"ledger\",\"options\":\"{\\\"parentMenuId\\\":\\\"2001\\\"}\",\"packageName\":\"com.ruoyi.ledger\",\"params\":{\"parentMenuId\":\"2001\"},\"parentMenuId\":\"2001\",\"remark\":\"1\",\"sub\":false,\"tableComment\":\"设备详细信息\",\"tableId\":1,\"table', '{\"msg\":\"操作成功\",\"code\":200}', 0, NULL, '2024-02-21 17:10:25');
INSERT INTO `sys_oper_log` (`oper_id`, `title`, `business_type`, `method`, `request_method`, `operator_type`, `oper_name`, `dept_name`, `oper_url`, `oper_ip`, `oper_location`, `oper_param`, `json_result`, `status`, `error_msg`, `oper_time`) VALUES (142, '代码生成', 2, 'com.ruoyi.generator.controller.GenController.editSave()', 'PUT', 1, 'admin', NULL, '/tool/gen', '127.0.0.1', '内网IP', '{\"businessName\":\"deviceDetails\",\"className\":\"LedgerDevDetails\",\"columns\":[{\"capJavaField\":\"Id\",\"columnComment\":\"\",\"columnId\":1,\"columnName\":\"id\",\"columnType\":\"int\",\"createBy\":\"admin\",\"createTime\":\"2024-02-21 15:45:53\",\"dictType\":\"\",\"edit\":false,\"htmlType\":\"input\",\"increment\":true,\"insert\":true,\"isIncrement\":\"1\",\"isInsert\":\"1\",\"isPk\":\"1\",\"javaField\":\"id\",\"javaType\":\"Long\",\"list\":false,\"params\":{},\"pk\":true,\"query\":false,\"queryType\":\"EQ\",\"required\":false,\"sort\":1,\"superColumn\":false,\"tableId\":1,\"updateBy\":\"\",\"updateTime\":\"2024-02-21 17:10:25\",\"usableColumn\":false},{\"capJavaField\":\"DevType\",\"columnComment\":\"\",\"columnId\":2,\"columnName\":\"dev_type\",\"columnType\":\"varchar(255)\",\"createBy\":\"admin\",\"createTime\":\"2024-02-21 15:45:53\",\"dictType\":\"\",\"edit\":true,\"htmlType\":\"select\",\"increment\":false,\"insert\":true,\"isEdit\":\"1\",\"isIncrement\":\"0\",\"isInsert\":\"1\",\"isList\":\"1\",\"isPk\":\"0\",\"isQuery\":\"1\",\"javaField\":\"devType\",\"javaType\":\"String\",\"list\":true,\"params\":{},\"pk\":false,\"query\":true,\"queryType\":\"EQ\",\"required\":false,\"sort\":2,\"superColumn\":false,\"tableId\":1,\"updateBy\":\"\",\"updateTime\":\"2024-02-21 17:10:25\",\"usableColumn\":false},{\"capJavaField\":\"DevModel\",\"columnComment\":\"\",\"columnId\":3,\"columnName\":\"dev_model\",\"columnType\":\"varchar(255)\",\"createBy\":\"admin\",\"createTime\":\"2024-02-21 15:45:53\",\"dictType\":\"\",\"edit\":true,\"htmlType\":\"input\",\"increment\":false,\"insert\":true,\"isEdit\":\"1\",\"isIncrement\":\"0\",\"isInsert\":\"1\",\"isList\":\"1\",\"isPk\":\"0\",\"isQuery\":\"1\",\"javaField\":\"devModel\",\"javaType\":\"String\",\"list\":true,\"params\":{},\"pk\":false,\"query\":true,\"queryType\":\"EQ\",\"required\":false,\"sort\":3,\"superColumn\":false,\"tableId\":1,\"updateBy\":\"\",\"updateTime\":\"2024-02-21 17:10:25\",\"usableColumn\":false}],\"crud\":true,\"functionAuthor\":\"disda\",\"functionName\":\"设备详情\",\"genPath\":\"/\",\"genType\":\"0\",\"moduleName\":\"ledger\",\"options\":\"{\\\"parentMenuId\\\":\\\"2001\\\"}\",\"packageName\":\"com.ruoyi.ledger\",\"params\":{\"parentMenuId\":\"2001\"},\"parentMenuId\":\"2001\",\"remark\":\"1\",\"sub\":false,\"tableComment\":\"设备详细信息\",\"tableId\":1,\"table', '{\"msg\":\"操作成功\",\"code\":200}', 0, NULL, '2024-02-21 17:13:06');
INSERT INTO `sys_oper_log` (`oper_id`, `title`, `business_type`, `method`, `request_method`, `operator_type`, `oper_name`, `dept_name`, `oper_url`, `oper_ip`, `oper_location`, `oper_param`, `json_result`, `status`, `error_msg`, `oper_time`) VALUES (143, '代码生成', 2, 'com.ruoyi.generator.controller.GenController.editSave()', 'PUT', 1, 'admin', NULL, '/tool/gen', '127.0.0.1', '内网IP', '{\"businessName\":\"deviceDetails\",\"className\":\"LedgerDevDetails\",\"columns\":[{\"capJavaField\":\"Id\",\"columnComment\":\"\",\"columnId\":1,\"columnName\":\"id\",\"columnType\":\"int\",\"createBy\":\"admin\",\"createTime\":\"2024-02-21 15:45:53\",\"dictType\":\"\",\"edit\":false,\"htmlType\":\"input\",\"increment\":true,\"insert\":true,\"isIncrement\":\"1\",\"isInsert\":\"1\",\"isPk\":\"1\",\"javaField\":\"id\",\"javaType\":\"Long\",\"list\":false,\"params\":{},\"pk\":true,\"query\":false,\"queryType\":\"EQ\",\"required\":false,\"sort\":1,\"superColumn\":false,\"tableId\":1,\"updateBy\":\"\",\"updateTime\":\"2024-02-21 17:13:06\",\"usableColumn\":false},{\"capJavaField\":\"DevType\",\"columnComment\":\"\",\"columnId\":2,\"columnName\":\"dev_type\",\"columnType\":\"varchar(255)\",\"createBy\":\"admin\",\"createTime\":\"2024-02-21 15:45:53\",\"dictType\":\"\",\"edit\":true,\"htmlType\":\"select\",\"increment\":false,\"insert\":true,\"isEdit\":\"1\",\"isIncrement\":\"0\",\"isInsert\":\"1\",\"isList\":\"1\",\"isPk\":\"0\",\"isQuery\":\"1\",\"javaField\":\"devType\",\"javaType\":\"String\",\"list\":true,\"params\":{},\"pk\":false,\"query\":true,\"queryType\":\"EQ\",\"required\":false,\"sort\":2,\"superColumn\":false,\"tableId\":1,\"updateBy\":\"\",\"updateTime\":\"2024-02-21 17:13:06\",\"usableColumn\":false},{\"capJavaField\":\"DevModel\",\"columnComment\":\"\",\"columnId\":3,\"columnName\":\"dev_model\",\"columnType\":\"varchar(255)\",\"createBy\":\"admin\",\"createTime\":\"2024-02-21 15:45:53\",\"dictType\":\"\",\"edit\":true,\"htmlType\":\"checkbox\",\"increment\":false,\"insert\":true,\"isEdit\":\"1\",\"isIncrement\":\"0\",\"isInsert\":\"1\",\"isList\":\"1\",\"isPk\":\"0\",\"isQuery\":\"1\",\"javaField\":\"devModel\",\"javaType\":\"String\",\"list\":true,\"params\":{},\"pk\":false,\"query\":true,\"queryType\":\"EQ\",\"required\":false,\"sort\":3,\"superColumn\":false,\"tableId\":1,\"updateBy\":\"\",\"updateTime\":\"2024-02-21 17:13:06\",\"usableColumn\":false}],\"crud\":true,\"functionAuthor\":\"disda\",\"functionName\":\"设备详情\",\"genPath\":\"/\",\"genType\":\"0\",\"moduleName\":\"ledger\",\"options\":\"{\\\"parentMenuId\\\":\\\"2001\\\"}\",\"packageName\":\"com.ruoyi.ledger\",\"params\":{\"parentMenuId\":\"2001\"},\"parentMenuId\":\"2001\",\"remark\":\"1\",\"sub\":false,\"tableComment\":\"设备详细信息\",\"tableId\":1,\"ta', '{\"msg\":\"操作成功\",\"code\":200}', 0, NULL, '2024-02-21 17:14:15');
INSERT INTO `sys_oper_log` (`oper_id`, `title`, `business_type`, `method`, `request_method`, `operator_type`, `oper_name`, `dept_name`, `oper_url`, `oper_ip`, `oper_location`, `oper_param`, `json_result`, `status`, `error_msg`, `oper_time`) VALUES (144, '代码生成', 2, 'com.ruoyi.generator.controller.GenController.synchDb()', 'GET', 1, 'admin', NULL, '/tool/gen/synchDb/ledger_dev_details', '127.0.0.1', '内网IP', '{}', '{\"msg\":\"操作成功\",\"code\":200}', 0, NULL, '2024-02-21 17:14:30');
INSERT INTO `sys_oper_log` (`oper_id`, `title`, `business_type`, `method`, `request_method`, `operator_type`, `oper_name`, `dept_name`, `oper_url`, `oper_ip`, `oper_location`, `oper_param`, `json_result`, `status`, `error_msg`, `oper_time`) VALUES (145, '代码生成', 2, 'com.ruoyi.generator.controller.GenController.editSave()', 'PUT', 1, 'admin', NULL, '/tool/gen', '127.0.0.1', '内网IP', '{\"businessName\":\"deviceDetails\",\"className\":\"LedgerDevDetails\",\"columns\":[{\"capJavaField\":\"Id\",\"columnComment\":\"\",\"columnId\":1,\"columnName\":\"id\",\"columnType\":\"int\",\"createBy\":\"admin\",\"createTime\":\"2024-02-21 15:45:53\",\"dictType\":\"\",\"edit\":false,\"htmlType\":\"input\",\"increment\":true,\"insert\":true,\"isIncrement\":\"1\",\"isInsert\":\"1\",\"isPk\":\"1\",\"javaField\":\"id\",\"javaType\":\"Long\",\"list\":false,\"params\":{},\"pk\":true,\"query\":false,\"queryType\":\"EQ\",\"required\":false,\"sort\":1,\"superColumn\":false,\"tableId\":1,\"updateBy\":\"\",\"updateTime\":\"2024-02-21 17:14:30\",\"usableColumn\":false},{\"capJavaField\":\"DevType\",\"columnComment\":\"\",\"columnId\":2,\"columnName\":\"dev_type\",\"columnType\":\"varchar(255)\",\"createBy\":\"admin\",\"createTime\":\"2024-02-21 15:45:53\",\"dictType\":\"\",\"edit\":true,\"htmlType\":\"select\",\"increment\":false,\"insert\":true,\"isEdit\":\"1\",\"isIncrement\":\"0\",\"isInsert\":\"1\",\"isList\":\"1\",\"isPk\":\"0\",\"isQuery\":\"1\",\"javaField\":\"devType\",\"javaType\":\"String\",\"list\":true,\"params\":{},\"pk\":false,\"query\":true,\"queryType\":\"EQ\",\"required\":false,\"sort\":2,\"superColumn\":false,\"tableId\":1,\"updateBy\":\"\",\"updateTime\":\"2024-02-21 17:14:30\",\"usableColumn\":false},{\"capJavaField\":\"DevModel\",\"columnComment\":\"\",\"columnId\":3,\"columnName\":\"dev_model\",\"columnType\":\"varchar(255)\",\"createBy\":\"admin\",\"createTime\":\"2024-02-21 15:45:53\",\"dictType\":\"\",\"edit\":true,\"htmlType\":\"checkbox\",\"increment\":false,\"insert\":true,\"isEdit\":\"1\",\"isIncrement\":\"0\",\"isInsert\":\"1\",\"isList\":\"1\",\"isPk\":\"0\",\"isQuery\":\"1\",\"javaField\":\"devModel\",\"javaType\":\"String\",\"list\":true,\"params\":{},\"pk\":false,\"query\":true,\"queryType\":\"EQ\",\"required\":false,\"sort\":3,\"superColumn\":false,\"tableId\":1,\"updateBy\":\"\",\"updateTime\":\"2024-02-21 17:14:30\",\"usableColumn\":false}],\"crud\":true,\"functionAuthor\":\"disda\",\"functionName\":\"设备详情\",\"genPath\":\"/\",\"genType\":\"0\",\"moduleName\":\"ledger\",\"options\":\"{\\\"parentMenuId\\\":\\\"2001\\\"}\",\"packageName\":\"com.ruoyi.ledger\",\"params\":{\"parentMenuId\":\"2001\"},\"parentMenuId\":\"2001\",\"remark\":\"1\",\"sub\":false,\"tableComment\":\"设备详细信息\",\"tableId\":1,\"ta', '{\"msg\":\"操作成功\",\"code\":200}', 0, NULL, '2024-02-21 17:16:02');
INSERT INTO `sys_oper_log` (`oper_id`, `title`, `business_type`, `method`, `request_method`, `operator_type`, `oper_name`, `dept_name`, `oper_url`, `oper_ip`, `oper_location`, `oper_param`, `json_result`, `status`, `error_msg`, `oper_time`) VALUES (146, '代码生成', 2, 'com.ruoyi.generator.controller.GenController.editSave()', 'PUT', 1, 'admin', NULL, '/tool/gen', '127.0.0.1', '内网IP', '{\"businessName\":\"deviceDetails\",\"className\":\"LedgerDevDetails\",\"columns\":[{\"capJavaField\":\"Id\",\"columnComment\":\"\",\"columnId\":1,\"columnName\":\"id\",\"columnType\":\"int\",\"createBy\":\"admin\",\"createTime\":\"2024-02-21 15:45:53\",\"dictType\":\"\",\"edit\":false,\"htmlType\":\"input\",\"increment\":true,\"insert\":true,\"isIncrement\":\"1\",\"isInsert\":\"1\",\"isPk\":\"1\",\"javaField\":\"id\",\"javaType\":\"Long\",\"list\":false,\"params\":{},\"pk\":true,\"query\":false,\"queryType\":\"EQ\",\"required\":false,\"sort\":1,\"superColumn\":false,\"tableId\":1,\"updateBy\":\"\",\"updateTime\":\"2024-02-21 17:16:02\",\"usableColumn\":false},{\"capJavaField\":\"DevType\",\"columnComment\":\"\",\"columnId\":2,\"columnName\":\"dev_type\",\"columnType\":\"varchar(255)\",\"createBy\":\"admin\",\"createTime\":\"2024-02-21 15:45:53\",\"dictType\":\"\",\"edit\":true,\"htmlType\":\"select\",\"increment\":false,\"insert\":true,\"isEdit\":\"1\",\"isIncrement\":\"0\",\"isInsert\":\"1\",\"isList\":\"1\",\"isPk\":\"0\",\"isQuery\":\"1\",\"javaField\":\"devType\",\"javaType\":\"String\",\"list\":true,\"params\":{},\"pk\":false,\"query\":true,\"queryType\":\"EQ\",\"required\":false,\"sort\":2,\"superColumn\":false,\"tableId\":1,\"updateBy\":\"\",\"updateTime\":\"2024-02-21 17:16:02\",\"usableColumn\":false},{\"capJavaField\":\"DevModel\",\"columnComment\":\"\",\"columnId\":3,\"columnName\":\"dev_model\",\"columnType\":\"varchar(255)\",\"createBy\":\"admin\",\"createTime\":\"2024-02-21 15:45:53\",\"dictType\":\"\",\"edit\":true,\"htmlType\":\"checkbox\",\"increment\":false,\"insert\":true,\"isEdit\":\"1\",\"isIncrement\":\"0\",\"isInsert\":\"1\",\"isList\":\"1\",\"isPk\":\"0\",\"isQuery\":\"1\",\"javaField\":\"devModel\",\"javaType\":\"String\",\"list\":true,\"params\":{},\"pk\":false,\"query\":true,\"queryType\":\"EQ\",\"required\":false,\"sort\":3,\"superColumn\":false,\"tableId\":1,\"updateBy\":\"\",\"updateTime\":\"2024-02-21 17:16:02\",\"usableColumn\":false}],\"crud\":true,\"functionAuthor\":\"disda\",\"functionName\":\"设备详情\",\"genPath\":\"/\",\"genType\":\"0\",\"moduleName\":\"ledger\",\"options\":\"{\\\"parentMenuId\\\":\\\"2001\\\"}\",\"packageName\":\"com.ruoyi.ledger\",\"params\":{\"parentMenuId\":\"2001\"},\"parentMenuId\":\"2001\",\"remark\":\"1\",\"sub\":false,\"tableComment\":\"设备详细信息\",\"tableId\":1,\"ta', '{\"msg\":\"操作成功\",\"code\":200}', 0, NULL, '2024-02-21 17:16:52');
INSERT INTO `sys_oper_log` (`oper_id`, `title`, `business_type`, `method`, `request_method`, `operator_type`, `oper_name`, `dept_name`, `oper_url`, `oper_ip`, `oper_location`, `oper_param`, `json_result`, `status`, `error_msg`, `oper_time`) VALUES (147, '代码生成', 2, 'com.ruoyi.generator.controller.GenController.synchDb()', 'GET', 1, 'admin', NULL, '/tool/gen/synchDb/ledger_dev_details', '127.0.0.1', '内网IP', '{}', '{\"msg\":\"操作成功\",\"code\":200}', 0, NULL, '2024-02-21 17:19:48');
INSERT INTO `sys_oper_log` (`oper_id`, `title`, `business_type`, `method`, `request_method`, `operator_type`, `oper_name`, `dept_name`, `oper_url`, `oper_ip`, `oper_location`, `oper_param`, `json_result`, `status`, `error_msg`, `oper_time`) VALUES (148, '代码生成', 2, 'com.ruoyi.generator.controller.GenController.synchDb()', 'GET', 1, 'admin', NULL, '/tool/gen/synchDb/ledger_dev_details', '127.0.0.1', '内网IP', '{}', '{\"msg\":\"操作成功\",\"code\":200}', 0, NULL, '2024-02-21 17:22:23');
INSERT INTO `sys_oper_log` (`oper_id`, `title`, `business_type`, `method`, `request_method`, `operator_type`, `oper_name`, `dept_name`, `oper_url`, `oper_ip`, `oper_location`, `oper_param`, `json_result`, `status`, `error_msg`, `oper_time`) VALUES (149, '代码生成', 2, 'com.ruoyi.generator.controller.GenController.editSave()', 'PUT', 1, 'admin', NULL, '/tool/gen', '127.0.0.1', '内网IP', '{\"businessName\":\"deviceDetails\",\"className\":\"LedgerDevDetails\",\"columns\":[{\"capJavaField\":\"Id\",\"columnComment\":\"\",\"columnId\":1,\"columnName\":\"id\",\"columnType\":\"int\",\"createBy\":\"admin\",\"createTime\":\"2024-02-21 15:45:53\",\"dictType\":\"\",\"edit\":false,\"htmlType\":\"input\",\"increment\":true,\"insert\":true,\"isIncrement\":\"1\",\"isInsert\":\"1\",\"isPk\":\"1\",\"javaField\":\"id\",\"javaType\":\"Long\",\"list\":false,\"params\":{},\"pk\":true,\"query\":false,\"queryType\":\"EQ\",\"required\":false,\"sort\":1,\"superColumn\":false,\"tableId\":1,\"updateBy\":\"\",\"updateTime\":\"2024-02-21 17:22:23\",\"usableColumn\":false},{\"capJavaField\":\"DevType\",\"columnComment\":\"\",\"columnId\":2,\"columnName\":\"dev_type\",\"columnType\":\"varchar(255)\",\"createBy\":\"admin\",\"createTime\":\"2024-02-21 15:45:53\",\"dictType\":\"\",\"edit\":true,\"htmlType\":\"select\",\"increment\":false,\"insert\":true,\"isEdit\":\"1\",\"isIncrement\":\"0\",\"isInsert\":\"1\",\"isList\":\"1\",\"isPk\":\"0\",\"isQuery\":\"1\",\"javaField\":\"devType\",\"javaType\":\"String\",\"list\":true,\"params\":{},\"pk\":false,\"query\":true,\"queryType\":\"EQ\",\"required\":false,\"sort\":2,\"superColumn\":false,\"tableId\":1,\"updateBy\":\"\",\"updateTime\":\"2024-02-21 17:22:23\",\"usableColumn\":false},{\"capJavaField\":\"DevModel\",\"columnComment\":\"\",\"columnId\":3,\"columnName\":\"dev_model\",\"columnType\":\"varchar(255)\",\"createBy\":\"admin\",\"createTime\":\"2024-02-21 15:45:53\",\"dictType\":\"\",\"edit\":true,\"htmlType\":\"input\",\"increment\":false,\"insert\":true,\"isEdit\":\"1\",\"isIncrement\":\"0\",\"isInsert\":\"1\",\"isList\":\"1\",\"isPk\":\"0\",\"isQuery\":\"1\",\"javaField\":\"devModel\",\"javaType\":\"String\",\"list\":true,\"params\":{},\"pk\":false,\"query\":true,\"queryType\":\"EQ\",\"required\":false,\"sort\":3,\"superColumn\":false,\"tableId\":1,\"updateBy\":\"\",\"updateTime\":\"2024-02-21 17:22:23\",\"usableColumn\":false}],\"crud\":true,\"functionAuthor\":\"disda\",\"functionName\":\"设备详情\",\"genPath\":\"/\",\"genType\":\"0\",\"moduleName\":\"ledger\",\"options\":\"{\\\"parentMenuId\\\":\\\"2001\\\"}\",\"packageName\":\"com.ruoyi.ledger\",\"params\":{\"parentMenuId\":\"2001\"},\"parentMenuId\":\"2001\",\"remark\":\"1\",\"sub\":false,\"tableComment\":\"设备详细信息\",\"tableId\":1,\"table', '{\"msg\":\"操作成功\",\"code\":200}', 0, NULL, '2024-02-21 17:22:41');
INSERT INTO `sys_oper_log` (`oper_id`, `title`, `business_type`, `method`, `request_method`, `operator_type`, `oper_name`, `dept_name`, `oper_url`, `oper_ip`, `oper_location`, `oper_param`, `json_result`, `status`, `error_msg`, `oper_time`) VALUES (150, '代码生成', 8, 'com.ruoyi.generator.controller.GenController.batchGenCode()', 'GET', 1, 'admin', NULL, '/tool/gen/batchGenCode', '127.0.0.1', '内网IP', '{\"tables\":\"ledger_dev_details\"}', NULL, 0, NULL, '2024-02-21 17:22:53');
INSERT INTO `sys_oper_log` (`oper_id`, `title`, `business_type`, `method`, `request_method`, `operator_type`, `oper_name`, `dept_name`, `oper_url`, `oper_ip`, `oper_location`, `oper_param`, `json_result`, `status`, `error_msg`, `oper_time`) VALUES (151, '代码生成', 2, 'com.ruoyi.generator.controller.GenController.synchDb()', 'GET', 1, 'admin', NULL, '/tool/gen/synchDb/ledger_dev_ip', '127.0.0.1', '内网IP', '{}', '{\"msg\":\"操作成功\",\"code\":200}', 0, NULL, '2024-02-21 17:25:32');
INSERT INTO `sys_oper_log` (`oper_id`, `title`, `business_type`, `method`, `request_method`, `operator_type`, `oper_name`, `dept_name`, `oper_url`, `oper_ip`, `oper_location`, `oper_param`, `json_result`, `status`, `error_msg`, `oper_time`) VALUES (152, '代码生成', 3, 'com.ruoyi.generator.controller.GenController.remove()', 'DELETE', 1, 'admin', NULL, '/tool/gen/2', '127.0.0.1', '内网IP', '{}', '{\"msg\":\"操作成功\",\"code\":200}', 0, NULL, '2024-02-21 17:25:49');
INSERT INTO `sys_oper_log` (`oper_id`, `title`, `business_type`, `method`, `request_method`, `operator_type`, `oper_name`, `dept_name`, `oper_url`, `oper_ip`, `oper_location`, `oper_param`, `json_result`, `status`, `error_msg`, `oper_time`) VALUES (153, '代码生成', 6, 'com.ruoyi.generator.controller.GenController.importTableSave()', 'POST', 1, 'admin', NULL, '/tool/gen/importTable', '127.0.0.1', '内网IP', '\"ledger_dev_ip\"', '{\"msg\":\"操作成功\",\"code\":200}', 0, NULL, '2024-02-21 17:25:58');
INSERT INTO `sys_oper_log` (`oper_id`, `title`, `business_type`, `method`, `request_method`, `operator_type`, `oper_name`, `dept_name`, `oper_url`, `oper_ip`, `oper_location`, `oper_param`, `json_result`, `status`, `error_msg`, `oper_time`) VALUES (154, '代码生成', 6, 'com.ruoyi.generator.controller.GenController.importTableSave()', 'POST', 1, 'admin', NULL, '/tool/gen/importTable', '127.0.0.1', '内网IP', '\"sys_menu\"', '{\"msg\":\"操作成功\",\"code\":200}', 0, NULL, '2024-02-21 17:27:55');
INSERT INTO `sys_oper_log` (`oper_id`, `title`, `business_type`, `method`, `request_method`, `operator_type`, `oper_name`, `dept_name`, `oper_url`, `oper_ip`, `oper_location`, `oper_param`, `json_result`, `status`, `error_msg`, `oper_time`) VALUES (155, '代码生成', 2, 'com.ruoyi.generator.controller.GenController.synchDb()', 'GET', 1, 'admin', NULL, '/tool/gen/synchDb/ledger_dev_details', '127.0.0.1', '内网IP', '{}', '{\"msg\":\"操作成功\",\"code\":200}', 0, NULL, '2024-02-22 08:04:57');
INSERT INTO `sys_oper_log` (`oper_id`, `title`, `business_type`, `method`, `request_method`, `operator_type`, `oper_name`, `dept_name`, `oper_url`, `oper_ip`, `oper_location`, `oper_param`, `json_result`, `status`, `error_msg`, `oper_time`) VALUES (156, '代码生成', 3, 'com.ruoyi.generator.controller.GenController.remove()', 'DELETE', 1, 'admin', NULL, '/tool/gen/8', '127.0.0.1', '内网IP', '{}', '{\"msg\":\"操作成功\",\"code\":200}', 0, NULL, '2024-02-22 08:10:05');
INSERT INTO `sys_oper_log` (`oper_id`, `title`, `business_type`, `method`, `request_method`, `operator_type`, `oper_name`, `dept_name`, `oper_url`, `oper_ip`, `oper_location`, `oper_param`, `json_result`, `status`, `error_msg`, `oper_time`) VALUES (157, '代码生成', 6, 'com.ruoyi.generator.controller.GenController.importTableSave()', 'POST', 1, 'admin', NULL, '/tool/gen/importTable', '127.0.0.1', '内网IP', '\"sys_role\"', '{\"msg\":\"操作成功\",\"code\":200}', 0, NULL, '2024-02-22 08:10:18');
INSERT INTO `sys_oper_log` (`oper_id`, `title`, `business_type`, `method`, `request_method`, `operator_type`, `oper_name`, `dept_name`, `oper_url`, `oper_ip`, `oper_location`, `oper_param`, `json_result`, `status`, `error_msg`, `oper_time`) VALUES (158, '代码生成', 3, 'com.ruoyi.generator.controller.GenController.remove()', 'DELETE', 1, 'admin', NULL, '/tool/gen/9', '127.0.0.1', '内网IP', '{}', '{\"msg\":\"操作成功\",\"code\":200}', 0, NULL, '2024-02-22 08:10:37');
INSERT INTO `sys_oper_log` (`oper_id`, `title`, `business_type`, `method`, `request_method`, `operator_type`, `oper_name`, `dept_name`, `oper_url`, `oper_ip`, `oper_location`, `oper_param`, `json_result`, `status`, `error_msg`, `oper_time`) VALUES (159, '代码生成', 2, 'com.ruoyi.generator.controller.GenController.editSave()', 'PUT', 1, 'admin', NULL, '/tool/gen', '127.0.0.1', '内网IP', '{\"businessName\":\"deviceDetails\",\"className\":\"LedgerDevDetails\",\"columns\":[{\"capJavaField\":\"Id\",\"columnComment\":\"\",\"columnId\":1,\"columnName\":\"id\",\"columnType\":\"int\",\"createBy\":\"admin\",\"createTime\":\"2024-02-21 15:45:53\",\"dictType\":\"\",\"edit\":false,\"htmlType\":\"input\",\"increment\":true,\"insert\":true,\"isIncrement\":\"1\",\"isInsert\":\"1\",\"isPk\":\"1\",\"javaField\":\"id\",\"javaType\":\"Long\",\"list\":false,\"params\":{},\"pk\":true,\"query\":false,\"queryType\":\"EQ\",\"required\":false,\"sort\":1,\"superColumn\":false,\"tableId\":1,\"updateBy\":\"\",\"updateTime\":\"2024-02-22 08:04:57\",\"usableColumn\":false},{\"capJavaField\":\"DevType\",\"columnComment\":\"\",\"columnId\":2,\"columnName\":\"dev_type\",\"columnType\":\"varchar(255)\",\"createBy\":\"admin\",\"createTime\":\"2024-02-21 15:45:53\",\"dictType\":\"\",\"edit\":true,\"htmlType\":\"input\",\"increment\":false,\"insert\":true,\"isEdit\":\"1\",\"isIncrement\":\"0\",\"isInsert\":\"1\",\"isList\":\"1\",\"isPk\":\"0\",\"isQuery\":\"1\",\"javaField\":\"devType\",\"javaType\":\"String\",\"list\":true,\"params\":{},\"pk\":false,\"query\":true,\"queryType\":\"EQ\",\"required\":false,\"sort\":2,\"superColumn\":false,\"tableId\":1,\"updateBy\":\"\",\"updateTime\":\"2024-02-22 08:04:57\",\"usableColumn\":false},{\"capJavaField\":\"DevModel\",\"columnComment\":\"\",\"columnId\":3,\"columnName\":\"dev_model\",\"columnType\":\"varchar(255)\",\"createBy\":\"admin\",\"createTime\":\"2024-02-21 15:45:53\",\"dictType\":\"\",\"edit\":true,\"htmlType\":\"input\",\"increment\":false,\"insert\":true,\"isEdit\":\"1\",\"isIncrement\":\"0\",\"isInsert\":\"1\",\"isList\":\"1\",\"isPk\":\"0\",\"isQuery\":\"1\",\"javaField\":\"devModel\",\"javaType\":\"String\",\"list\":true,\"params\":{},\"pk\":false,\"query\":true,\"queryType\":\"EQ\",\"required\":false,\"sort\":3,\"superColumn\":false,\"tableId\":1,\"updateBy\":\"\",\"updateTime\":\"2024-02-22 08:04:57\",\"usableColumn\":false}],\"crud\":true,\"functionAuthor\":\"disda\",\"functionName\":\"设备详情\",\"genPath\":\"/\",\"genType\":\"0\",\"moduleName\":\"ledger\",\"options\":\"{\\\"parentMenuId\\\":2001}\",\"packageName\":\"com.ruoyi.ledger\",\"params\":{\"parentMenuId\":2001},\"parentMenuId\":\"2001\",\"remark\":\"1\",\"sub\":false,\"tableComment\":\"设备详细信息\",\"tableId\":1,\"tableName\":\"', '{\"msg\":\"操作成功\",\"code\":200}', 0, NULL, '2024-02-22 08:13:03');
INSERT INTO `sys_oper_log` (`oper_id`, `title`, `business_type`, `method`, `request_method`, `operator_type`, `oper_name`, `dept_name`, `oper_url`, `oper_ip`, `oper_location`, `oper_param`, `json_result`, `status`, `error_msg`, `oper_time`) VALUES (160, '代码生成', 2, 'com.ruoyi.generator.controller.GenController.synchDb()', 'GET', 1, 'admin', NULL, '/tool/gen/synchDb/ledger_dev_details', '127.0.0.1', '内网IP', '{}', '{\"msg\":\"操作成功\",\"code\":200}', 0, NULL, '2024-02-22 08:13:12');
INSERT INTO `sys_oper_log` (`oper_id`, `title`, `business_type`, `method`, `request_method`, `operator_type`, `oper_name`, `dept_name`, `oper_url`, `oper_ip`, `oper_location`, `oper_param`, `json_result`, `status`, `error_msg`, `oper_time`) VALUES (161, '设备详情', 2, 'com.ruoyi.ledger.controller.LedgerDevDetailsController.edit()', 'PUT', 1, 'admin', NULL, '/ledger/deviceDetails', '127.0.0.1', '内网IP', '{\"devModel\":\"联想Thinksystem SR850\",\"devType\":\"服务器1\",\"id\":1,\"params\":{}}', '{\"msg\":\"操作成功\",\"code\":200}', 0, NULL, '2024-02-22 08:20:30');
INSERT INTO `sys_oper_log` (`oper_id`, `title`, `business_type`, `method`, `request_method`, `operator_type`, `oper_name`, `dept_name`, `oper_url`, `oper_ip`, `oper_location`, `oper_param`, `json_result`, `status`, `error_msg`, `oper_time`) VALUES (162, '设备详情', 2, 'com.ruoyi.ledger.controller.LedgerDevDetailsController.edit()', 'PUT', 1, 'admin', NULL, '/ledger/deviceDetails', '127.0.0.1', '内网IP', '{\"devModel\":\"联想Thinksystem SR850\",\"devType\":\"服务器\",\"id\":1,\"params\":{}}', '{\"msg\":\"操作成功\",\"code\":200}', 0, NULL, '2024-02-22 08:20:33');
INSERT INTO `sys_oper_log` (`oper_id`, `title`, `business_type`, `method`, `request_method`, `operator_type`, `oper_name`, `dept_name`, `oper_url`, `oper_ip`, `oper_location`, `oper_param`, `json_result`, `status`, `error_msg`, `oper_time`) VALUES (163, '代码生成', 2, 'com.ruoyi.generator.controller.GenController.editSave()', 'PUT', 1, 'admin', NULL, '/tool/gen', '127.0.0.1', '内网IP', '{\"businessName\":\"device\",\"className\":\"LedgerDevice\",\"columns\":[{\"capJavaField\":\"Id\",\"columnId\":7,\"columnName\":\"id\",\"columnType\":\"int\",\"createBy\":\"admin\",\"createTime\":\"2024-02-21 15:45:53\",\"dictType\":\"\",\"edit\":false,\"htmlType\":\"input\",\"increment\":true,\"insert\":true,\"isIncrement\":\"1\",\"isInsert\":\"1\",\"isPk\":\"1\",\"javaField\":\"id\",\"javaType\":\"Long\",\"list\":false,\"params\":{},\"pk\":true,\"query\":false,\"queryType\":\"EQ\",\"required\":false,\"sort\":1,\"superColumn\":false,\"tableId\":3,\"updateBy\":\"\",\"usableColumn\":false},{\"capJavaField\":\"DevName\",\"columnId\":8,\"columnName\":\"dev_name\",\"columnType\":\"varchar(255)\",\"createBy\":\"admin\",\"createTime\":\"2024-02-21 15:45:53\",\"dictType\":\"\",\"edit\":true,\"htmlType\":\"input\",\"increment\":false,\"insert\":true,\"isEdit\":\"1\",\"isIncrement\":\"0\",\"isInsert\":\"1\",\"isList\":\"1\",\"isPk\":\"0\",\"isQuery\":\"1\",\"javaField\":\"devName\",\"javaType\":\"String\",\"list\":true,\"params\":{},\"pk\":false,\"query\":true,\"queryType\":\"LIKE\",\"required\":false,\"sort\":2,\"superColumn\":false,\"tableId\":3,\"updateBy\":\"\",\"usableColumn\":false},{\"capJavaField\":\"DevModelId\",\"columnId\":9,\"columnName\":\"dev_model_id\",\"columnType\":\"int\",\"createBy\":\"admin\",\"createTime\":\"2024-02-21 15:45:53\",\"dictType\":\"\",\"edit\":true,\"htmlType\":\"input\",\"increment\":false,\"insert\":true,\"isEdit\":\"1\",\"isIncrement\":\"0\",\"isInsert\":\"1\",\"isList\":\"1\",\"isPk\":\"0\",\"isQuery\":\"1\",\"javaField\":\"devModelId\",\"javaType\":\"Long\",\"list\":true,\"params\":{},\"pk\":false,\"query\":true,\"queryType\":\"EQ\",\"required\":false,\"sort\":3,\"superColumn\":false,\"tableId\":3,\"updateBy\":\"\",\"usableColumn\":false},{\"capJavaField\":\"OpDatetime\",\"columnId\":10,\"columnName\":\"op_datetime\",\"columnType\":\"datetime\",\"createBy\":\"admin\",\"createTime\":\"2024-02-21 15:45:53\",\"dictType\":\"\",\"edit\":true,\"htmlType\":\"datetime\",\"increment\":false,\"insert\":true,\"isEdit\":\"1\",\"isIncrement\":\"0\",\"isInsert\":\"1\",\"isList\":\"1\",\"isPk\":\"0\",\"isQuery\":\"1\",\"javaField\":\"opDatetime\",\"javaType\":\"Date\",\"list\":true,\"params\":{},\"pk\":false,\"query\":true,\"queryType\":\"BETWEEN\",\"required\":false,\"sort\":4,\"superColumn\":false,\"tableId\":', '{\"msg\":\"操作成功\",\"code\":200}', 0, NULL, '2024-02-22 09:02:07');
INSERT INTO `sys_oper_log` (`oper_id`, `title`, `business_type`, `method`, `request_method`, `operator_type`, `oper_name`, `dept_name`, `oper_url`, `oper_ip`, `oper_location`, `oper_param`, `json_result`, `status`, `error_msg`, `oper_time`) VALUES (164, '代码生成', 2, 'com.ruoyi.generator.controller.GenController.synchDb()', 'GET', 1, 'admin', NULL, '/tool/gen/synchDb/ledger_ip', '127.0.0.1', '内网IP', '{}', '{\"msg\":\"操作成功\",\"code\":200}', 0, NULL, '2024-02-22 09:10:55');
INSERT INTO `sys_oper_log` (`oper_id`, `title`, `business_type`, `method`, `request_method`, `operator_type`, `oper_name`, `dept_name`, `oper_url`, `oper_ip`, `oper_location`, `oper_param`, `json_result`, `status`, `error_msg`, `oper_time`) VALUES (165, '代码生成', 2, 'com.ruoyi.generator.controller.GenController.synchDb()', 'GET', 1, 'admin', NULL, '/tool/gen/synchDb/ledger_ip', '127.0.0.1', '内网IP', '{}', '{\"msg\":\"操作成功\",\"code\":200}', 0, NULL, '2024-02-22 09:11:29');
INSERT INTO `sys_oper_log` (`oper_id`, `title`, `business_type`, `method`, `request_method`, `operator_type`, `oper_name`, `dept_name`, `oper_url`, `oper_ip`, `oper_location`, `oper_param`, `json_result`, `status`, `error_msg`, `oper_time`) VALUES (166, '代码生成', 2, 'com.ruoyi.generator.controller.GenController.synchDb()', 'GET', 1, 'admin', NULL, '/tool/gen/synchDb/ledger_ip', '127.0.0.1', '内网IP', '{}', '{\"msg\":\"操作成功\",\"code\":200}', 0, NULL, '2024-02-22 09:11:48');
INSERT INTO `sys_oper_log` (`oper_id`, `title`, `business_type`, `method`, `request_method`, `operator_type`, `oper_name`, `dept_name`, `oper_url`, `oper_ip`, `oper_location`, `oper_param`, `json_result`, `status`, `error_msg`, `oper_time`) VALUES (167, '代码生成', 2, 'com.ruoyi.generator.controller.GenController.editSave()', 'PUT', 1, 'admin', NULL, '/tool/gen', '127.0.0.1', '内网IP', '{\"businessName\":\"deviceDetails\",\"className\":\"LedgerDevDetails\",\"columns\":[{\"capJavaField\":\"Id\",\"columnComment\":\"\",\"columnId\":1,\"columnName\":\"id\",\"columnType\":\"int\",\"createBy\":\"admin\",\"createTime\":\"2024-02-21 15:45:53\",\"dictType\":\"\",\"edit\":false,\"htmlType\":\"input\",\"increment\":true,\"insert\":true,\"isIncrement\":\"1\",\"isInsert\":\"1\",\"isPk\":\"1\",\"javaField\":\"id\",\"javaType\":\"Long\",\"list\":false,\"params\":{},\"pk\":true,\"query\":false,\"queryType\":\"EQ\",\"required\":false,\"sort\":1,\"superColumn\":false,\"tableId\":1,\"updateBy\":\"\",\"updateTime\":\"2024-02-22 08:13:12\",\"usableColumn\":false},{\"capJavaField\":\"DevType\",\"columnComment\":\"\",\"columnId\":2,\"columnName\":\"dev_type\",\"columnType\":\"varchar(255)\",\"createBy\":\"admin\",\"createTime\":\"2024-02-21 15:45:53\",\"dictType\":\"\",\"edit\":true,\"htmlType\":\"select\",\"increment\":false,\"insert\":true,\"isEdit\":\"1\",\"isIncrement\":\"0\",\"isInsert\":\"1\",\"isList\":\"1\",\"isPk\":\"0\",\"isQuery\":\"1\",\"javaField\":\"devType\",\"javaType\":\"String\",\"list\":true,\"params\":{},\"pk\":false,\"query\":true,\"queryType\":\"LIKE\",\"required\":false,\"sort\":2,\"superColumn\":false,\"tableId\":1,\"updateBy\":\"\",\"updateTime\":\"2024-02-22 08:13:12\",\"usableColumn\":false},{\"capJavaField\":\"DevModel\",\"columnComment\":\"\",\"columnId\":3,\"columnName\":\"dev_model\",\"columnType\":\"varchar(255)\",\"createBy\":\"admin\",\"createTime\":\"2024-02-21 15:45:53\",\"dictType\":\"\",\"edit\":true,\"htmlType\":\"input\",\"increment\":false,\"insert\":true,\"isEdit\":\"1\",\"isIncrement\":\"0\",\"isInsert\":\"1\",\"isList\":\"1\",\"isPk\":\"0\",\"isQuery\":\"1\",\"javaField\":\"devModel\",\"javaType\":\"String\",\"list\":true,\"params\":{},\"pk\":false,\"query\":true,\"queryType\":\"LIKE\",\"required\":false,\"sort\":3,\"superColumn\":false,\"tableId\":1,\"updateBy\":\"\",\"updateTime\":\"2024-02-22 08:13:12\",\"usableColumn\":false}],\"crud\":true,\"functionAuthor\":\"disda\",\"functionName\":\"设备详情\",\"genPath\":\"/\",\"genType\":\"0\",\"moduleName\":\"ledger\",\"options\":\"{\\\"parentMenuId\\\":\\\"2001\\\"}\",\"packageName\":\"com.ruoyi.ledger\",\"params\":{\"parentMenuId\":\"2001\"},\"parentMenuId\":\"2001\",\"remark\":\"1\",\"sub\":false,\"tableComment\":\"设备详细信息\",\"tableId\":1,\"t', '{\"msg\":\"操作成功\",\"code\":200}', 0, NULL, '2024-02-22 09:19:51');
INSERT INTO `sys_oper_log` (`oper_id`, `title`, `business_type`, `method`, `request_method`, `operator_type`, `oper_name`, `dept_name`, `oper_url`, `oper_ip`, `oper_location`, `oper_param`, `json_result`, `status`, `error_msg`, `oper_time`) VALUES (168, '代码生成', 2, 'com.ruoyi.generator.controller.GenController.editSave()', 'PUT', 1, 'admin', NULL, '/tool/gen', '127.0.0.1', '内网IP', '{\"businessName\":\"device\",\"className\":\"LedgerDevice\",\"columns\":[{\"capJavaField\":\"Id\",\"columnId\":7,\"columnName\":\"id\",\"columnType\":\"int\",\"createBy\":\"admin\",\"createTime\":\"2024-02-21 15:45:53\",\"dictType\":\"\",\"edit\":false,\"htmlType\":\"input\",\"increment\":true,\"insert\":true,\"isIncrement\":\"1\",\"isInsert\":\"1\",\"isPk\":\"1\",\"javaField\":\"id\",\"javaType\":\"Long\",\"list\":false,\"params\":{},\"pk\":true,\"query\":false,\"queryType\":\"EQ\",\"required\":false,\"sort\":1,\"superColumn\":false,\"tableId\":3,\"updateBy\":\"\",\"updateTime\":\"2024-02-22 09:02:07\",\"usableColumn\":false},{\"capJavaField\":\"DevName\",\"columnId\":8,\"columnName\":\"dev_name\",\"columnType\":\"varchar(255)\",\"createBy\":\"admin\",\"createTime\":\"2024-02-21 15:45:53\",\"dictType\":\"\",\"edit\":true,\"htmlType\":\"input\",\"increment\":false,\"insert\":true,\"isEdit\":\"1\",\"isIncrement\":\"0\",\"isInsert\":\"1\",\"isList\":\"1\",\"isPk\":\"0\",\"isQuery\":\"1\",\"javaField\":\"devName\",\"javaType\":\"String\",\"list\":true,\"params\":{},\"pk\":false,\"query\":true,\"queryType\":\"LIKE\",\"required\":false,\"sort\":2,\"superColumn\":false,\"tableId\":3,\"updateBy\":\"\",\"updateTime\":\"2024-02-22 09:02:07\",\"usableColumn\":false},{\"capJavaField\":\"DevModelId\",\"columnId\":9,\"columnName\":\"dev_model_id\",\"columnType\":\"int\",\"createBy\":\"admin\",\"createTime\":\"2024-02-21 15:45:53\",\"dictType\":\"\",\"edit\":true,\"htmlType\":\"input\",\"increment\":false,\"insert\":true,\"isEdit\":\"1\",\"isIncrement\":\"0\",\"isInsert\":\"1\",\"isList\":\"1\",\"isPk\":\"0\",\"isQuery\":\"1\",\"javaField\":\"devModelId\",\"javaType\":\"Long\",\"list\":true,\"params\":{},\"pk\":false,\"query\":true,\"queryType\":\"EQ\",\"required\":false,\"sort\":3,\"superColumn\":false,\"tableId\":3,\"updateBy\":\"\",\"updateTime\":\"2024-02-22 09:02:07\",\"usableColumn\":false},{\"capJavaField\":\"OpDatetime\",\"columnId\":10,\"columnName\":\"op_datetime\",\"columnType\":\"datetime\",\"createBy\":\"admin\",\"createTime\":\"2024-02-21 15:45:53\",\"dictType\":\"\",\"edit\":true,\"htmlType\":\"datetime\",\"increment\":false,\"insert\":true,\"isEdit\":\"1\",\"isIncrement\":\"0\",\"isInsert\":\"1\",\"isList\":\"1\",\"isPk\":\"0\",\"isQuery\":\"1\",\"javaField\":\"opDatetime\",\"javaType\":\"Date\",\"list\":true,\"params\":', '{\"msg\":\"操作成功\",\"code\":200}', 0, NULL, '2024-02-22 09:20:08');
INSERT INTO `sys_oper_log` (`oper_id`, `title`, `business_type`, `method`, `request_method`, `operator_type`, `oper_name`, `dept_name`, `oper_url`, `oper_ip`, `oper_location`, `oper_param`, `json_result`, `status`, `error_msg`, `oper_time`) VALUES (169, '代码生成', 2, 'com.ruoyi.generator.controller.GenController.editSave()', 'PUT', 1, 'admin', NULL, '/tool/gen', '127.0.0.1', '内网IP', '{\"businessName\":\"ip\",\"className\":\"LedgerIp\",\"columns\":[{\"capJavaField\":\"Id\",\"columnComment\":\"\",\"columnId\":15,\"columnName\":\"id\",\"columnType\":\"int\",\"createBy\":\"admin\",\"createTime\":\"2024-02-21 15:45:53\",\"dictType\":\"\",\"edit\":false,\"htmlType\":\"input\",\"increment\":true,\"insert\":true,\"isIncrement\":\"1\",\"isInsert\":\"1\",\"isPk\":\"1\",\"javaField\":\"id\",\"javaType\":\"Long\",\"list\":false,\"params\":{},\"pk\":true,\"query\":false,\"queryType\":\"EQ\",\"required\":false,\"sort\":1,\"superColumn\":false,\"tableId\":4,\"updateBy\":\"\",\"updateTime\":\"2024-02-22 09:11:48\",\"usableColumn\":false},{\"capJavaField\":\"IpAddr\",\"columnComment\":\"\",\"columnId\":16,\"columnName\":\"ip_addr\",\"columnType\":\"varchar(255)\",\"createBy\":\"admin\",\"createTime\":\"2024-02-21 15:45:53\",\"dictType\":\"\",\"edit\":true,\"htmlType\":\"input\",\"increment\":false,\"insert\":true,\"isEdit\":\"1\",\"isIncrement\":\"0\",\"isInsert\":\"1\",\"isList\":\"1\",\"isPk\":\"0\",\"isQuery\":\"1\",\"javaField\":\"ipAddr\",\"javaType\":\"String\",\"list\":true,\"params\":{},\"pk\":false,\"query\":true,\"queryType\":\"EQ\",\"required\":false,\"sort\":2,\"superColumn\":false,\"tableId\":4,\"updateBy\":\"\",\"updateTime\":\"2024-02-22 09:11:48\",\"usableColumn\":false},{\"capJavaField\":\"Type\",\"columnComment\":\"\",\"columnId\":17,\"columnName\":\"type\",\"columnType\":\"int\",\"createBy\":\"admin\",\"createTime\":\"2024-02-21 15:45:53\",\"dictType\":\"\",\"edit\":true,\"htmlType\":\"select\",\"increment\":false,\"insert\":true,\"isEdit\":\"1\",\"isIncrement\":\"0\",\"isInsert\":\"1\",\"isList\":\"1\",\"isPk\":\"0\",\"isQuery\":\"1\",\"javaField\":\"type\",\"javaType\":\"Long\",\"list\":true,\"params\":{},\"pk\":false,\"query\":true,\"queryType\":\"EQ\",\"required\":false,\"sort\":3,\"superColumn\":false,\"tableId\":4,\"updateBy\":\"\",\"updateTime\":\"2024-02-22 09:11:48\",\"usableColumn\":false},{\"capJavaField\":\"DevId\",\"columnComment\":\"\",\"columnId\":18,\"columnName\":\"dev_id\",\"columnType\":\"int\",\"createBy\":\"admin\",\"createTime\":\"2024-02-21 15:45:53\",\"dictType\":\"\",\"edit\":true,\"htmlType\":\"input\",\"increment\":false,\"insert\":true,\"isEdit\":\"1\",\"isIncrement\":\"0\",\"isInsert\":\"1\",\"isList\":\"1\",\"isPk\":\"0\",\"isQuery\":\"1\",\"javaField\":\"devId\",\"javaType\":\"Lon', '{\"msg\":\"操作成功\",\"code\":200}', 0, NULL, '2024-02-22 09:21:24');
INSERT INTO `sys_oper_log` (`oper_id`, `title`, `business_type`, `method`, `request_method`, `operator_type`, `oper_name`, `dept_name`, `oper_url`, `oper_ip`, `oper_location`, `oper_param`, `json_result`, `status`, `error_msg`, `oper_time`) VALUES (170, '代码生成', 2, 'com.ruoyi.generator.controller.GenController.editSave()', 'PUT', 1, 'admin', NULL, '/tool/gen', '127.0.0.1', '内网IP', '{\"businessName\":\"location\",\"className\":\"LedgerLocation\",\"columns\":[{\"capJavaField\":\"Id\",\"columnId\":19,\"columnName\":\"id\",\"columnType\":\"int\",\"createBy\":\"admin\",\"createTime\":\"2024-02-21 15:45:53\",\"dictType\":\"\",\"edit\":false,\"htmlType\":\"input\",\"increment\":true,\"insert\":true,\"isIncrement\":\"1\",\"isInsert\":\"1\",\"isPk\":\"1\",\"javaField\":\"id\",\"javaType\":\"Long\",\"list\":false,\"params\":{},\"pk\":true,\"query\":false,\"queryType\":\"EQ\",\"required\":false,\"sort\":1,\"superColumn\":false,\"tableId\":5,\"updateBy\":\"\",\"usableColumn\":false},{\"capJavaField\":\"Name\",\"columnId\":20,\"columnName\":\"name\",\"columnType\":\"varchar(255)\",\"createBy\":\"admin\",\"createTime\":\"2024-02-21 15:45:53\",\"dictType\":\"\",\"edit\":true,\"htmlType\":\"input\",\"increment\":false,\"insert\":true,\"isEdit\":\"1\",\"isIncrement\":\"0\",\"isInsert\":\"1\",\"isList\":\"1\",\"isPk\":\"0\",\"isQuery\":\"1\",\"javaField\":\"name\",\"javaType\":\"String\",\"list\":true,\"params\":{},\"pk\":false,\"query\":true,\"queryType\":\"LIKE\",\"required\":false,\"sort\":2,\"superColumn\":false,\"tableId\":5,\"updateBy\":\"\",\"usableColumn\":false}],\"crud\":true,\"functionAuthor\":\"disda\",\"functionName\":\"机柜地址\",\"genPath\":\"/\",\"genType\":\"0\",\"moduleName\":\"ledger\",\"options\":\"{\\\"parentMenuId\\\":\\\"2001\\\"}\",\"packageName\":\"com.ruoyi.ledger\",\"params\":{\"parentMenuId\":\"2001\"},\"parentMenuId\":\"2001\",\"sub\":false,\"tableComment\":\"机柜地址\",\"tableId\":5,\"tableName\":\"ledger_location\",\"tplCategory\":\"crud\",\"tree\":false}', '{\"msg\":\"操作成功\",\"code\":200}', 0, NULL, '2024-02-22 09:21:39');
INSERT INTO `sys_oper_log` (`oper_id`, `title`, `business_type`, `method`, `request_method`, `operator_type`, `oper_name`, `dept_name`, `oper_url`, `oper_ip`, `oper_location`, `oper_param`, `json_result`, `status`, `error_msg`, `oper_time`) VALUES (171, '代码生成', 2, 'com.ruoyi.generator.controller.GenController.editSave()', 'PUT', 1, 'admin', NULL, '/tool/gen', '127.0.0.1', '内网IP', '{\"businessName\":\"ip\",\"className\":\"LedgerDevIp\",\"columns\":[{\"capJavaField\":\"Id\",\"columnId\":23,\"columnName\":\"id\",\"columnType\":\"int\",\"createBy\":\"admin\",\"createTime\":\"2024-02-21 17:25:58\",\"dictType\":\"\",\"edit\":false,\"htmlType\":\"input\",\"increment\":true,\"insert\":true,\"isIncrement\":\"1\",\"isInsert\":\"1\",\"isPk\":\"1\",\"javaField\":\"id\",\"javaType\":\"Long\",\"list\":false,\"params\":{},\"pk\":true,\"query\":false,\"queryType\":\"EQ\",\"required\":false,\"sort\":1,\"superColumn\":false,\"tableId\":7,\"updateBy\":\"\",\"usableColumn\":false},{\"capJavaField\":\"DevId\",\"columnId\":24,\"columnName\":\"dev_id\",\"columnType\":\"int\",\"createBy\":\"admin\",\"createTime\":\"2024-02-21 17:25:58\",\"dictType\":\"\",\"edit\":true,\"htmlType\":\"input\",\"increment\":false,\"insert\":true,\"isEdit\":\"1\",\"isIncrement\":\"0\",\"isInsert\":\"1\",\"isList\":\"1\",\"isPk\":\"0\",\"isQuery\":\"1\",\"isRequired\":\"1\",\"javaField\":\"devId\",\"javaType\":\"Long\",\"list\":true,\"params\":{},\"pk\":false,\"query\":true,\"queryType\":\"EQ\",\"required\":true,\"sort\":2,\"superColumn\":false,\"tableId\":7,\"updateBy\":\"\",\"usableColumn\":false},{\"capJavaField\":\"IpId\",\"columnId\":25,\"columnName\":\"ip_id\",\"columnType\":\"int\",\"createBy\":\"admin\",\"createTime\":\"2024-02-21 17:25:58\",\"dictType\":\"\",\"edit\":true,\"htmlType\":\"input\",\"increment\":false,\"insert\":true,\"isEdit\":\"1\",\"isIncrement\":\"0\",\"isInsert\":\"1\",\"isList\":\"1\",\"isPk\":\"0\",\"isQuery\":\"1\",\"isRequired\":\"1\",\"javaField\":\"ipId\",\"javaType\":\"Long\",\"list\":true,\"params\":{},\"pk\":false,\"query\":true,\"queryType\":\"EQ\",\"required\":true,\"sort\":3,\"superColumn\":false,\"tableId\":7,\"updateBy\":\"\",\"usableColumn\":false}],\"crud\":true,\"functionAuthor\":\"disda\",\"functionName\":\"设备ip映射\",\"genPath\":\"/\",\"genType\":\"0\",\"moduleName\":\"ledger\",\"options\":\"{\\\"parentMenuId\\\":\\\"2001\\\"}\",\"packageName\":\"com.ruoyi.ledger\",\"params\":{\"parentMenuId\":\"2001\"},\"parentMenuId\":\"2001\",\"sub\":false,\"tableComment\":\"设备ip映射\",\"tableId\":7,\"tableName\":\"ledger_dev_ip\",\"tplCategory\":\"crud\",\"tree\":false}', '{\"msg\":\"操作成功\",\"code\":200}', 0, NULL, '2024-02-22 09:22:06');
INSERT INTO `sys_oper_log` (`oper_id`, `title`, `business_type`, `method`, `request_method`, `operator_type`, `oper_name`, `dept_name`, `oper_url`, `oper_ip`, `oper_location`, `oper_param`, `json_result`, `status`, `error_msg`, `oper_time`) VALUES (172, '代码生成', 2, 'com.ruoyi.generator.controller.GenController.editSave()', 'PUT', 1, 'admin', NULL, '/tool/gen', '127.0.0.1', '内网IP', '{\"businessName\":\"ip\",\"className\":\"LedgerDevIp\",\"columns\":[{\"capJavaField\":\"Id\",\"columnId\":23,\"columnName\":\"id\",\"columnType\":\"int\",\"createBy\":\"admin\",\"createTime\":\"2024-02-21 17:25:58\",\"dictType\":\"\",\"edit\":false,\"htmlType\":\"input\",\"increment\":true,\"insert\":true,\"isIncrement\":\"1\",\"isInsert\":\"1\",\"isPk\":\"1\",\"javaField\":\"id\",\"javaType\":\"Long\",\"list\":false,\"params\":{},\"pk\":true,\"query\":false,\"queryType\":\"EQ\",\"required\":false,\"sort\":1,\"superColumn\":false,\"tableId\":7,\"updateBy\":\"\",\"updateTime\":\"2024-02-22 09:22:06\",\"usableColumn\":false},{\"capJavaField\":\"DevId\",\"columnId\":24,\"columnName\":\"dev_id\",\"columnType\":\"int\",\"createBy\":\"admin\",\"createTime\":\"2024-02-21 17:25:58\",\"dictType\":\"\",\"edit\":true,\"htmlType\":\"input\",\"increment\":false,\"insert\":true,\"isEdit\":\"1\",\"isIncrement\":\"0\",\"isInsert\":\"1\",\"isList\":\"1\",\"isPk\":\"0\",\"isQuery\":\"1\",\"isRequired\":\"1\",\"javaField\":\"devId\",\"javaType\":\"Long\",\"list\":true,\"params\":{},\"pk\":false,\"query\":true,\"queryType\":\"EQ\",\"required\":true,\"sort\":2,\"superColumn\":false,\"tableId\":7,\"updateBy\":\"\",\"updateTime\":\"2024-02-22 09:22:06\",\"usableColumn\":false},{\"capJavaField\":\"IpId\",\"columnId\":25,\"columnName\":\"ip_id\",\"columnType\":\"int\",\"createBy\":\"admin\",\"createTime\":\"2024-02-21 17:25:58\",\"dictType\":\"\",\"edit\":true,\"htmlType\":\"input\",\"increment\":false,\"insert\":true,\"isEdit\":\"1\",\"isIncrement\":\"0\",\"isInsert\":\"1\",\"isList\":\"1\",\"isPk\":\"0\",\"isQuery\":\"1\",\"isRequired\":\"1\",\"javaField\":\"ipId\",\"javaType\":\"Long\",\"list\":true,\"params\":{},\"pk\":false,\"query\":true,\"queryType\":\"EQ\",\"required\":true,\"sort\":3,\"superColumn\":false,\"tableId\":7,\"updateBy\":\"\",\"updateTime\":\"2024-02-22 09:22:06\",\"usableColumn\":false}],\"crud\":true,\"functionAuthor\":\"disda\",\"functionName\":\"设备ip映射\",\"genPath\":\"/\",\"genType\":\"0\",\"moduleName\":\"ledger\",\"options\":\"{\\\"parentMenuId\\\":2001}\",\"packageName\":\"com.ruoyi.ledger\",\"params\":{\"parentMenuId\":2001},\"parentMenuId\":\"2001\",\"sub\":false,\"tableComment\":\"设备ip映射\",\"tableId\":7,\"tableName\":\"ledger_dev_ip\",\"tplCategory\":\"crud\",\"tree\":false}', '{\"msg\":\"操作成功\",\"code\":200}', 0, NULL, '2024-02-22 09:22:19');
INSERT INTO `sys_oper_log` (`oper_id`, `title`, `business_type`, `method`, `request_method`, `operator_type`, `oper_name`, `dept_name`, `oper_url`, `oper_ip`, `oper_location`, `oper_param`, `json_result`, `status`, `error_msg`, `oper_time`) VALUES (173, '代码生成', 2, 'com.ruoyi.generator.controller.GenController.editSave()', 'PUT', 1, 'admin', NULL, '/tool/gen', '127.0.0.1', '内网IP', '{\"businessName\":\"ip\",\"className\":\"LedgerIp\",\"columns\":[{\"capJavaField\":\"Id\",\"columnComment\":\"\",\"columnId\":15,\"columnName\":\"id\",\"columnType\":\"int\",\"createBy\":\"admin\",\"createTime\":\"2024-02-21 15:45:53\",\"dictType\":\"\",\"edit\":false,\"htmlType\":\"input\",\"increment\":true,\"insert\":true,\"isIncrement\":\"1\",\"isInsert\":\"1\",\"isPk\":\"1\",\"javaField\":\"id\",\"javaType\":\"Long\",\"list\":false,\"params\":{},\"pk\":true,\"query\":false,\"queryType\":\"EQ\",\"required\":false,\"sort\":1,\"superColumn\":false,\"tableId\":4,\"updateBy\":\"\",\"updateTime\":\"2024-02-22 09:21:24\",\"usableColumn\":false},{\"capJavaField\":\"IpAddr\",\"columnComment\":\"\",\"columnId\":16,\"columnName\":\"ip_addr\",\"columnType\":\"varchar(255)\",\"createBy\":\"admin\",\"createTime\":\"2024-02-21 15:45:53\",\"dictType\":\"\",\"edit\":true,\"htmlType\":\"input\",\"increment\":false,\"insert\":true,\"isEdit\":\"1\",\"isIncrement\":\"0\",\"isInsert\":\"1\",\"isList\":\"1\",\"isPk\":\"0\",\"isQuery\":\"1\",\"javaField\":\"ipAddr\",\"javaType\":\"String\",\"list\":true,\"params\":{},\"pk\":false,\"query\":true,\"queryType\":\"EQ\",\"required\":false,\"sort\":2,\"superColumn\":false,\"tableId\":4,\"updateBy\":\"\",\"updateTime\":\"2024-02-22 09:21:24\",\"usableColumn\":false},{\"capJavaField\":\"Type\",\"columnComment\":\"\",\"columnId\":17,\"columnName\":\"type\",\"columnType\":\"int\",\"createBy\":\"admin\",\"createTime\":\"2024-02-21 15:45:53\",\"dictType\":\"\",\"edit\":true,\"htmlType\":\"select\",\"increment\":false,\"insert\":true,\"isEdit\":\"1\",\"isIncrement\":\"0\",\"isInsert\":\"1\",\"isList\":\"1\",\"isPk\":\"0\",\"isQuery\":\"1\",\"javaField\":\"type\",\"javaType\":\"Long\",\"list\":true,\"params\":{},\"pk\":false,\"query\":true,\"queryType\":\"EQ\",\"required\":false,\"sort\":3,\"superColumn\":false,\"tableId\":4,\"updateBy\":\"\",\"updateTime\":\"2024-02-22 09:21:24\",\"usableColumn\":false},{\"capJavaField\":\"DevId\",\"columnComment\":\"\",\"columnId\":18,\"columnName\":\"dev_id\",\"columnType\":\"int\",\"createBy\":\"admin\",\"createTime\":\"2024-02-21 15:45:53\",\"dictType\":\"\",\"edit\":true,\"htmlType\":\"input\",\"increment\":false,\"insert\":true,\"isEdit\":\"1\",\"isIncrement\":\"0\",\"isInsert\":\"1\",\"isList\":\"1\",\"isPk\":\"0\",\"isQuery\":\"1\",\"javaField\":\"devId\",\"javaType\":\"Lon', '{\"msg\":\"操作成功\",\"code\":200}', 0, NULL, '2024-02-22 09:23:01');
INSERT INTO `sys_oper_log` (`oper_id`, `title`, `business_type`, `method`, `request_method`, `operator_type`, `oper_name`, `dept_name`, `oper_url`, `oper_ip`, `oper_location`, `oper_param`, `json_result`, `status`, `error_msg`, `oper_time`) VALUES (174, '代码生成', 2, 'com.ruoyi.generator.controller.GenController.editSave()', 'PUT', 1, 'admin', NULL, '/tool/gen', '127.0.0.1', '内网IP', '{\"businessName\":\"location\",\"className\":\"LedgerLocation\",\"columns\":[{\"capJavaField\":\"Id\",\"columnId\":19,\"columnName\":\"id\",\"columnType\":\"int\",\"createBy\":\"admin\",\"createTime\":\"2024-02-21 15:45:53\",\"dictType\":\"\",\"edit\":false,\"htmlType\":\"input\",\"increment\":true,\"insert\":true,\"isIncrement\":\"1\",\"isInsert\":\"1\",\"isPk\":\"1\",\"javaField\":\"id\",\"javaType\":\"Long\",\"list\":false,\"params\":{},\"pk\":true,\"query\":false,\"queryType\":\"EQ\",\"required\":false,\"sort\":1,\"superColumn\":false,\"tableId\":5,\"updateBy\":\"\",\"updateTime\":\"2024-02-22 09:21:39\",\"usableColumn\":false},{\"capJavaField\":\"Name\",\"columnId\":20,\"columnName\":\"name\",\"columnType\":\"varchar(255)\",\"createBy\":\"admin\",\"createTime\":\"2024-02-21 15:45:53\",\"dictType\":\"\",\"edit\":true,\"htmlType\":\"input\",\"increment\":false,\"insert\":true,\"isEdit\":\"1\",\"isIncrement\":\"0\",\"isInsert\":\"1\",\"isList\":\"1\",\"isPk\":\"0\",\"isQuery\":\"1\",\"javaField\":\"name\",\"javaType\":\"String\",\"list\":true,\"params\":{},\"pk\":false,\"query\":true,\"queryType\":\"LIKE\",\"required\":false,\"sort\":2,\"superColumn\":false,\"tableId\":5,\"updateBy\":\"\",\"updateTime\":\"2024-02-22 09:21:39\",\"usableColumn\":false}],\"crud\":true,\"functionAuthor\":\"disda\",\"functionName\":\"机柜地址\",\"genPath\":\"/\",\"genType\":\"0\",\"moduleName\":\"ledger\",\"options\":\"{\\\"parentMenuId\\\":2001}\",\"packageName\":\"com.ruoyi.ledger\",\"params\":{\"parentMenuId\":2001},\"parentMenuId\":\"2001\",\"sub\":false,\"tableComment\":\"机柜地址\",\"tableId\":5,\"tableName\":\"ledger_location\",\"tplCategory\":\"crud\",\"tree\":false}', '{\"msg\":\"操作成功\",\"code\":200}', 0, NULL, '2024-02-22 09:23:24');
INSERT INTO `sys_oper_log` (`oper_id`, `title`, `business_type`, `method`, `request_method`, `operator_type`, `oper_name`, `dept_name`, `oper_url`, `oper_ip`, `oper_location`, `oper_param`, `json_result`, `status`, `error_msg`, `oper_time`) VALUES (175, '代码生成', 2, 'com.ruoyi.generator.controller.GenController.editSave()', 'PUT', 1, 'admin', NULL, '/tool/gen', '127.0.0.1', '内网IP', '{\"businessName\":\"supply\",\"className\":\"LedgerPowerSupply\",\"columns\":[{\"capJavaField\":\"Id\",\"columnId\":21,\"columnName\":\"id\",\"columnType\":\"int\",\"createBy\":\"admin\",\"createTime\":\"2024-02-21 15:45:53\",\"dictType\":\"\",\"edit\":false,\"htmlType\":\"input\",\"increment\":true,\"insert\":true,\"isIncrement\":\"1\",\"isInsert\":\"1\",\"isPk\":\"1\",\"javaField\":\"id\",\"javaType\":\"Long\",\"list\":false,\"params\":{},\"pk\":true,\"query\":false,\"queryType\":\"EQ\",\"required\":false,\"sort\":1,\"superColumn\":false,\"tableId\":6,\"updateBy\":\"\",\"updateTime\":\"2024-02-21 16:38:06\",\"usableColumn\":false},{\"capJavaField\":\"电源情况\",\"columnId\":22,\"columnName\":\"电源情况\",\"columnType\":\"varchar(255)\",\"createBy\":\"admin\",\"createTime\":\"2024-02-21 15:45:53\",\"dictType\":\"\",\"edit\":true,\"htmlType\":\"input\",\"increment\":false,\"insert\":true,\"isEdit\":\"1\",\"isIncrement\":\"0\",\"isInsert\":\"1\",\"isList\":\"1\",\"isPk\":\"0\",\"isQuery\":\"1\",\"javaField\":\"电源情况\",\"javaType\":\"String\",\"list\":true,\"params\":{},\"pk\":false,\"query\":true,\"queryType\":\"EQ\",\"required\":false,\"sort\":2,\"superColumn\":false,\"tableId\":6,\"updateBy\":\"\",\"updateTime\":\"2024-02-21 16:38:06\",\"usableColumn\":false}],\"crud\":true,\"functionAuthor\":\"disda\",\"functionName\":\"电源详情\",\"genPath\":\"/\",\"genType\":\"0\",\"moduleName\":\"ledger\",\"options\":\"{\\\"parentMenuId\\\":2001}\",\"packageName\":\"com.ruoyi.ledger\",\"params\":{\"parentMenuId\":2001},\"parentMenuId\":\"2001\",\"sub\":false,\"subTableFkName\":\"\",\"subTableName\":\"\",\"tableComment\":\"电源信息\",\"tableId\":6,\"tableName\":\"ledger_power_supply\",\"tplCategory\":\"crud\",\"tree\":false}', '{\"msg\":\"操作成功\",\"code\":200}', 0, NULL, '2024-02-22 09:23:32');
INSERT INTO `sys_oper_log` (`oper_id`, `title`, `business_type`, `method`, `request_method`, `operator_type`, `oper_name`, `dept_name`, `oper_url`, `oper_ip`, `oper_location`, `oper_param`, `json_result`, `status`, `error_msg`, `oper_time`) VALUES (176, '代码生成', 2, 'com.ruoyi.generator.controller.GenController.editSave()', 'PUT', 1, 'admin', NULL, '/tool/gen', '127.0.0.1', '内网IP', '{\"businessName\":\"ip\",\"className\":\"LedgerDevIp\",\"columns\":[{\"capJavaField\":\"Id\",\"columnId\":23,\"columnName\":\"id\",\"columnType\":\"int\",\"createBy\":\"admin\",\"createTime\":\"2024-02-21 17:25:58\",\"dictType\":\"\",\"edit\":false,\"htmlType\":\"input\",\"increment\":true,\"insert\":true,\"isIncrement\":\"1\",\"isInsert\":\"1\",\"isPk\":\"1\",\"javaField\":\"id\",\"javaType\":\"Long\",\"list\":false,\"params\":{},\"pk\":true,\"query\":false,\"queryType\":\"EQ\",\"required\":false,\"sort\":1,\"superColumn\":false,\"tableId\":7,\"updateBy\":\"\",\"updateTime\":\"2024-02-22 09:22:19\",\"usableColumn\":false},{\"capJavaField\":\"DevId\",\"columnId\":24,\"columnName\":\"dev_id\",\"columnType\":\"int\",\"createBy\":\"admin\",\"createTime\":\"2024-02-21 17:25:58\",\"dictType\":\"\",\"edit\":true,\"htmlType\":\"input\",\"increment\":false,\"insert\":true,\"isEdit\":\"1\",\"isIncrement\":\"0\",\"isInsert\":\"1\",\"isList\":\"1\",\"isPk\":\"0\",\"isQuery\":\"1\",\"isRequired\":\"1\",\"javaField\":\"devId\",\"javaType\":\"Long\",\"list\":true,\"params\":{},\"pk\":false,\"query\":true,\"queryType\":\"EQ\",\"required\":true,\"sort\":2,\"superColumn\":false,\"tableId\":7,\"updateBy\":\"\",\"updateTime\":\"2024-02-22 09:22:19\",\"usableColumn\":false},{\"capJavaField\":\"IpId\",\"columnId\":25,\"columnName\":\"ip_id\",\"columnType\":\"int\",\"createBy\":\"admin\",\"createTime\":\"2024-02-21 17:25:58\",\"dictType\":\"\",\"edit\":true,\"htmlType\":\"input\",\"increment\":false,\"insert\":true,\"isEdit\":\"1\",\"isIncrement\":\"0\",\"isInsert\":\"1\",\"isList\":\"1\",\"isPk\":\"0\",\"isQuery\":\"1\",\"isRequired\":\"1\",\"javaField\":\"ipId\",\"javaType\":\"Long\",\"list\":true,\"params\":{},\"pk\":false,\"query\":true,\"queryType\":\"EQ\",\"required\":true,\"sort\":3,\"superColumn\":false,\"tableId\":7,\"updateBy\":\"\",\"updateTime\":\"2024-02-22 09:22:19\",\"usableColumn\":false}],\"crud\":true,\"functionAuthor\":\"disda\",\"functionName\":\"设备ip映射\",\"genPath\":\"/\",\"genType\":\"0\",\"moduleName\":\"ledger\",\"options\":\"{\\\"parentMenuId\\\":2001}\",\"packageName\":\"com.ruoyi.ledger\",\"params\":{\"parentMenuId\":2001},\"parentMenuId\":\"2001\",\"sub\":false,\"tableComment\":\"设备ip映射\",\"tableId\":7,\"tableName\":\"ledger_dev_ip\",\"tplCategory\":\"crud\",\"tree\":false}', '{\"msg\":\"操作成功\",\"code\":200}', 0, NULL, '2024-02-22 09:23:40');
INSERT INTO `sys_oper_log` (`oper_id`, `title`, `business_type`, `method`, `request_method`, `operator_type`, `oper_name`, `dept_name`, `oper_url`, `oper_ip`, `oper_location`, `oper_param`, `json_result`, `status`, `error_msg`, `oper_time`) VALUES (177, '代码生成', 8, 'com.ruoyi.generator.controller.GenController.batchGenCode()', 'GET', 1, 'admin', NULL, '/tool/gen/batchGenCode', '127.0.0.1', '内网IP', '{\"tables\":\"ledger_dev_details,ledger_device,ledger_ip,ledger_location,ledger_power_supply,ledger_dev_ip\"}', NULL, 0, NULL, '2024-02-22 09:23:51');
INSERT INTO `sys_oper_log` (`oper_id`, `title`, `business_type`, `method`, `request_method`, `operator_type`, `oper_name`, `dept_name`, `oper_url`, `oper_ip`, `oper_location`, `oper_param`, `json_result`, `status`, `error_msg`, `oper_time`) VALUES (178, '代码生成', 2, 'com.ruoyi.generator.controller.GenController.editSave()', 'PUT', 1, 'admin', NULL, '/tool/gen', '127.0.0.1', '内网IP', '{\"businessName\":\"device\",\"className\":\"LedgerDevice\",\"columns\":[{\"capJavaField\":\"Id\",\"columnId\":7,\"columnName\":\"id\",\"columnType\":\"int\",\"createBy\":\"admin\",\"createTime\":\"2024-02-21 15:45:53\",\"dictType\":\"\",\"edit\":false,\"htmlType\":\"input\",\"increment\":true,\"insert\":true,\"isIncrement\":\"1\",\"isInsert\":\"1\",\"isPk\":\"1\",\"javaField\":\"id\",\"javaType\":\"Long\",\"list\":false,\"params\":{},\"pk\":true,\"query\":false,\"queryType\":\"EQ\",\"required\":false,\"sort\":1,\"superColumn\":false,\"tableId\":3,\"updateBy\":\"\",\"updateTime\":\"2024-02-22 09:20:08\",\"usableColumn\":false},{\"capJavaField\":\"DevName\",\"columnId\":8,\"columnName\":\"dev_name\",\"columnType\":\"varchar(255)\",\"createBy\":\"admin\",\"createTime\":\"2024-02-21 15:45:53\",\"dictType\":\"\",\"edit\":true,\"htmlType\":\"input\",\"increment\":false,\"insert\":true,\"isEdit\":\"1\",\"isIncrement\":\"0\",\"isInsert\":\"1\",\"isList\":\"1\",\"isPk\":\"0\",\"isQuery\":\"1\",\"javaField\":\"devName\",\"javaType\":\"String\",\"list\":true,\"params\":{},\"pk\":false,\"query\":true,\"queryType\":\"LIKE\",\"required\":false,\"sort\":2,\"superColumn\":false,\"tableId\":3,\"updateBy\":\"\",\"updateTime\":\"2024-02-22 09:20:08\",\"usableColumn\":false},{\"capJavaField\":\"DevModelId\",\"columnId\":9,\"columnName\":\"dev_model_id\",\"columnType\":\"int\",\"createBy\":\"admin\",\"createTime\":\"2024-02-21 15:45:53\",\"dictType\":\"\",\"edit\":true,\"htmlType\":\"input\",\"increment\":false,\"insert\":true,\"isEdit\":\"1\",\"isIncrement\":\"0\",\"isInsert\":\"1\",\"isList\":\"1\",\"isPk\":\"0\",\"isQuery\":\"1\",\"javaField\":\"devModelId\",\"javaType\":\"Long\",\"list\":true,\"params\":{},\"pk\":false,\"query\":true,\"queryType\":\"EQ\",\"required\":false,\"sort\":3,\"superColumn\":false,\"tableId\":3,\"updateBy\":\"\",\"updateTime\":\"2024-02-22 09:20:08\",\"usableColumn\":false},{\"capJavaField\":\"OpDatetime\",\"columnId\":10,\"columnName\":\"op_datetime\",\"columnType\":\"datetime\",\"createBy\":\"admin\",\"createTime\":\"2024-02-21 15:45:53\",\"dictType\":\"\",\"edit\":true,\"htmlType\":\"datetime\",\"increment\":false,\"insert\":true,\"isEdit\":\"1\",\"isIncrement\":\"0\",\"isInsert\":\"1\",\"isList\":\"1\",\"isPk\":\"0\",\"isQuery\":\"1\",\"javaField\":\"opDatetime\",\"javaType\":\"Date\",\"list\":true,\"params\":', '{\"msg\":\"操作成功\",\"code\":200}', 0, NULL, '2024-02-22 09:33:49');
INSERT INTO `sys_oper_log` (`oper_id`, `title`, `business_type`, `method`, `request_method`, `operator_type`, `oper_name`, `dept_name`, `oper_url`, `oper_ip`, `oper_location`, `oper_param`, `json_result`, `status`, `error_msg`, `oper_time`) VALUES (179, '代码生成', 2, 'com.ruoyi.generator.controller.GenController.synchDb()', 'GET', 1, 'admin', NULL, '/tool/gen/synchDb/ledger_device', '127.0.0.1', '内网IP', '{}', '{\"msg\":\"操作成功\",\"code\":200}', 0, NULL, '2024-02-22 09:39:24');
INSERT INTO `sys_oper_log` (`oper_id`, `title`, `business_type`, `method`, `request_method`, `operator_type`, `oper_name`, `dept_name`, `oper_url`, `oper_ip`, `oper_location`, `oper_param`, `json_result`, `status`, `error_msg`, `oper_time`) VALUES (180, '代码生成', 2, 'com.ruoyi.generator.controller.GenController.synchDb()', 'GET', 1, 'admin', NULL, '/tool/gen/synchDb/ledger_ip', '127.0.0.1', '内网IP', '{}', '{\"msg\":\"操作成功\",\"code\":200}', 0, NULL, '2024-02-22 09:39:26');
INSERT INTO `sys_oper_log` (`oper_id`, `title`, `business_type`, `method`, `request_method`, `operator_type`, `oper_name`, `dept_name`, `oper_url`, `oper_ip`, `oper_location`, `oper_param`, `json_result`, `status`, `error_msg`, `oper_time`) VALUES (181, '代码生成', 2, 'com.ruoyi.generator.controller.GenController.synchDb()', 'GET', 1, 'admin', NULL, '/tool/gen/synchDb/ledger_power_supply', '127.0.0.1', '内网IP', '{}', '{\"msg\":\"操作成功\",\"code\":200}', 0, NULL, '2024-02-22 09:39:28');
INSERT INTO `sys_oper_log` (`oper_id`, `title`, `business_type`, `method`, `request_method`, `operator_type`, `oper_name`, `dept_name`, `oper_url`, `oper_ip`, `oper_location`, `oper_param`, `json_result`, `status`, `error_msg`, `oper_time`) VALUES (182, '代码生成', 2, 'com.ruoyi.generator.controller.GenController.synchDb()', 'GET', 1, 'admin', NULL, '/tool/gen/synchDb/ledger_dev_ip', '127.0.0.1', '内网IP', '{}', '{\"msg\":\"操作成功\",\"code\":200}', 0, NULL, '2024-02-22 09:39:30');
INSERT INTO `sys_oper_log` (`oper_id`, `title`, `business_type`, `method`, `request_method`, `operator_type`, `oper_name`, `dept_name`, `oper_url`, `oper_ip`, `oper_location`, `oper_param`, `json_result`, `status`, `error_msg`, `oper_time`) VALUES (183, '代码生成', 2, 'com.ruoyi.generator.controller.GenController.synchDb()', 'GET', 1, 'admin', NULL, '/tool/gen/synchDb/ledger_location', '127.0.0.1', '内网IP', '{}', '{\"msg\":\"操作成功\",\"code\":200}', 0, NULL, '2024-02-22 09:39:33');
INSERT INTO `sys_oper_log` (`oper_id`, `title`, `business_type`, `method`, `request_method`, `operator_type`, `oper_name`, `dept_name`, `oper_url`, `oper_ip`, `oper_location`, `oper_param`, `json_result`, `status`, `error_msg`, `oper_time`) VALUES (184, '代码生成', 2, 'com.ruoyi.generator.controller.GenController.synchDb()', 'GET', 1, 'admin', NULL, '/tool/gen/synchDb/ledger_ip', '127.0.0.1', '内网IP', '{}', '{\"msg\":\"操作成功\",\"code\":200}', 0, NULL, '2024-02-22 09:40:29');
INSERT INTO `sys_oper_log` (`oper_id`, `title`, `business_type`, `method`, `request_method`, `operator_type`, `oper_name`, `dept_name`, `oper_url`, `oper_ip`, `oper_location`, `oper_param`, `json_result`, `status`, `error_msg`, `oper_time`) VALUES (185, '代码生成', 2, 'com.ruoyi.generator.controller.GenController.synchDb()', 'GET', 1, 'admin', NULL, '/tool/gen/synchDb/ledger_power_supply', '127.0.0.1', '内网IP', '{}', '{\"msg\":\"操作成功\",\"code\":200}', 0, NULL, '2024-02-22 09:40:38');
INSERT INTO `sys_oper_log` (`oper_id`, `title`, `business_type`, `method`, `request_method`, `operator_type`, `oper_name`, `dept_name`, `oper_url`, `oper_ip`, `oper_location`, `oper_param`, `json_result`, `status`, `error_msg`, `oper_time`) VALUES (186, '代码生成', 2, 'com.ruoyi.generator.controller.GenController.synchDb()', 'GET', 1, 'admin', NULL, '/tool/gen/synchDb/ledger_dev_ip', '127.0.0.1', '内网IP', '{}', '{\"msg\":\"操作成功\",\"code\":200}', 0, NULL, '2024-02-22 09:40:39');
INSERT INTO `sys_oper_log` (`oper_id`, `title`, `business_type`, `method`, `request_method`, `operator_type`, `oper_name`, `dept_name`, `oper_url`, `oper_ip`, `oper_location`, `oper_param`, `json_result`, `status`, `error_msg`, `oper_time`) VALUES (187, '代码生成', 2, 'com.ruoyi.generator.controller.GenController.synchDb()', 'GET', 1, 'admin', NULL, '/tool/gen/synchDb/ledger_location', '127.0.0.1', '内网IP', '{}', '{\"msg\":\"操作成功\",\"code\":200}', 0, NULL, '2024-02-22 09:40:41');
INSERT INTO `sys_oper_log` (`oper_id`, `title`, `business_type`, `method`, `request_method`, `operator_type`, `oper_name`, `dept_name`, `oper_url`, `oper_ip`, `oper_location`, `oper_param`, `json_result`, `status`, `error_msg`, `oper_time`) VALUES (188, '代码生成', 8, 'com.ruoyi.generator.controller.GenController.batchGenCode()', 'GET', 1, 'admin', NULL, '/tool/gen/batchGenCode', '127.0.0.1', '内网IP', '{\"tables\":\"ledger_device,ledger_ip,ledger_location,ledger_power_supply,ledger_dev_ip\"}', NULL, 0, NULL, '2024-02-22 09:40:44');
INSERT INTO `sys_oper_log` (`oper_id`, `title`, `business_type`, `method`, `request_method`, `operator_type`, `oper_name`, `dept_name`, `oper_url`, `oper_ip`, `oper_location`, `oper_param`, `json_result`, `status`, `error_msg`, `oper_time`) VALUES (189, '代码生成', 2, 'com.ruoyi.generator.controller.GenController.synchDb()', 'GET', 1, 'admin', NULL, '/tool/gen/synchDb/ledger_dev_ip', '127.0.0.1', '内网IP', '{}', '{\"msg\":\"操作成功\",\"code\":200}', 0, NULL, '2024-02-22 09:50:26');
INSERT INTO `sys_oper_log` (`oper_id`, `title`, `business_type`, `method`, `request_method`, `operator_type`, `oper_name`, `dept_name`, `oper_url`, `oper_ip`, `oper_location`, `oper_param`, `json_result`, `status`, `error_msg`, `oper_time`) VALUES (190, '代码生成', 8, 'com.ruoyi.generator.controller.GenController.batchGenCode()', 'GET', 1, 'admin', NULL, '/tool/gen/batchGenCode', '127.0.0.1', '内网IP', '{\"tables\":\"ledger_dev_details\"}', NULL, 0, NULL, '2024-02-22 09:51:10');
INSERT INTO `sys_oper_log` (`oper_id`, `title`, `business_type`, `method`, `request_method`, `operator_type`, `oper_name`, `dept_name`, `oper_url`, `oper_ip`, `oper_location`, `oper_param`, `json_result`, `status`, `error_msg`, `oper_time`) VALUES (191, '代码生成', 2, 'com.ruoyi.generator.controller.GenController.synchDb()', 'GET', 1, 'admin', NULL, '/tool/gen/synchDb/ledger_power_supply', '127.0.0.1', '内网IP', '{}', '{\"msg\":\"操作成功\",\"code\":200}', 0, NULL, '2024-02-22 10:06:58');
INSERT INTO `sys_oper_log` (`oper_id`, `title`, `business_type`, `method`, `request_method`, `operator_type`, `oper_name`, `dept_name`, `oper_url`, `oper_ip`, `oper_location`, `oper_param`, `json_result`, `status`, `error_msg`, `oper_time`) VALUES (192, '代码生成', 2, 'com.ruoyi.generator.controller.GenController.synchDb()', 'GET', 1, 'admin', NULL, '/tool/gen/synchDb/ledger_dev_details', '127.0.0.1', '内网IP', '{}', '{\"msg\":\"操作成功\",\"code\":200}', 0, NULL, '2024-02-22 10:09:19');
INSERT INTO `sys_oper_log` (`oper_id`, `title`, `business_type`, `method`, `request_method`, `operator_type`, `oper_name`, `dept_name`, `oper_url`, `oper_ip`, `oper_location`, `oper_param`, `json_result`, `status`, `error_msg`, `oper_time`) VALUES (193, '代码生成', 2, 'com.ruoyi.generator.controller.GenController.synchDb()', 'GET', 1, 'admin', NULL, '/tool/gen/synchDb/ledger_dev_details', '127.0.0.1', '内网IP', '{}', '{\"msg\":\"操作成功\",\"code\":200}', 0, NULL, '2024-02-22 10:10:11');
INSERT INTO `sys_oper_log` (`oper_id`, `title`, `business_type`, `method`, `request_method`, `operator_type`, `oper_name`, `dept_name`, `oper_url`, `oper_ip`, `oper_location`, `oper_param`, `json_result`, `status`, `error_msg`, `oper_time`) VALUES (194, '设备详情', 2, 'com.ruoyi.ledger.controller.LedgerDevDetailsController.edit()', 'PUT', 1, 'admin', NULL, '/ledger/deviceDetails', '127.0.0.1', '内网IP', '{\"devModel\":\"Sugon A420r-G\",\"devType\":\"服务器1\",\"id\":11,\"params\":{}}', '{\"msg\":\"操作成功\",\"code\":200}', 0, NULL, '2024-02-22 10:12:21');
INSERT INTO `sys_oper_log` (`oper_id`, `title`, `business_type`, `method`, `request_method`, `operator_type`, `oper_name`, `dept_name`, `oper_url`, `oper_ip`, `oper_location`, `oper_param`, `json_result`, `status`, `error_msg`, `oper_time`) VALUES (195, '设备详情', 2, 'com.ruoyi.ledger.controller.LedgerDevDetailsController.edit()', 'PUT', 1, 'admin', NULL, '/ledger/deviceDetails', '127.0.0.1', '内网IP', '{\"devModel\":\"Sugon A420r-G\",\"devType\":\"服务器\",\"id\":11,\"params\":{}}', '{\"msg\":\"操作成功\",\"code\":200}', 0, NULL, '2024-02-22 10:12:26');
INSERT INTO `sys_oper_log` (`oper_id`, `title`, `business_type`, `method`, `request_method`, `operator_type`, `oper_name`, `dept_name`, `oper_url`, `oper_ip`, `oper_location`, `oper_param`, `json_result`, `status`, `error_msg`, `oper_time`) VALUES (196, '设备详情', 2, 'com.ruoyi.ledger.controller.LedgerDevDetailsController.edit()', 'PUT', 1, 'admin', NULL, '/ledger/deviceDetails', '127.0.0.1', '内网IP', '{\"devModel\":\"联想Thinksystem SR850\",\"devType\":\"服务器1\",\"id\":1,\"params\":{}}', '{\"msg\":\"操作成功\",\"code\":200}', 0, NULL, '2024-02-22 10:13:00');
INSERT INTO `sys_oper_log` (`oper_id`, `title`, `business_type`, `method`, `request_method`, `operator_type`, `oper_name`, `dept_name`, `oper_url`, `oper_ip`, `oper_location`, `oper_param`, `json_result`, `status`, `error_msg`, `oper_time`) VALUES (197, '设备详情', 2, 'com.ruoyi.ledger.controller.LedgerDevDetailsController.edit()', 'PUT', 1, 'admin', NULL, '/ledger/deviceDetails', '127.0.0.1', '内网IP', '{\"devModel\":\"联想Thinksystem SR850\",\"devType\":\"服务器\",\"id\":1,\"params\":{}}', '{\"msg\":\"操作成功\",\"code\":200}', 0, NULL, '2024-02-22 10:13:03');
INSERT INTO `sys_oper_log` (`oper_id`, `title`, `business_type`, `method`, `request_method`, `operator_type`, `oper_name`, `dept_name`, `oper_url`, `oper_ip`, `oper_location`, `oper_param`, `json_result`, `status`, `error_msg`, `oper_time`) VALUES (198, '代码生成', 2, 'com.ruoyi.generator.controller.GenController.editSave()', 'PUT', 1, 'admin', NULL, '/tool/gen', '127.0.0.1', '内网IP', '{\"businessName\":\"deviceDetails\",\"className\":\"LedgerDevDetails\",\"columns\":[{\"capJavaField\":\"Id\",\"columnComment\":\"主键id\",\"columnId\":1,\"columnName\":\"id\",\"columnType\":\"int\",\"createBy\":\"admin\",\"createTime\":\"2024-02-21 15:45:53\",\"dictType\":\"\",\"edit\":false,\"htmlType\":\"input\",\"increment\":true,\"insert\":true,\"isIncrement\":\"1\",\"isInsert\":\"1\",\"isPk\":\"1\",\"javaField\":\"id\",\"javaType\":\"Long\",\"list\":false,\"params\":{},\"pk\":true,\"query\":false,\"queryType\":\"EQ\",\"required\":false,\"sort\":1,\"superColumn\":false,\"tableId\":1,\"updateBy\":\"\",\"updateTime\":\"2024-02-22 10:10:11\",\"usableColumn\":false},{\"capJavaField\":\"DevType\",\"columnComment\":\"设备类型\",\"columnId\":2,\"columnName\":\"dev_type\",\"columnType\":\"varchar(255)\",\"createBy\":\"admin\",\"createTime\":\"2024-02-21 15:45:53\",\"dictType\":\"\",\"edit\":true,\"htmlType\":\"input\",\"increment\":false,\"insert\":true,\"isEdit\":\"1\",\"isIncrement\":\"0\",\"isInsert\":\"1\",\"isList\":\"1\",\"isPk\":\"0\",\"isQuery\":\"1\",\"javaField\":\"devType\",\"javaType\":\"String\",\"list\":true,\"params\":{},\"pk\":false,\"query\":true,\"queryType\":\"LIKE\",\"required\":false,\"sort\":2,\"superColumn\":false,\"tableId\":1,\"updateBy\":\"\",\"updateTime\":\"2024-02-22 10:10:11\",\"usableColumn\":false},{\"capJavaField\":\"DevModel\",\"columnComment\":\"设备型号\",\"columnId\":3,\"columnName\":\"dev_model\",\"columnType\":\"varchar(255)\",\"createBy\":\"admin\",\"createTime\":\"2024-02-21 15:45:53\",\"dictType\":\"\",\"edit\":true,\"htmlType\":\"input\",\"increment\":false,\"insert\":true,\"isEdit\":\"1\",\"isIncrement\":\"0\",\"isInsert\":\"1\",\"isList\":\"1\",\"isPk\":\"0\",\"isQuery\":\"1\",\"javaField\":\"devModel\",\"javaType\":\"String\",\"list\":true,\"params\":{},\"pk\":false,\"query\":true,\"queryType\":\"LIKE\",\"required\":false,\"sort\":3,\"superColumn\":false,\"tableId\":1,\"updateBy\":\"\",\"updateTime\":\"2024-02-22 10:10:11\",\"usableColumn\":false}],\"crud\":true,\"functionAuthor\":\"disda\",\"functionName\":\"设备详情\",\"genPath\":\"/\",\"genType\":\"0\",\"moduleName\":\"ledger\",\"options\":\"{\\\"parentMenuId\\\":\\\"2001\\\"}\",\"packageName\":\"com.ruoyi.ledger\",\"params\":{\"parentMenuId\":\"2001\"},\"parentMenuId\":\"2001\",\"remark\":\"1\",\"sub\":false,\"tableComment\":\"设备详细信息\",\"ta', '{\"msg\":\"操作成功\",\"code\":200}', 0, NULL, '2024-02-22 10:14:30');
INSERT INTO `sys_oper_log` (`oper_id`, `title`, `business_type`, `method`, `request_method`, `operator_type`, `oper_name`, `dept_name`, `oper_url`, `oper_ip`, `oper_location`, `oper_param`, `json_result`, `status`, `error_msg`, `oper_time`) VALUES (199, '菜单管理', 2, 'com.ruoyi.web.controller.system.SysMenuController.edit()', 'PUT', 1, 'admin', NULL, '/system/menu', '127.0.0.1', '内网IP', '{\"children\":[],\"component\":\"ledger/deviceDetails/index\",\"createTime\":\"2024-02-21 16:42:26\",\"icon\":\"server\",\"isCache\":\"0\",\"isFrame\":\"1\",\"menuId\":2007,\"menuName\":\"设备详情\",\"menuType\":\"C\",\"orderNum\":1,\"params\":{},\"parentId\":2001,\"path\":\"deviceDetails\",\"perms\":\"ledger:deviceDetails:list\",\"status\":\"0\",\"updateBy\":\"admin\",\"visible\":\"0\"}', '{\"msg\":\"操作成功\",\"code\":200}', 0, NULL, '2024-02-22 16:53:27');
INSERT INTO `sys_oper_log` (`oper_id`, `title`, `business_type`, `method`, `request_method`, `operator_type`, `oper_name`, `dept_name`, `oper_url`, `oper_ip`, `oper_location`, `oper_param`, `json_result`, `status`, `error_msg`, `oper_time`) VALUES (200, '机柜地址', 5, 'com.ruoyi.ledger.controller.LedgerLocationController.export()', 'POST', 1, 'admin', NULL, '/ledger/location/export', '127.0.0.1', '内网IP', '{\"params\":{}}', NULL, 0, NULL, '2024-02-22 17:09:56');
INSERT INTO `sys_oper_log` (`oper_id`, `title`, `business_type`, `method`, `request_method`, `operator_type`, `oper_name`, `dept_name`, `oper_url`, `oper_ip`, `oper_location`, `oper_param`, `json_result`, `status`, `error_msg`, `oper_time`) VALUES (201, '机柜地址', 5, 'com.ruoyi.ledger.controller.LedgerLocationController.export()', 'POST', 1, 'admin', NULL, '/ledger/location/export', '127.0.0.1', '内网IP', '{\"params\":{}}', NULL, 0, NULL, '2024-02-22 17:10:01');
INSERT INTO `sys_oper_log` (`oper_id`, `title`, `business_type`, `method`, `request_method`, `operator_type`, `oper_name`, `dept_name`, `oper_url`, `oper_ip`, `oper_location`, `oper_param`, `json_result`, `status`, `error_msg`, `oper_time`) VALUES (202, '菜单管理', 2, 'com.ruoyi.web.controller.system.SysMenuController.edit()', 'PUT', 1, 'admin', NULL, '/system/menu', '127.0.0.1', '内网IP', '{\"children\":[],\"component\":\"ledger/location/index\",\"createTime\":\"2024-02-22 10:07:33\",\"icon\":\"row\",\"isCache\":\"0\",\"isFrame\":\"1\",\"menuId\":2055,\"menuName\":\"机柜地址\",\"menuType\":\"C\",\"orderNum\":1,\"params\":{},\"parentId\":2001,\"path\":\"location\",\"perms\":\"ledger:location:list\",\"status\":\"0\",\"updateBy\":\"admin\",\"visible\":\"0\"}', '{\"msg\":\"操作成功\",\"code\":200}', 0, NULL, '2024-02-22 17:10:48');
INSERT INTO `sys_oper_log` (`oper_id`, `title`, `business_type`, `method`, `request_method`, `operator_type`, `oper_name`, `dept_name`, `oper_url`, `oper_ip`, `oper_location`, `oper_param`, `json_result`, `status`, `error_msg`, `oper_time`) VALUES (203, '代码生成', 2, 'com.ruoyi.generator.controller.GenController.synchDb()', 'GET', 1, 'admin', NULL, '/tool/gen/synchDb/ledger_power_supply', '127.0.0.1', '内网IP', '{}', '{\"msg\":\"操作成功\",\"code\":200}', 0, NULL, '2024-02-22 17:12:22');
INSERT INTO `sys_oper_log` (`oper_id`, `title`, `business_type`, `method`, `request_method`, `operator_type`, `oper_name`, `dept_name`, `oper_url`, `oper_ip`, `oper_location`, `oper_param`, `json_result`, `status`, `error_msg`, `oper_time`) VALUES (204, '代码生成', 2, 'com.ruoyi.generator.controller.GenController.editSave()', 'PUT', 1, 'admin', NULL, '/tool/gen', '127.0.0.1', '内网IP', '{\"businessName\":\"supply\",\"className\":\"LedgerPowerSupply\",\"columns\":[{\"capJavaField\":\"Id\",\"columnComment\":\"主键id\",\"columnId\":21,\"columnName\":\"id\",\"columnType\":\"int\",\"createBy\":\"admin\",\"createTime\":\"2024-02-21 15:45:53\",\"dictType\":\"\",\"edit\":false,\"htmlType\":\"input\",\"increment\":true,\"insert\":true,\"isIncrement\":\"1\",\"isInsert\":\"1\",\"isPk\":\"1\",\"javaField\":\"id\",\"javaType\":\"Long\",\"list\":false,\"params\":{},\"pk\":true,\"query\":false,\"queryType\":\"EQ\",\"required\":false,\"sort\":1,\"superColumn\":false,\"tableId\":6,\"updateBy\":\"\",\"updateTime\":\"2024-02-22 17:12:22\",\"usableColumn\":false},{\"capJavaField\":\"Status\",\"columnComment\":\"电源情况\",\"columnId\":59,\"columnName\":\"status\",\"columnType\":\"varchar(255)\",\"createBy\":\"\",\"createTime\":\"2024-02-22 09:39:28\",\"dictType\":\"\",\"edit\":true,\"htmlType\":\"select\",\"increment\":false,\"insert\":true,\"isEdit\":\"1\",\"isIncrement\":\"0\",\"isInsert\":\"1\",\"isList\":\"1\",\"isPk\":\"0\",\"isQuery\":\"1\",\"javaField\":\"status\",\"javaType\":\"String\",\"list\":true,\"params\":{},\"pk\":false,\"query\":true,\"queryType\":\"EQ\",\"required\":false,\"sort\":2,\"superColumn\":false,\"tableId\":6,\"updateBy\":\"\",\"updateTime\":\"2024-02-22 17:12:22\",\"usableColumn\":false}],\"crud\":true,\"functionAuthor\":\"disda\",\"functionName\":\"电源详情\",\"genPath\":\"/\",\"genType\":\"0\",\"moduleName\":\"ledger\",\"options\":\"{\\\"parentMenuId\\\":\\\"2001\\\"}\",\"packageName\":\"com.ruoyi.ledger\",\"params\":{\"parentMenuId\":\"2001\"},\"parentMenuId\":\"2001\",\"sub\":false,\"subTableFkName\":\"\",\"subTableName\":\"\",\"tableComment\":\"电源信息\",\"tableId\":6,\"tableName\":\"ledger_power_supply\",\"tplCategory\":\"crud\",\"tree\":false}', '{\"msg\":\"操作成功\",\"code\":200}', 0, NULL, '2024-02-22 17:13:27');
INSERT INTO `sys_oper_log` (`oper_id`, `title`, `business_type`, `method`, `request_method`, `operator_type`, `oper_name`, `dept_name`, `oper_url`, `oper_ip`, `oper_location`, `oper_param`, `json_result`, `status`, `error_msg`, `oper_time`) VALUES (205, '代码生成', 2, 'com.ruoyi.generator.controller.GenController.synchDb()', 'GET', 1, 'admin', NULL, '/tool/gen/synchDb/ledger_power_supply', '127.0.0.1', '内网IP', '{}', '{\"msg\":\"操作成功\",\"code\":200}', 0, NULL, '2024-02-22 17:13:43');
INSERT INTO `sys_oper_log` (`oper_id`, `title`, `business_type`, `method`, `request_method`, `operator_type`, `oper_name`, `dept_name`, `oper_url`, `oper_ip`, `oper_location`, `oper_param`, `json_result`, `status`, `error_msg`, `oper_time`) VALUES (206, '代码生成', 2, 'com.ruoyi.generator.controller.GenController.editSave()', 'PUT', 1, 'admin', NULL, '/tool/gen', '127.0.0.1', '内网IP', '{\"businessName\":\"supply\",\"className\":\"LedgerPowerSupply\",\"columns\":[{\"capJavaField\":\"Id\",\"columnComment\":\"主键id\",\"columnId\":21,\"columnName\":\"id\",\"columnType\":\"int\",\"createBy\":\"admin\",\"createTime\":\"2024-02-21 15:45:53\",\"dictType\":\"\",\"edit\":false,\"htmlType\":\"input\",\"increment\":true,\"insert\":true,\"isIncrement\":\"1\",\"isInsert\":\"1\",\"isPk\":\"1\",\"javaField\":\"id\",\"javaType\":\"Long\",\"list\":false,\"params\":{},\"pk\":true,\"query\":false,\"queryType\":\"EQ\",\"required\":false,\"sort\":1,\"superColumn\":false,\"tableId\":6,\"updateBy\":\"\",\"updateTime\":\"2024-02-22 17:13:43\",\"usableColumn\":false},{\"capJavaField\":\"Status\",\"columnComment\":\"电源情况\",\"columnId\":59,\"columnName\":\"status\",\"columnType\":\"varchar(255)\",\"createBy\":\"\",\"createTime\":\"2024-02-22 09:39:28\",\"dictType\":\"\",\"edit\":true,\"htmlType\":\"select\",\"increment\":false,\"insert\":true,\"isEdit\":\"1\",\"isIncrement\":\"0\",\"isInsert\":\"1\",\"isList\":\"1\",\"isPk\":\"0\",\"isQuery\":\"1\",\"javaField\":\"status\",\"javaType\":\"String\",\"list\":true,\"params\":{},\"pk\":false,\"query\":true,\"queryType\":\"EQ\",\"required\":false,\"sort\":2,\"superColumn\":false,\"tableId\":6,\"updateBy\":\"\",\"updateTime\":\"2024-02-22 17:13:43\",\"usableColumn\":false}],\"crud\":true,\"functionAuthor\":\"disda\",\"functionName\":\"电源详情\",\"genPath\":\"/\",\"genType\":\"0\",\"moduleName\":\"ledger\",\"options\":\"{\\\"parentMenuId\\\":\\\"2001\\\"}\",\"packageName\":\"com.ruoyi.ledger\",\"params\":{\"parentMenuId\":\"2001\"},\"parentMenuId\":\"2001\",\"sub\":false,\"subTableFkName\":\"\",\"subTableName\":\"\",\"tableComment\":\"电源信息\",\"tableId\":6,\"tableName\":\"ledger_power_supply\",\"tplCategory\":\"crud\",\"tree\":false}', '{\"msg\":\"操作成功\",\"code\":200}', 0, NULL, '2024-02-22 17:14:13');
INSERT INTO `sys_oper_log` (`oper_id`, `title`, `business_type`, `method`, `request_method`, `operator_type`, `oper_name`, `dept_name`, `oper_url`, `oper_ip`, `oper_location`, `oper_param`, `json_result`, `status`, `error_msg`, `oper_time`) VALUES (207, '电源详情', 2, 'com.ruoyi.ledger.controller.LedgerPowerSupplyController.edit()', 'PUT', 1, 'admin', NULL, '/ledger/supply', '127.0.0.1', '内网IP', '{\"id\":1,\"params\":{},\"status\":\"双电源\"}', '{\"msg\":\"操作成功\",\"code\":200}', 0, NULL, '2024-02-22 17:14:53');
INSERT INTO `sys_oper_log` (`oper_id`, `title`, `business_type`, `method`, `request_method`, `operator_type`, `oper_name`, `dept_name`, `oper_url`, `oper_ip`, `oper_location`, `oper_param`, `json_result`, `status`, `error_msg`, `oper_time`) VALUES (208, '电源详情', 5, 'com.ruoyi.ledger.controller.LedgerPowerSupplyController.export()', 'POST', 1, 'admin', NULL, '/ledger/supply/export', '127.0.0.1', '内网IP', '{\"params\":{}}', NULL, 0, NULL, '2024-02-22 17:15:30');
INSERT INTO `sys_oper_log` (`oper_id`, `title`, `business_type`, `method`, `request_method`, `operator_type`, `oper_name`, `dept_name`, `oper_url`, `oper_ip`, `oper_location`, `oper_param`, `json_result`, `status`, `error_msg`, `oper_time`) VALUES (209, '设备详情', 5, 'com.ruoyi.ledger.controller.LedgerDevDetailsController.export()', 'POST', 1, 'admin', NULL, '/ledger/deviceDetails/export', '127.0.0.1', '内网IP', '{\"params\":{}}', NULL, 0, NULL, '2024-02-22 17:15:51');
INSERT INTO `sys_oper_log` (`oper_id`, `title`, `business_type`, `method`, `request_method`, `operator_type`, `oper_name`, `dept_name`, `oper_url`, `oper_ip`, `oper_location`, `oper_param`, `json_result`, `status`, `error_msg`, `oper_time`) VALUES (210, '电源详情', 2, 'com.ruoyi.ledger.controller.LedgerPowerSupplyController.edit()', 'PUT', 1, 'admin', NULL, '/ledger/supply', '127.0.0.1', '内网IP', '{\"id\":1,\"params\":{},\"status\":\"双电源1\"}', '{\"msg\":\"操作成功\",\"code\":200}', 0, NULL, '2024-02-22 17:21:26');
INSERT INTO `sys_oper_log` (`oper_id`, `title`, `business_type`, `method`, `request_method`, `operator_type`, `oper_name`, `dept_name`, `oper_url`, `oper_ip`, `oper_location`, `oper_param`, `json_result`, `status`, `error_msg`, `oper_time`) VALUES (211, '电源详情', 2, 'com.ruoyi.ledger.controller.LedgerPowerSupplyController.edit()', 'PUT', 1, 'admin', NULL, '/ledger/supply', '127.0.0.1', '内网IP', '{\"id\":1,\"params\":{},\"status\":\"双电源\"}', '{\"msg\":\"操作成功\",\"code\":200}', 0, NULL, '2024-02-22 17:21:29');
INSERT INTO `sys_oper_log` (`oper_id`, `title`, `business_type`, `method`, `request_method`, `operator_type`, `oper_name`, `dept_name`, `oper_url`, `oper_ip`, `oper_location`, `oper_param`, `json_result`, `status`, `error_msg`, `oper_time`) VALUES (212, '代码生成', 2, 'com.ruoyi.generator.controller.GenController.editSave()', 'PUT', 1, 'admin', NULL, '/tool/gen', '127.0.0.1', '内网IP', '{\"businessName\":\"ip\",\"className\":\"LedgerIp\",\"columns\":[{\"capJavaField\":\"Id\",\"columnComment\":\"主键id\",\"columnId\":15,\"columnName\":\"id\",\"columnType\":\"int\",\"createBy\":\"admin\",\"createTime\":\"2024-02-21 15:45:53\",\"dictType\":\"\",\"edit\":false,\"htmlType\":\"input\",\"increment\":true,\"insert\":true,\"isIncrement\":\"1\",\"isInsert\":\"1\",\"isPk\":\"1\",\"javaField\":\"id\",\"javaType\":\"Long\",\"list\":false,\"params\":{},\"pk\":true,\"query\":false,\"queryType\":\"EQ\",\"required\":false,\"sort\":1,\"superColumn\":false,\"tableId\":4,\"updateBy\":\"\",\"updateTime\":\"2024-02-22 09:40:29\",\"usableColumn\":false},{\"capJavaField\":\"IpAddr\",\"columnComment\":\"ip地址\",\"columnId\":16,\"columnName\":\"ip_addr\",\"columnType\":\"varchar(255)\",\"createBy\":\"admin\",\"createTime\":\"2024-02-21 15:45:53\",\"dictType\":\"\",\"edit\":true,\"htmlType\":\"input\",\"increment\":false,\"insert\":true,\"isEdit\":\"1\",\"isIncrement\":\"0\",\"isInsert\":\"1\",\"isList\":\"1\",\"isPk\":\"0\",\"isQuery\":\"1\",\"javaField\":\"ipAddr\",\"javaType\":\"String\",\"list\":true,\"params\":{},\"pk\":false,\"query\":true,\"queryType\":\"LIKE\",\"required\":false,\"sort\":2,\"superColumn\":false,\"tableId\":4,\"updateBy\":\"\",\"updateTime\":\"2024-02-22 09:40:29\",\"usableColumn\":false},{\"capJavaField\":\"Type\",\"columnComment\":\"ip地址类型\",\"columnId\":17,\"columnName\":\"type\",\"columnType\":\"int\",\"createBy\":\"admin\",\"createTime\":\"2024-02-21 15:45:53\",\"dictType\":\"\",\"edit\":true,\"htmlType\":\"input\",\"increment\":false,\"insert\":true,\"isEdit\":\"1\",\"isIncrement\":\"0\",\"isInsert\":\"1\",\"isList\":\"1\",\"isPk\":\"0\",\"isQuery\":\"1\",\"javaField\":\"type\",\"javaType\":\"Long\",\"list\":true,\"params\":{},\"pk\":false,\"query\":true,\"queryType\":\"LIKE\",\"required\":false,\"sort\":3,\"superColumn\":false,\"tableId\":4,\"updateBy\":\"\",\"updateTime\":\"2024-02-22 09:40:29\",\"usableColumn\":false},{\"capJavaField\":\"DevId\",\"columnComment\":\"设备id\",\"columnId\":18,\"columnName\":\"dev_id\",\"columnType\":\"int\",\"createBy\":\"admin\",\"createTime\":\"2024-02-21 15:45:53\",\"dictType\":\"\",\"edit\":true,\"htmlType\":\"input\",\"increment\":false,\"insert\":true,\"isEdit\":\"1\",\"isIncrement\":\"0\",\"isInsert\":\"1\",\"isList\":\"1\",\"isPk\":\"0\",\"isQuery\":\"1\",\"javaField\":\"d', '{\"msg\":\"操作成功\",\"code\":200}', 0, NULL, '2024-02-22 17:22:17');
INSERT INTO `sys_oper_log` (`oper_id`, `title`, `business_type`, `method`, `request_method`, `operator_type`, `oper_name`, `dept_name`, `oper_url`, `oper_ip`, `oper_location`, `oper_param`, `json_result`, `status`, `error_msg`, `oper_time`) VALUES (213, '代码生成', 2, 'com.ruoyi.generator.controller.GenController.synchDb()', 'GET', 1, 'admin', NULL, '/tool/gen/synchDb/ledger_ip', '127.0.0.1', '内网IP', '{}', '{\"msg\":\"操作成功\",\"code\":200}', 0, NULL, '2024-02-22 17:22:22');
INSERT INTO `sys_oper_log` (`oper_id`, `title`, `business_type`, `method`, `request_method`, `operator_type`, `oper_name`, `dept_name`, `oper_url`, `oper_ip`, `oper_location`, `oper_param`, `json_result`, `status`, `error_msg`, `oper_time`) VALUES (214, '代码生成', 2, 'com.ruoyi.generator.controller.GenController.synchDb()', 'GET', 1, 'admin', NULL, '/tool/gen/synchDb/ledger_ip', '127.0.0.1', '内网IP', '{}', '{\"msg\":\"操作成功\",\"code\":200}', 0, NULL, '2024-02-22 17:23:35');
INSERT INTO `sys_oper_log` (`oper_id`, `title`, `business_type`, `method`, `request_method`, `operator_type`, `oper_name`, `dept_name`, `oper_url`, `oper_ip`, `oper_location`, `oper_param`, `json_result`, `status`, `error_msg`, `oper_time`) VALUES (215, '代码生成', 2, 'com.ruoyi.generator.controller.GenController.editSave()', 'PUT', 1, 'admin', NULL, '/tool/gen', '127.0.0.1', '内网IP', '{\"businessName\":\"ip\",\"className\":\"LedgerIp\",\"columns\":[{\"capJavaField\":\"Id\",\"columnComment\":\"主键id\",\"columnId\":15,\"columnName\":\"id\",\"columnType\":\"int\",\"createBy\":\"admin\",\"createTime\":\"2024-02-21 15:45:53\",\"dictType\":\"\",\"edit\":false,\"htmlType\":\"input\",\"increment\":true,\"insert\":true,\"isIncrement\":\"1\",\"isInsert\":\"1\",\"isPk\":\"1\",\"javaField\":\"id\",\"javaType\":\"Long\",\"list\":false,\"params\":{},\"pk\":true,\"query\":false,\"queryType\":\"EQ\",\"required\":false,\"sort\":1,\"superColumn\":false,\"tableId\":4,\"updateBy\":\"\",\"updateTime\":\"2024-02-22 17:23:35\",\"usableColumn\":false},{\"capJavaField\":\"IpAddr\",\"columnComment\":\"ip地址\",\"columnId\":16,\"columnName\":\"ip_addr\",\"columnType\":\"varchar(255)\",\"createBy\":\"admin\",\"createTime\":\"2024-02-21 15:45:53\",\"dictType\":\"\",\"edit\":true,\"htmlType\":\"input\",\"increment\":false,\"insert\":true,\"isEdit\":\"1\",\"isIncrement\":\"0\",\"isInsert\":\"1\",\"isList\":\"1\",\"isPk\":\"0\",\"isQuery\":\"1\",\"javaField\":\"ipAddr\",\"javaType\":\"String\",\"list\":true,\"params\":{},\"pk\":false,\"query\":true,\"queryType\":\"LIKE\",\"required\":false,\"sort\":2,\"superColumn\":false,\"tableId\":4,\"updateBy\":\"\",\"updateTime\":\"2024-02-22 17:23:35\",\"usableColumn\":false},{\"capJavaField\":\"Type\",\"columnComment\":\"ip地址类型\",\"columnId\":17,\"columnName\":\"type\",\"columnType\":\"int\",\"createBy\":\"admin\",\"createTime\":\"2024-02-21 15:45:53\",\"dictType\":\"\",\"edit\":true,\"htmlType\":\"select\",\"increment\":false,\"insert\":true,\"isEdit\":\"1\",\"isIncrement\":\"0\",\"isInsert\":\"1\",\"isList\":\"1\",\"isPk\":\"0\",\"isQuery\":\"1\",\"javaField\":\"type\",\"javaType\":\"String\",\"list\":true,\"params\":{},\"pk\":false,\"query\":true,\"queryType\":\"LIKE\",\"required\":false,\"sort\":3,\"superColumn\":false,\"tableId\":4,\"updateBy\":\"\",\"updateTime\":\"2024-02-22 17:23:35\",\"usableColumn\":false},{\"capJavaField\":\"DevId\",\"columnComment\":\"设备id\",\"columnId\":18,\"columnName\":\"dev_id\",\"columnType\":\"int\",\"createBy\":\"admin\",\"createTime\":\"2024-02-21 15:45:53\",\"dictType\":\"\",\"edit\":true,\"htmlType\":\"input\",\"increment\":false,\"insert\":true,\"isEdit\":\"1\",\"isIncrement\":\"0\",\"isInsert\":\"1\",\"isList\":\"1\",\"isPk\":\"0\",\"isQuery\":\"1\",\"javaField\"', '{\"msg\":\"操作成功\",\"code\":200}', 0, NULL, '2024-02-22 17:24:32');
INSERT INTO `sys_oper_log` (`oper_id`, `title`, `business_type`, `method`, `request_method`, `operator_type`, `oper_name`, `dept_name`, `oper_url`, `oper_ip`, `oper_location`, `oper_param`, `json_result`, `status`, `error_msg`, `oper_time`) VALUES (216, '代码生成', 2, 'com.ruoyi.generator.controller.GenController.synchDb()', 'GET', 1, 'admin', NULL, '/tool/gen/synchDb/ledger_ip', '127.0.0.1', '内网IP', '{}', '{\"msg\":\"操作成功\",\"code\":200}', 0, NULL, '2024-02-22 17:26:10');
INSERT INTO `sys_oper_log` (`oper_id`, `title`, `business_type`, `method`, `request_method`, `operator_type`, `oper_name`, `dept_name`, `oper_url`, `oper_ip`, `oper_location`, `oper_param`, `json_result`, `status`, `error_msg`, `oper_time`) VALUES (217, '代码生成', 3, 'com.ruoyi.generator.controller.GenController.remove()', 'DELETE', 1, 'admin', NULL, '/tool/gen/4', '127.0.0.1', '内网IP', '{}', '{\"msg\":\"操作成功\",\"code\":200}', 0, NULL, '2024-02-22 17:26:38');
INSERT INTO `sys_oper_log` (`oper_id`, `title`, `business_type`, `method`, `request_method`, `operator_type`, `oper_name`, `dept_name`, `oper_url`, `oper_ip`, `oper_location`, `oper_param`, `json_result`, `status`, `error_msg`, `oper_time`) VALUES (218, '代码生成', 6, 'com.ruoyi.generator.controller.GenController.importTableSave()', 'POST', 1, 'admin', NULL, '/tool/gen/importTable', '127.0.0.1', '内网IP', '\"ledger_ip\"', '{\"msg\":\"操作成功\",\"code\":200}', 0, NULL, '2024-02-22 17:26:45');
INSERT INTO `sys_oper_log` (`oper_id`, `title`, `business_type`, `method`, `request_method`, `operator_type`, `oper_name`, `dept_name`, `oper_url`, `oper_ip`, `oper_location`, `oper_param`, `json_result`, `status`, `error_msg`, `oper_time`) VALUES (219, '代码生成', 2, 'com.ruoyi.generator.controller.GenController.editSave()', 'PUT', 1, 'admin', NULL, '/tool/gen', '127.0.0.1', '内网IP', '{\"businessName\":\"ip\",\"className\":\"LedgerIp\",\"columns\":[{\"capJavaField\":\"Id\",\"columnComment\":\"主键id\",\"columnId\":60,\"columnName\":\"id\",\"columnType\":\"int\",\"createBy\":\"admin\",\"createTime\":\"2024-02-22 17:26:45\",\"dictType\":\"\",\"edit\":false,\"htmlType\":\"input\",\"increment\":true,\"insert\":true,\"isIncrement\":\"1\",\"isInsert\":\"1\",\"isPk\":\"1\",\"javaField\":\"id\",\"javaType\":\"Long\",\"list\":false,\"params\":{},\"pk\":true,\"query\":false,\"queryType\":\"EQ\",\"required\":false,\"sort\":1,\"superColumn\":false,\"tableId\":10,\"updateBy\":\"\",\"usableColumn\":false},{\"capJavaField\":\"IpAddr\",\"columnComment\":\"ip地址\",\"columnId\":61,\"columnName\":\"ip_addr\",\"columnType\":\"varchar(255)\",\"createBy\":\"admin\",\"createTime\":\"2024-02-22 17:26:45\",\"dictType\":\"\",\"edit\":true,\"htmlType\":\"input\",\"increment\":false,\"insert\":true,\"isEdit\":\"1\",\"isIncrement\":\"0\",\"isInsert\":\"1\",\"isList\":\"1\",\"isPk\":\"0\",\"isQuery\":\"1\",\"javaField\":\"ipAddr\",\"javaType\":\"String\",\"list\":true,\"params\":{},\"pk\":false,\"query\":true,\"queryType\":\"LIKE\",\"required\":false,\"sort\":2,\"superColumn\":false,\"tableId\":10,\"updateBy\":\"\",\"usableColumn\":false},{\"capJavaField\":\"Type\",\"columnComment\":\"ip地址类型\",\"columnId\":62,\"columnName\":\"type\",\"columnType\":\"varchar(255)\",\"createBy\":\"admin\",\"createTime\":\"2024-02-22 17:26:45\",\"dictType\":\"\",\"edit\":true,\"htmlType\":\"input\",\"increment\":false,\"insert\":true,\"isEdit\":\"1\",\"isIncrement\":\"0\",\"isInsert\":\"1\",\"isList\":\"1\",\"isPk\":\"0\",\"isQuery\":\"1\",\"javaField\":\"type\",\"javaType\":\"String\",\"list\":true,\"params\":{},\"pk\":false,\"query\":true,\"queryType\":\"LIKE\",\"required\":false,\"sort\":3,\"superColumn\":false,\"tableId\":10,\"updateBy\":\"\",\"usableColumn\":false},{\"capJavaField\":\"DevId\",\"columnComment\":\"设备id\",\"columnId\":63,\"columnName\":\"dev_id\",\"columnType\":\"int\",\"createBy\":\"admin\",\"createTime\":\"2024-02-22 17:26:45\",\"dictType\":\"\",\"edit\":true,\"htmlType\":\"input\",\"increment\":false,\"insert\":true,\"isEdit\":\"1\",\"isIncrement\":\"0\",\"isInsert\":\"1\",\"isList\":\"1\",\"isPk\":\"0\",\"isQuery\":\"1\",\"javaField\":\"devId\",\"javaType\":\"Long\",\"list\":true,\"params\":{},\"pk\":false,\"query\":true,\"queryType\":\"EQ\",\"r', '{\"msg\":\"操作成功\",\"code\":200}', 0, NULL, '2024-02-22 17:27:35');
INSERT INTO `sys_oper_log` (`oper_id`, `title`, `business_type`, `method`, `request_method`, `operator_type`, `oper_name`, `dept_name`, `oper_url`, `oper_ip`, `oper_location`, `oper_param`, `json_result`, `status`, `error_msg`, `oper_time`) VALUES (220, '代码生成', 2, 'com.ruoyi.generator.controller.GenController.editSave()', 'PUT', 1, 'admin', NULL, '/tool/gen', '127.0.0.1', '内网IP', '{\"businessName\":\"ip\",\"className\":\"LedgerIp\",\"columns\":[{\"capJavaField\":\"Id\",\"columnComment\":\"主键id\",\"columnId\":60,\"columnName\":\"id\",\"columnType\":\"int\",\"createBy\":\"admin\",\"createTime\":\"2024-02-22 17:26:45\",\"dictType\":\"\",\"edit\":false,\"htmlType\":\"input\",\"increment\":true,\"insert\":true,\"isIncrement\":\"1\",\"isInsert\":\"1\",\"isPk\":\"1\",\"javaField\":\"id\",\"javaType\":\"Long\",\"list\":false,\"params\":{},\"pk\":true,\"query\":false,\"queryType\":\"EQ\",\"required\":false,\"sort\":1,\"superColumn\":false,\"tableId\":10,\"updateBy\":\"\",\"updateTime\":\"2024-02-22 17:27:34\",\"usableColumn\":false},{\"capJavaField\":\"IpAddr\",\"columnComment\":\"ip地址\",\"columnId\":61,\"columnName\":\"ip_addr\",\"columnType\":\"varchar(255)\",\"createBy\":\"admin\",\"createTime\":\"2024-02-22 17:26:45\",\"dictType\":\"\",\"edit\":true,\"htmlType\":\"input\",\"increment\":false,\"insert\":true,\"isEdit\":\"1\",\"isIncrement\":\"0\",\"isInsert\":\"1\",\"isList\":\"1\",\"isPk\":\"0\",\"isQuery\":\"1\",\"javaField\":\"ipAddr\",\"javaType\":\"String\",\"list\":true,\"params\":{},\"pk\":false,\"query\":true,\"queryType\":\"LIKE\",\"required\":false,\"sort\":2,\"superColumn\":false,\"tableId\":10,\"updateBy\":\"\",\"updateTime\":\"2024-02-22 17:27:34\",\"usableColumn\":false},{\"capJavaField\":\"Type\",\"columnComment\":\"地址类型\",\"columnId\":62,\"columnName\":\"type\",\"columnType\":\"varchar(255)\",\"createBy\":\"admin\",\"createTime\":\"2024-02-22 17:26:45\",\"dictType\":\"\",\"edit\":true,\"htmlType\":\"input\",\"increment\":false,\"insert\":true,\"isEdit\":\"1\",\"isIncrement\":\"0\",\"isInsert\":\"1\",\"isList\":\"1\",\"isPk\":\"0\",\"isQuery\":\"1\",\"javaField\":\"type\",\"javaType\":\"String\",\"list\":true,\"params\":{},\"pk\":false,\"query\":true,\"queryType\":\"LIKE\",\"required\":false,\"sort\":3,\"superColumn\":false,\"tableId\":10,\"updateBy\":\"\",\"updateTime\":\"2024-02-22 17:27:34\",\"usableColumn\":false},{\"capJavaField\":\"DevId\",\"columnComment\":\"设备id\",\"columnId\":63,\"columnName\":\"dev_id\",\"columnType\":\"int\",\"createBy\":\"admin\",\"createTime\":\"2024-02-22 17:26:45\",\"dictType\":\"\",\"edit\":true,\"htmlType\":\"input\",\"increment\":false,\"insert\":true,\"isEdit\":\"1\",\"isIncrement\":\"0\",\"isInsert\":\"1\",\"isList\":\"1\",\"isPk\":\"0\",\"isQuery\":\"1\",\"j', '{\"msg\":\"操作成功\",\"code\":200}', 0, NULL, '2024-02-22 17:31:37');
INSERT INTO `sys_oper_log` (`oper_id`, `title`, `business_type`, `method`, `request_method`, `operator_type`, `oper_name`, `dept_name`, `oper_url`, `oper_ip`, `oper_location`, `oper_param`, `json_result`, `status`, `error_msg`, `oper_time`) VALUES (221, '菜单管理', 2, 'com.ruoyi.web.controller.system.SysMenuController.edit()', 'PUT', 1, 'admin', NULL, '/system/menu', '127.0.0.1', '内网IP', '{\"children\":[],\"component\":\"ledger/supply/index\",\"createTime\":\"2024-02-22 10:07:42\",\"icon\":\"tab\",\"isCache\":\"0\",\"isFrame\":\"1\",\"menuId\":2061,\"menuName\":\"电源详情\",\"menuType\":\"C\",\"orderNum\":1,\"params\":{},\"parentId\":2001,\"path\":\"supply\",\"perms\":\"ledger:supply:list\",\"status\":\"0\",\"updateBy\":\"admin\",\"visible\":\"0\"}', '{\"msg\":\"操作成功\",\"code\":200}', 0, NULL, '2024-02-23 08:09:34');
INSERT INTO `sys_oper_log` (`oper_id`, `title`, `business_type`, `method`, `request_method`, `operator_type`, `oper_name`, `dept_name`, `oper_url`, `oper_ip`, `oper_location`, `oper_param`, `json_result`, `status`, `error_msg`, `oper_time`) VALUES (222, '设备信息', 1, 'com.ruoyi.ledger.controller.LedgerDeviceController.add()', 'POST', 1, 'admin', NULL, '/ledger/device', '127.0.0.1', '内网IP', '{\"devName\":\"集控延伸WEB服务器JKYS01B\",\"id\":1,\"params\":{}}', '{\"msg\":\"操作成功\",\"code\":200}', 0, NULL, '2024-02-23 08:17:06');
INSERT INTO `sys_oper_log` (`oper_id`, `title`, `business_type`, `method`, `request_method`, `operator_type`, `oper_name`, `dept_name`, `oper_url`, `oper_ip`, `oper_location`, `oper_param`, `json_result`, `status`, `error_msg`, `oper_time`) VALUES (223, '菜单管理', 3, 'com.ruoyi.web.controller.system.SysMenuController.remove()', 'DELETE', 1, 'admin', NULL, '/system/menu/2043', '127.0.0.1', '内网IP', '{}', '{\"msg\":\"存在子菜单,不允许删除\",\"code\":601}', 0, NULL, '2024-02-23 08:19:37');
INSERT INTO `sys_oper_log` (`oper_id`, `title`, `business_type`, `method`, `request_method`, `operator_type`, `oper_name`, `dept_name`, `oper_url`, `oper_ip`, `oper_location`, `oper_param`, `json_result`, `status`, `error_msg`, `oper_time`) VALUES (224, '菜单管理', 3, 'com.ruoyi.web.controller.system.SysMenuController.remove()', 'DELETE', 1, 'admin', NULL, '/system/menu/2044', '127.0.0.1', '内网IP', '{}', '{\"msg\":\"操作成功\",\"code\":200}', 0, NULL, '2024-02-23 08:19:45');
INSERT INTO `sys_oper_log` (`oper_id`, `title`, `business_type`, `method`, `request_method`, `operator_type`, `oper_name`, `dept_name`, `oper_url`, `oper_ip`, `oper_location`, `oper_param`, `json_result`, `status`, `error_msg`, `oper_time`) VALUES (225, '菜单管理', 3, 'com.ruoyi.web.controller.system.SysMenuController.remove()', 'DELETE', 1, 'admin', NULL, '/system/menu/2045', '127.0.0.1', '内网IP', '{}', '{\"msg\":\"操作成功\",\"code\":200}', 0, NULL, '2024-02-23 08:19:48');
INSERT INTO `sys_oper_log` (`oper_id`, `title`, `business_type`, `method`, `request_method`, `operator_type`, `oper_name`, `dept_name`, `oper_url`, `oper_ip`, `oper_location`, `oper_param`, `json_result`, `status`, `error_msg`, `oper_time`) VALUES (226, '菜单管理', 3, 'com.ruoyi.web.controller.system.SysMenuController.remove()', 'DELETE', 1, 'admin', NULL, '/system/menu/2046', '127.0.0.1', '内网IP', '{}', '{\"msg\":\"操作成功\",\"code\":200}', 0, NULL, '2024-02-23 08:19:51');
INSERT INTO `sys_oper_log` (`oper_id`, `title`, `business_type`, `method`, `request_method`, `operator_type`, `oper_name`, `dept_name`, `oper_url`, `oper_ip`, `oper_location`, `oper_param`, `json_result`, `status`, `error_msg`, `oper_time`) VALUES (227, '菜单管理', 3, 'com.ruoyi.web.controller.system.SysMenuController.remove()', 'DELETE', 1, 'admin', NULL, '/system/menu/2047', '127.0.0.1', '内网IP', '{}', '{\"msg\":\"操作成功\",\"code\":200}', 0, NULL, '2024-02-23 08:19:53');
INSERT INTO `sys_oper_log` (`oper_id`, `title`, `business_type`, `method`, `request_method`, `operator_type`, `oper_name`, `dept_name`, `oper_url`, `oper_ip`, `oper_location`, `oper_param`, `json_result`, `status`, `error_msg`, `oper_time`) VALUES (228, '菜单管理', 3, 'com.ruoyi.web.controller.system.SysMenuController.remove()', 'DELETE', 1, 'admin', NULL, '/system/menu/2048', '127.0.0.1', '内网IP', '{}', '{\"msg\":\"操作成功\",\"code\":200}', 0, NULL, '2024-02-23 08:19:56');
INSERT INTO `sys_oper_log` (`oper_id`, `title`, `business_type`, `method`, `request_method`, `operator_type`, `oper_name`, `dept_name`, `oper_url`, `oper_ip`, `oper_location`, `oper_param`, `json_result`, `status`, `error_msg`, `oper_time`) VALUES (229, '菜单管理', 3, 'com.ruoyi.web.controller.system.SysMenuController.remove()', 'DELETE', 1, 'admin', NULL, '/system/menu/2043', '127.0.0.1', '内网IP', '{}', '{\"msg\":\"操作成功\",\"code\":200}', 0, NULL, '2024-02-23 08:19:58');
INSERT INTO `sys_oper_log` (`oper_id`, `title`, `business_type`, `method`, `request_method`, `operator_type`, `oper_name`, `dept_name`, `oper_url`, `oper_ip`, `oper_location`, `oper_param`, `json_result`, `status`, `error_msg`, `oper_time`) VALUES (230, 'ip地址', 1, 'com.ruoyi.ledger.controller.LedgerIpController.add()', 'POST', 1, 'admin', NULL, '/ledger/ip', '127.0.0.1', '内网IP', '{\"devId\":1,\"id\":1,\"ipAddr\":\"10.35.14.3\",\"params\":{},\"type\":\"网口一\"}', '{\"msg\":\"操作成功\",\"code\":200}', 0, NULL, '2024-02-23 08:41:32');
INSERT INTO `sys_oper_log` (`oper_id`, `title`, `business_type`, `method`, `request_method`, `operator_type`, `oper_name`, `dept_name`, `oper_url`, `oper_ip`, `oper_location`, `oper_param`, `json_result`, `status`, `error_msg`, `oper_time`) VALUES (231, '设备信息', 2, 'com.ruoyi.ledger.controller.LedgerDeviceController.edit()', 'PUT', 1, 'admin', NULL, '/ledger/device', '127.0.0.1', '内网IP', '{\"devModelId\":2,\"devName\":\"集控延伸WEB服务器JKYS01B\",\"id\":1,\"params\":{}}', '{\"msg\":\"操作成功\",\"code\":200}', 0, NULL, '2024-02-23 08:43:08');
INSERT INTO `sys_oper_log` (`oper_id`, `title`, `business_type`, `method`, `request_method`, `operator_type`, `oper_name`, `dept_name`, `oper_url`, `oper_ip`, `oper_location`, `oper_param`, `json_result`, `status`, `error_msg`, `oper_time`) VALUES (232, '设备信息', 2, 'com.ruoyi.ledger.controller.LedgerDeviceController.edit()', 'PUT', 1, 'admin', NULL, '/ledger/device', '127.0.0.1', '内网IP', '{\"devModelId\":2,\"devName\":\"集控延伸WEB服务器JKYS01B\",\"id\":1,\"locId\":1,\"params\":{}}', '{\"msg\":\"操作成功\",\"code\":200}', 0, NULL, '2024-02-23 08:43:17');
INSERT INTO `sys_oper_log` (`oper_id`, `title`, `business_type`, `method`, `request_method`, `operator_type`, `oper_name`, `dept_name`, `oper_url`, `oper_ip`, `oper_location`, `oper_param`, `json_result`, `status`, `error_msg`, `oper_time`) VALUES (233, '设备信息', 2, 'com.ruoyi.ledger.controller.LedgerDeviceController.edit()', 'PUT', 1, 'admin', NULL, '/ledger/device', '127.0.0.1', '内网IP', '{\"devModelId\":2,\"devName\":\"集控延伸WEB服务器JKYS01B\",\"id\":1,\"locId\":1,\"params\":{},\"supplyId\":1}', '{\"msg\":\"操作成功\",\"code\":200}', 0, NULL, '2024-02-23 08:50:33');
INSERT INTO `sys_oper_log` (`oper_id`, `title`, `business_type`, `method`, `request_method`, `operator_type`, `oper_name`, `dept_name`, `oper_url`, `oper_ip`, `oper_location`, `oper_param`, `json_result`, `status`, `error_msg`, `oper_time`) VALUES (234, '代码生成', 3, 'com.ruoyi.generator.controller.GenController.remove()', 'DELETE', 1, 'admin', NULL, '/tool/gen/7', '127.0.0.1', '内网IP', '{}', '{\"msg\":\"操作成功\",\"code\":200}', 0, NULL, '2024-02-23 09:05:39');
INSERT INTO `sys_oper_log` (`oper_id`, `title`, `business_type`, `method`, `request_method`, `operator_type`, `oper_name`, `dept_name`, `oper_url`, `oper_ip`, `oper_location`, `oper_param`, `json_result`, `status`, `error_msg`, `oper_time`) VALUES (235, '代码生成', 6, 'com.ruoyi.generator.controller.GenController.importTableSave()', 'POST', 1, 'admin', NULL, '/tool/gen/importTable', '127.0.0.1', '内网IP', '\"ledger_system\"', '{\"msg\":\"操作成功\",\"code\":200}', 0, NULL, '2024-02-23 09:05:46');
INSERT INTO `sys_oper_log` (`oper_id`, `title`, `business_type`, `method`, `request_method`, `operator_type`, `oper_name`, `dept_name`, `oper_url`, `oper_ip`, `oper_location`, `oper_param`, `json_result`, `status`, `error_msg`, `oper_time`) VALUES (236, '代码生成', 2, 'com.ruoyi.generator.controller.GenController.editSave()', 'PUT', 1, 'admin', NULL, '/tool/gen', '127.0.0.1', '内网IP', '{\"businessName\":\"system\",\"className\":\"LedgerSystem\",\"columns\":[{\"capJavaField\":\"Id\",\"columnComment\":\"主键id\",\"columnId\":64,\"columnName\":\"id\",\"columnType\":\"bigint\",\"createBy\":\"admin\",\"createTime\":\"2024-02-23 09:05:46\",\"dictType\":\"\",\"edit\":false,\"htmlType\":\"input\",\"increment\":false,\"insert\":true,\"isIncrement\":\"0\",\"isInsert\":\"1\",\"isPk\":\"0\",\"javaField\":\"id\",\"javaType\":\"Long\",\"list\":false,\"params\":{},\"pk\":false,\"query\":false,\"queryType\":\"EQ\",\"required\":false,\"sort\":1,\"superColumn\":false,\"tableId\":11,\"updateBy\":\"\",\"usableColumn\":false},{\"capJavaField\":\"SysType\",\"columnComment\":\"操作系统\",\"columnId\":65,\"columnName\":\"sys_type\",\"columnType\":\"text\",\"createBy\":\"admin\",\"createTime\":\"2024-02-23 09:05:46\",\"dictType\":\"\",\"edit\":true,\"htmlType\":\"input\",\"increment\":false,\"insert\":true,\"isEdit\":\"1\",\"isIncrement\":\"0\",\"isInsert\":\"1\",\"isList\":\"1\",\"isPk\":\"0\",\"isQuery\":\"1\",\"javaField\":\"sysType\",\"javaType\":\"String\",\"list\":true,\"params\":{},\"pk\":false,\"query\":true,\"queryType\":\"LIKE\",\"required\":false,\"sort\":2,\"superColumn\":false,\"tableId\":11,\"updateBy\":\"\",\"usableColumn\":false}],\"crud\":true,\"functionAuthor\":\"disda\",\"functionName\":\"操作系统\",\"genPath\":\"/\",\"genType\":\"0\",\"moduleName\":\"ledger\",\"options\":\"{\\\"parentMenuId\\\":2001}\",\"packageName\":\"com.ruoyi.ledger\",\"params\":{\"parentMenuId\":2001},\"parentMenuId\":\"2001\",\"sub\":false,\"tableComment\":\"操作系统\",\"tableId\":11,\"tableName\":\"ledger_system\",\"tplCategory\":\"crud\",\"tree\":false}', '{\"msg\":\"操作成功\",\"code\":200}', 0, NULL, '2024-02-23 09:06:29');
INSERT INTO `sys_oper_log` (`oper_id`, `title`, `business_type`, `method`, `request_method`, `operator_type`, `oper_name`, `dept_name`, `oper_url`, `oper_ip`, `oper_location`, `oper_param`, `json_result`, `status`, `error_msg`, `oper_time`) VALUES (237, '代码生成', 8, 'com.ruoyi.generator.controller.GenController.batchGenCode()', 'GET', 1, 'admin', NULL, '/tool/gen/batchGenCode', '127.0.0.1', '内网IP', '{\"tables\":\"ledger_system\"}', NULL, 0, NULL, '2024-02-23 09:06:44');
INSERT INTO `sys_oper_log` (`oper_id`, `title`, `business_type`, `method`, `request_method`, `operator_type`, `oper_name`, `dept_name`, `oper_url`, `oper_ip`, `oper_location`, `oper_param`, `json_result`, `status`, `error_msg`, `oper_time`) VALUES (238, '代码生成', 2, 'com.ruoyi.generator.controller.GenController.editSave()', 'PUT', 1, 'admin', NULL, '/tool/gen', '127.0.0.1', '内网IP', '{\"businessName\":\"sys\",\"className\":\"LedgerSystem\",\"columns\":[{\"capJavaField\":\"Id\",\"columnComment\":\"主键id\",\"columnId\":64,\"columnName\":\"id\",\"columnType\":\"bigint\",\"createBy\":\"admin\",\"createTime\":\"2024-02-23 09:05:46\",\"dictType\":\"\",\"edit\":false,\"htmlType\":\"input\",\"increment\":false,\"insert\":true,\"isIncrement\":\"0\",\"isInsert\":\"1\",\"isPk\":\"0\",\"javaField\":\"id\",\"javaType\":\"Long\",\"list\":false,\"params\":{},\"pk\":false,\"query\":false,\"queryType\":\"EQ\",\"required\":false,\"sort\":1,\"superColumn\":false,\"tableId\":11,\"updateBy\":\"\",\"updateTime\":\"2024-02-23 09:06:29\",\"usableColumn\":false},{\"capJavaField\":\"SysType\",\"columnComment\":\"操作系统\",\"columnId\":65,\"columnName\":\"sys_type\",\"columnType\":\"text\",\"createBy\":\"admin\",\"createTime\":\"2024-02-23 09:05:46\",\"dictType\":\"\",\"edit\":true,\"htmlType\":\"input\",\"increment\":false,\"insert\":true,\"isEdit\":\"1\",\"isIncrement\":\"0\",\"isInsert\":\"1\",\"isList\":\"1\",\"isPk\":\"0\",\"isQuery\":\"1\",\"javaField\":\"sysType\",\"javaType\":\"String\",\"list\":true,\"params\":{},\"pk\":false,\"query\":true,\"queryType\":\"LIKE\",\"required\":false,\"sort\":2,\"superColumn\":false,\"tableId\":11,\"updateBy\":\"\",\"updateTime\":\"2024-02-23 09:06:29\",\"usableColumn\":false}],\"crud\":true,\"functionAuthor\":\"disda\",\"functionName\":\"操作系统\",\"genPath\":\"/\",\"genType\":\"0\",\"moduleName\":\"ledger\",\"options\":\"{\\\"parentMenuId\\\":\\\"2001\\\"}\",\"packageName\":\"com.ruoyi.ledger\",\"params\":{\"parentMenuId\":\"2001\"},\"parentMenuId\":\"2001\",\"sub\":false,\"tableComment\":\"操作系统\",\"tableId\":11,\"tableName\":\"ledger_system\",\"tplCategory\":\"crud\",\"tree\":false}', '{\"msg\":\"操作成功\",\"code\":200}', 0, NULL, '2024-02-23 09:53:15');
INSERT INTO `sys_oper_log` (`oper_id`, `title`, `business_type`, `method`, `request_method`, `operator_type`, `oper_name`, `dept_name`, `oper_url`, `oper_ip`, `oper_location`, `oper_param`, `json_result`, `status`, `error_msg`, `oper_time`) VALUES (239, '代码生成', 8, 'com.ruoyi.generator.controller.GenController.batchGenCode()', 'GET', 1, 'admin', NULL, '/tool/gen/batchGenCode', '127.0.0.1', '内网IP', '{\"tables\":\"ledger_system\"}', NULL, 0, NULL, '2024-02-23 09:53:41');
INSERT INTO `sys_oper_log` (`oper_id`, `title`, `business_type`, `method`, `request_method`, `operator_type`, `oper_name`, `dept_name`, `oper_url`, `oper_ip`, `oper_location`, `oper_param`, `json_result`, `status`, `error_msg`, `oper_time`) VALUES (240, '代码生成', 2, 'com.ruoyi.generator.controller.GenController.synchDb()', 'GET', 1, 'admin', NULL, '/tool/gen/synchDb/ledger_system', '127.0.0.1', '内网IP', '{}', '{\"msg\":\"操作成功\",\"code\":200}', 0, NULL, '2024-02-23 10:11:32');
INSERT INTO `sys_oper_log` (`oper_id`, `title`, `business_type`, `method`, `request_method`, `operator_type`, `oper_name`, `dept_name`, `oper_url`, `oper_ip`, `oper_location`, `oper_param`, `json_result`, `status`, `error_msg`, `oper_time`) VALUES (241, '代码生成', 2, 'com.ruoyi.generator.controller.GenController.synchDb()', 'GET', 1, 'admin', NULL, '/tool/gen/synchDb/ledger_system', '127.0.0.1', '内网IP', '{}', '{\"msg\":\"操作成功\",\"code\":200}', 0, NULL, '2024-02-23 10:11:51');
INSERT INTO `sys_oper_log` (`oper_id`, `title`, `business_type`, `method`, `request_method`, `operator_type`, `oper_name`, `dept_name`, `oper_url`, `oper_ip`, `oper_location`, `oper_param`, `json_result`, `status`, `error_msg`, `oper_time`) VALUES (242, '代码生成', 3, 'com.ruoyi.generator.controller.GenController.remove()', 'DELETE', 1, 'admin', NULL, '/tool/gen/11', '127.0.0.1', '内网IP', '{}', '{\"msg\":\"操作成功\",\"code\":200}', 0, NULL, '2024-02-23 10:12:09');
INSERT INTO `sys_oper_log` (`oper_id`, `title`, `business_type`, `method`, `request_method`, `operator_type`, `oper_name`, `dept_name`, `oper_url`, `oper_ip`, `oper_location`, `oper_param`, `json_result`, `status`, `error_msg`, `oper_time`) VALUES (243, '代码生成', 6, 'com.ruoyi.generator.controller.GenController.importTableSave()', 'POST', 1, 'admin', NULL, '/tool/gen/importTable', '127.0.0.1', '内网IP', '\"ledger_system\"', '{\"msg\":\"操作成功\",\"code\":200}', 0, NULL, '2024-02-23 10:12:12');
INSERT INTO `sys_oper_log` (`oper_id`, `title`, `business_type`, `method`, `request_method`, `operator_type`, `oper_name`, `dept_name`, `oper_url`, `oper_ip`, `oper_location`, `oper_param`, `json_result`, `status`, `error_msg`, `oper_time`) VALUES (244, '代码生成', 2, 'com.ruoyi.generator.controller.GenController.editSave()', 'PUT', 1, 'admin', NULL, '/tool/gen', '127.0.0.1', '内网IP', '{\"businessName\":\"sys\",\"className\":\"LedgerSystem\",\"columns\":[{\"capJavaField\":\"Id\",\"columnComment\":\"主键id\",\"columnId\":66,\"columnName\":\"id\",\"columnType\":\"int\",\"createBy\":\"admin\",\"createTime\":\"2024-02-23 10:12:12\",\"dictType\":\"\",\"edit\":false,\"htmlType\":\"input\",\"increment\":false,\"insert\":true,\"isIncrement\":\"0\",\"isInsert\":\"1\",\"isPk\":\"0\",\"javaField\":\"id\",\"javaType\":\"Long\",\"list\":false,\"params\":{},\"pk\":false,\"query\":false,\"queryType\":\"EQ\",\"required\":false,\"sort\":1,\"superColumn\":false,\"tableId\":12,\"updateBy\":\"\",\"usableColumn\":false},{\"capJavaField\":\"SysType\",\"columnComment\":\"系统类型\",\"columnId\":67,\"columnName\":\"sys_type\",\"columnType\":\"varchar(255)\",\"createBy\":\"admin\",\"createTime\":\"2024-02-23 10:12:12\",\"dictType\":\"\",\"edit\":true,\"htmlType\":\"input\",\"increment\":false,\"insert\":true,\"isEdit\":\"1\",\"isIncrement\":\"0\",\"isInsert\":\"1\",\"isList\":\"1\",\"isPk\":\"0\",\"isQuery\":\"1\",\"javaField\":\"sysType\",\"javaType\":\"String\",\"list\":true,\"params\":{},\"pk\":false,\"query\":true,\"queryType\":\"LIKE\",\"required\":false,\"sort\":2,\"superColumn\":false,\"tableId\":12,\"updateBy\":\"\",\"usableColumn\":false}],\"crud\":true,\"functionAuthor\":\"disda\",\"functionName\":\"操作系统\",\"genPath\":\"/\",\"genType\":\"0\",\"moduleName\":\"ledger\",\"options\":\"{\\\"parentMenuId\\\":\\\"\\\"}\",\"packageName\":\"com.ruoyi.ledger\",\"params\":{\"parentMenuId\":\"\"},\"parentMenuId\":\"\",\"sub\":false,\"tableComment\":\"操作系统\",\"tableId\":12,\"tableName\":\"ledger_system\",\"tplCategory\":\"crud\",\"tree\":false}', '{\"msg\":\"操作成功\",\"code\":200}', 0, NULL, '2024-02-23 10:12:46');
INSERT INTO `sys_oper_log` (`oper_id`, `title`, `business_type`, `method`, `request_method`, `operator_type`, `oper_name`, `dept_name`, `oper_url`, `oper_ip`, `oper_location`, `oper_param`, `json_result`, `status`, `error_msg`, `oper_time`) VALUES (245, '操作系统', 3, 'com.ruoyi.ledger.controller.LedgerSystemController.remove()', 'DELETE', 1, 'admin', NULL, '/ledger/sys/14', '127.0.0.1', '内网IP', '{}', '{\"msg\":\"操作成功\",\"code\":200}', 0, NULL, '2024-02-23 10:14:59');
INSERT INTO `sys_oper_log` (`oper_id`, `title`, `business_type`, `method`, `request_method`, `operator_type`, `oper_name`, `dept_name`, `oper_url`, `oper_ip`, `oper_location`, `oper_param`, `json_result`, `status`, `error_msg`, `oper_time`) VALUES (246, '代码生成', 2, 'com.ruoyi.generator.controller.GenController.editSave()', 'PUT', 1, 'admin', NULL, '/tool/gen', '127.0.0.1', '内网IP', '{\"businessName\":\"sys\",\"className\":\"LedgerSystem\",\"columns\":[{\"capJavaField\":\"Id\",\"columnComment\":\"主键id\",\"columnId\":66,\"columnName\":\"id\",\"columnType\":\"int\",\"createBy\":\"admin\",\"createTime\":\"2024-02-23 10:12:12\",\"dictType\":\"\",\"edit\":false,\"htmlType\":\"input\",\"increment\":false,\"insert\":true,\"isIncrement\":\"0\",\"isInsert\":\"1\",\"isPk\":\"0\",\"javaField\":\"id\",\"javaType\":\"Long\",\"list\":false,\"params\":{},\"pk\":false,\"query\":false,\"queryType\":\"EQ\",\"required\":false,\"sort\":1,\"superColumn\":false,\"tableId\":12,\"updateBy\":\"\",\"updateTime\":\"2024-02-23 10:12:46\",\"usableColumn\":false},{\"capJavaField\":\"SysType\",\"columnComment\":\"系统类型\",\"columnId\":67,\"columnName\":\"sys_type\",\"columnType\":\"varchar(255)\",\"createBy\":\"admin\",\"createTime\":\"2024-02-23 10:12:12\",\"dictType\":\"\",\"edit\":true,\"htmlType\":\"input\",\"increment\":false,\"insert\":true,\"isEdit\":\"1\",\"isIncrement\":\"0\",\"isInsert\":\"1\",\"isList\":\"1\",\"isPk\":\"0\",\"isQuery\":\"1\",\"javaField\":\"sysType\",\"javaType\":\"String\",\"list\":true,\"params\":{},\"pk\":false,\"query\":true,\"queryType\":\"LIKE\",\"required\":false,\"sort\":2,\"superColumn\":false,\"tableId\":12,\"updateBy\":\"\",\"updateTime\":\"2024-02-23 10:12:46\",\"usableColumn\":false}],\"crud\":true,\"functionAuthor\":\"disda\",\"functionName\":\"操作系统\",\"genPath\":\"/\",\"genType\":\"0\",\"moduleName\":\"ledger\",\"options\":\"{\\\"parentMenuId\\\":\\\"\\\"}\",\"packageName\":\"com.ruoyi.ledger\",\"params\":{\"parentMenuId\":\"\"},\"parentMenuId\":\"\",\"sub\":false,\"tableComment\":\"操作系统\",\"tableId\":12,\"tableName\":\"ledger_system\",\"tplCategory\":\"crud\",\"tree\":false}', '{\"msg\":\"操作成功\",\"code\":200}', 0, NULL, '2024-02-23 10:15:38');
INSERT INTO `sys_oper_log` (`oper_id`, `title`, `business_type`, `method`, `request_method`, `operator_type`, `oper_name`, `dept_name`, `oper_url`, `oper_ip`, `oper_location`, `oper_param`, `json_result`, `status`, `error_msg`, `oper_time`) VALUES (247, '代码生成', 2, 'com.ruoyi.generator.controller.GenController.synchDb()', 'GET', 1, 'admin', NULL, '/tool/gen/synchDb/ledger_system', '127.0.0.1', '内网IP', '{}', '{\"msg\":\"操作成功\",\"code\":200}', 0, NULL, '2024-02-23 10:18:16');
INSERT INTO `sys_oper_log` (`oper_id`, `title`, `business_type`, `method`, `request_method`, `operator_type`, `oper_name`, `dept_name`, `oper_url`, `oper_ip`, `oper_location`, `oper_param`, `json_result`, `status`, `error_msg`, `oper_time`) VALUES (248, '代码生成', 2, 'com.ruoyi.generator.controller.GenController.editSave()', 'PUT', 1, 'admin', NULL, '/tool/gen', '127.0.0.1', '内网IP', '{\"businessName\":\"sys\",\"className\":\"LedgerSystem\",\"columns\":[{\"capJavaField\":\"Id\",\"columnComment\":\"主键id\",\"columnId\":66,\"columnName\":\"id\",\"columnType\":\"int\",\"createBy\":\"admin\",\"createTime\":\"2024-02-23 10:12:12\",\"dictType\":\"\",\"edit\":false,\"htmlType\":\"input\",\"increment\":false,\"insert\":true,\"isIncrement\":\"0\",\"isInsert\":\"1\",\"isPk\":\"0\",\"javaField\":\"id\",\"javaType\":\"Long\",\"list\":false,\"params\":{},\"pk\":false,\"query\":false,\"queryType\":\"EQ\",\"required\":false,\"sort\":1,\"superColumn\":false,\"tableId\":12,\"updateBy\":\"\",\"updateTime\":\"2024-02-23 10:18:16\",\"usableColumn\":false},{\"capJavaField\":\"SysType\",\"columnComment\":\"系统类型\",\"columnId\":67,\"columnName\":\"sys_type\",\"columnType\":\"varchar(255)\",\"createBy\":\"admin\",\"createTime\":\"2024-02-23 10:12:12\",\"dictType\":\"\",\"edit\":true,\"htmlType\":\"select\",\"increment\":false,\"insert\":true,\"isEdit\":\"1\",\"isIncrement\":\"0\",\"isInsert\":\"1\",\"isList\":\"1\",\"isPk\":\"0\",\"isQuery\":\"1\",\"javaField\":\"sysType\",\"javaType\":\"String\",\"list\":true,\"params\":{},\"pk\":false,\"query\":true,\"queryType\":\"LIKE\",\"required\":false,\"sort\":2,\"superColumn\":false,\"tableId\":12,\"updateBy\":\"\",\"updateTime\":\"2024-02-23 10:18:16\",\"usableColumn\":false}],\"crud\":true,\"functionAuthor\":\"disda\",\"functionName\":\"操作系统\",\"genPath\":\"/\",\"genType\":\"0\",\"moduleName\":\"ledger\",\"options\":\"{\\\"parentMenuId\\\":\\\"\\\"}\",\"packageName\":\"com.ruoyi.ledger\",\"params\":{\"parentMenuId\":\"\"},\"parentMenuId\":\"\",\"sub\":false,\"tableComment\":\"操作系统\",\"tableId\":12,\"tableName\":\"ledger_system\",\"tplCategory\":\"crud\",\"tree\":false}', '{\"msg\":\"操作成功\",\"code\":200}', 0, NULL, '2024-02-23 10:18:55');
INSERT INTO `sys_oper_log` (`oper_id`, `title`, `business_type`, `method`, `request_method`, `operator_type`, `oper_name`, `dept_name`, `oper_url`, `oper_ip`, `oper_location`, `oper_param`, `json_result`, `status`, `error_msg`, `oper_time`) VALUES (249, '代码生成', 2, 'com.ruoyi.generator.controller.GenController.editSave()', 'PUT', 1, 'admin', NULL, '/tool/gen', '127.0.0.1', '内网IP', '{\"businessName\":\"sys\",\"className\":\"LedgerSystem\",\"columns\":[{\"capJavaField\":\"Id\",\"columnComment\":\"主键id\",\"columnId\":66,\"columnName\":\"id\",\"columnType\":\"int\",\"createBy\":\"admin\",\"createTime\":\"2024-02-23 10:12:12\",\"dictType\":\"\",\"edit\":false,\"htmlType\":\"input\",\"increment\":false,\"insert\":false,\"isIncrement\":\"0\",\"isInsert\":\"0\",\"isPk\":\"0\",\"isQuery\":\"1\",\"javaField\":\"id\",\"javaType\":\"Long\",\"list\":false,\"params\":{},\"pk\":false,\"query\":true,\"queryType\":\"EQ\",\"required\":false,\"sort\":1,\"superColumn\":false,\"tableId\":12,\"updateBy\":\"\",\"updateTime\":\"2024-02-23 10:18:55\",\"usableColumn\":false},{\"capJavaField\":\"SysType\",\"columnComment\":\"系统类型\",\"columnId\":67,\"columnName\":\"sys_type\",\"columnType\":\"varchar(255)\",\"createBy\":\"admin\",\"createTime\":\"2024-02-23 10:12:12\",\"dictType\":\"\",\"edit\":true,\"htmlType\":\"input\",\"increment\":false,\"insert\":true,\"isEdit\":\"1\",\"isIncrement\":\"0\",\"isInsert\":\"1\",\"isList\":\"1\",\"isPk\":\"0\",\"isQuery\":\"1\",\"javaField\":\"sysType\",\"javaType\":\"String\",\"list\":true,\"params\":{},\"pk\":false,\"query\":true,\"queryType\":\"LIKE\",\"required\":false,\"sort\":2,\"superColumn\":false,\"tableId\":12,\"updateBy\":\"\",\"updateTime\":\"2024-02-23 10:18:55\",\"usableColumn\":false}],\"crud\":true,\"functionAuthor\":\"disda\",\"functionName\":\"操作系统\",\"genPath\":\"/\",\"genType\":\"0\",\"moduleName\":\"ledger\",\"options\":\"{\\\"parentMenuId\\\":\\\"\\\"}\",\"packageName\":\"com.ruoyi.ledger\",\"params\":{\"parentMenuId\":\"\"},\"parentMenuId\":\"\",\"sub\":false,\"tableComment\":\"操作系统\",\"tableId\":12,\"tableName\":\"ledger_system\",\"tplCategory\":\"crud\",\"tree\":false}', '{\"msg\":\"操作成功\",\"code\":200}', 0, NULL, '2024-02-23 10:19:35');
INSERT INTO `sys_oper_log` (`oper_id`, `title`, `business_type`, `method`, `request_method`, `operator_type`, `oper_name`, `dept_name`, `oper_url`, `oper_ip`, `oper_location`, `oper_param`, `json_result`, `status`, `error_msg`, `oper_time`) VALUES (250, '代码生成', 3, 'com.ruoyi.generator.controller.GenController.remove()', 'DELETE', 1, 'admin', NULL, '/tool/gen/12', '127.0.0.1', '内网IP', '{}', '{\"msg\":\"操作成功\",\"code\":200}', 0, NULL, '2024-02-23 10:20:48');
INSERT INTO `sys_oper_log` (`oper_id`, `title`, `business_type`, `method`, `request_method`, `operator_type`, `oper_name`, `dept_name`, `oper_url`, `oper_ip`, `oper_location`, `oper_param`, `json_result`, `status`, `error_msg`, `oper_time`) VALUES (251, '代码生成', 6, 'com.ruoyi.generator.controller.GenController.importTableSave()', 'POST', 1, 'admin', NULL, '/tool/gen/importTable', '127.0.0.1', '内网IP', '\"ledger_system\"', '{\"msg\":\"操作成功\",\"code\":200}', 0, NULL, '2024-02-23 10:20:52');
INSERT INTO `sys_oper_log` (`oper_id`, `title`, `business_type`, `method`, `request_method`, `operator_type`, `oper_name`, `dept_name`, `oper_url`, `oper_ip`, `oper_location`, `oper_param`, `json_result`, `status`, `error_msg`, `oper_time`) VALUES (252, '代码生成', 2, 'com.ruoyi.generator.controller.GenController.editSave()', 'PUT', 1, 'admin', NULL, '/tool/gen', '127.0.0.1', '内网IP', '{\"businessName\":\"sys\",\"className\":\"LedgerSystem\",\"columns\":[{\"capJavaField\":\"Id\",\"columnComment\":\"主键id\",\"columnId\":68,\"columnName\":\"id\",\"columnType\":\"int\",\"createBy\":\"admin\",\"createTime\":\"2024-02-23 10:20:52\",\"dictType\":\"\",\"edit\":false,\"htmlType\":\"input\",\"increment\":true,\"insert\":true,\"isIncrement\":\"1\",\"isInsert\":\"1\",\"isPk\":\"1\",\"javaField\":\"id\",\"javaType\":\"Long\",\"list\":false,\"params\":{},\"pk\":true,\"query\":false,\"queryType\":\"EQ\",\"required\":false,\"sort\":1,\"superColumn\":false,\"tableId\":13,\"updateBy\":\"\",\"usableColumn\":false},{\"capJavaField\":\"SysType\",\"columnComment\":\"操作系统\",\"columnId\":69,\"columnName\":\"sys_type\",\"columnType\":\"varchar(255)\",\"createBy\":\"admin\",\"createTime\":\"2024-02-23 10:20:52\",\"dictType\":\"\",\"edit\":true,\"htmlType\":\"textarea\",\"increment\":false,\"insert\":true,\"isEdit\":\"1\",\"isIncrement\":\"0\",\"isInsert\":\"1\",\"isList\":\"1\",\"isPk\":\"0\",\"isQuery\":\"1\",\"javaField\":\"sysType\",\"javaType\":\"String\",\"list\":true,\"params\":{},\"pk\":false,\"query\":true,\"queryType\":\"LIKE\",\"required\":false,\"sort\":2,\"superColumn\":false,\"tableId\":13,\"updateBy\":\"\",\"usableColumn\":false}],\"crud\":true,\"functionAuthor\":\"disda\",\"functionName\":\"操作系统\",\"genPath\":\"/\",\"genType\":\"0\",\"moduleName\":\"ledger\",\"options\":\"{\\\"parentMenuId\\\":\\\"\\\"}\",\"packageName\":\"com.ruoyi.ledger\",\"params\":{\"parentMenuId\":\"\"},\"parentMenuId\":\"\",\"sub\":false,\"tableComment\":\"操作系统\",\"tableId\":13,\"tableName\":\"ledger_system\",\"tplCategory\":\"crud\",\"tree\":false}', '{\"msg\":\"操作成功\",\"code\":200}', 0, NULL, '2024-02-23 10:21:22');
INSERT INTO `sys_oper_log` (`oper_id`, `title`, `business_type`, `method`, `request_method`, `operator_type`, `oper_name`, `dept_name`, `oper_url`, `oper_ip`, `oper_location`, `oper_param`, `json_result`, `status`, `error_msg`, `oper_time`) VALUES (253, '代码生成', 2, 'com.ruoyi.generator.controller.GenController.editSave()', 'PUT', 1, 'admin', NULL, '/tool/gen', '127.0.0.1', '内网IP', '{\"businessName\":\"sys\",\"className\":\"LedgerSystem\",\"columns\":[{\"capJavaField\":\"Id\",\"columnComment\":\"主键id\",\"columnId\":68,\"columnName\":\"id\",\"columnType\":\"int\",\"createBy\":\"admin\",\"createTime\":\"2024-02-23 10:20:52\",\"dictType\":\"\",\"edit\":false,\"htmlType\":\"input\",\"increment\":true,\"insert\":true,\"isIncrement\":\"1\",\"isInsert\":\"1\",\"isPk\":\"1\",\"javaField\":\"id\",\"javaType\":\"Long\",\"list\":false,\"params\":{},\"pk\":true,\"query\":false,\"queryType\":\"EQ\",\"required\":false,\"sort\":1,\"superColumn\":false,\"tableId\":13,\"updateBy\":\"\",\"updateTime\":\"2024-02-23 10:21:22\",\"usableColumn\":false},{\"capJavaField\":\"SysType\",\"columnComment\":\"操作系统\",\"columnId\":69,\"columnName\":\"sys_type\",\"columnType\":\"varchar(255)\",\"createBy\":\"admin\",\"createTime\":\"2024-02-23 10:20:52\",\"dictType\":\"\",\"edit\":true,\"htmlType\":\"input\",\"increment\":false,\"insert\":true,\"isEdit\":\"1\",\"isIncrement\":\"0\",\"isInsert\":\"1\",\"isList\":\"1\",\"isPk\":\"0\",\"isQuery\":\"1\",\"javaField\":\"sysType\",\"javaType\":\"String\",\"list\":true,\"params\":{},\"pk\":false,\"query\":true,\"queryType\":\"LIKE\",\"required\":false,\"sort\":2,\"superColumn\":false,\"tableId\":13,\"updateBy\":\"\",\"updateTime\":\"2024-02-23 10:21:22\",\"usableColumn\":false}],\"crud\":true,\"functionAuthor\":\"disda\",\"functionName\":\"操作系统\",\"genPath\":\"/\",\"genType\":\"0\",\"moduleName\":\"ledger\",\"options\":\"{\\\"parentMenuId\\\":\\\"\\\"}\",\"packageName\":\"com.ruoyi.ledger\",\"params\":{\"parentMenuId\":\"\"},\"parentMenuId\":\"\",\"sub\":false,\"tableComment\":\"操作系统\",\"tableId\":13,\"tableName\":\"ledger_system\",\"tplCategory\":\"crud\",\"tree\":false}', '{\"msg\":\"操作成功\",\"code\":200}', 0, NULL, '2024-02-23 10:21:51');
INSERT INTO `sys_oper_log` (`oper_id`, `title`, `business_type`, `method`, `request_method`, `operator_type`, `oper_name`, `dept_name`, `oper_url`, `oper_ip`, `oper_location`, `oper_param`, `json_result`, `status`, `error_msg`, `oper_time`) VALUES (254, '操作系统', 2, 'com.ruoyi.ledger.controller.LedgerSystemController.edit()', 'PUT', 1, 'admin', NULL, '/ledger/sys', '127.0.0.1', '内网IP', '{\"id\":14,\"params\":{},\"sysType\":\"凝思V6\"}', '{\"msg\":\"操作成功\",\"code\":200}', 0, NULL, '2024-02-23 10:22:37');
INSERT INTO `sys_oper_log` (`oper_id`, `title`, `business_type`, `method`, `request_method`, `operator_type`, `oper_name`, `dept_name`, `oper_url`, `oper_ip`, `oper_location`, `oper_param`, `json_result`, `status`, `error_msg`, `oper_time`) VALUES (255, '菜单管理', 2, 'com.ruoyi.web.controller.system.SysMenuController.edit()', 'PUT', 1, 'admin', NULL, '/system/menu', '127.0.0.1', '内网IP', '{\"children\":[],\"component\":\"ledger/ip/index\",\"createTime\":\"2024-02-22 10:07:22\",\"icon\":\"dict\",\"isCache\":\"0\",\"isFrame\":\"1\",\"menuId\":2049,\"menuName\":\"ip地址\",\"menuType\":\"C\",\"orderNum\":1,\"params\":{},\"parentId\":2001,\"path\":\"ip\",\"perms\":\"ledger:ip:list\",\"status\":\"0\",\"updateBy\":\"admin\",\"visible\":\"0\"}', '{\"msg\":\"操作成功\",\"code\":200}', 0, NULL, '2024-02-23 11:08:59');
INSERT INTO `sys_oper_log` (`oper_id`, `title`, `business_type`, `method`, `request_method`, `operator_type`, `oper_name`, `dept_name`, `oper_url`, `oper_ip`, `oper_location`, `oper_param`, `json_result`, `status`, `error_msg`, `oper_time`) VALUES (256, '菜单管理', 2, 'com.ruoyi.web.controller.system.SysMenuController.edit()', 'PUT', 1, 'admin', NULL, '/system/menu', '127.0.0.1', '内网IP', '{\"children\":[],\"component\":\"ledger/sys/index\",\"createTime\":\"2024-02-23 10:09:29\",\"icon\":\"druid\",\"isCache\":\"0\",\"isFrame\":\"1\",\"menuId\":2079,\"menuName\":\"操作系统\",\"menuType\":\"C\",\"orderNum\":1,\"params\":{},\"parentId\":2001,\"path\":\"sys\",\"perms\":\"ledger:sys:list\",\"status\":\"0\",\"updateBy\":\"admin\",\"visible\":\"0\"}', '{\"msg\":\"操作成功\",\"code\":200}', 0, NULL, '2024-02-23 11:09:40');
INSERT INTO `sys_oper_log` (`oper_id`, `title`, `business_type`, `method`, `request_method`, `operator_type`, `oper_name`, `dept_name`, `oper_url`, `oper_ip`, `oper_location`, `oper_param`, `json_result`, `status`, `error_msg`, `oper_time`) VALUES (257, '角色管理', 2, 'com.ruoyi.web.controller.system.SysRoleController.edit()', 'PUT', 1, 'admin', NULL, '/system/role', '127.0.0.1', '内网IP', '{\"admin\":false,\"createTime\":\"2023-01-16 10:30:04\",\"dataScope\":\"2\",\"delFlag\":\"0\",\"deptCheckStrictly\":true,\"flag\":false,\"menuCheckStrictly\":true,\"menuIds\":[2001,2002,2007,2049,2055,2061,2079,2003,2008,2012,2050,2054,2056,2060,2062,2066,2080,2084],\"params\":{},\"remark\":\"普通角色\",\"roleId\":2,\"roleKey\":\"common\",\"roleName\":\"普通角色\",\"roleSort\":2,\"status\":\"0\",\"updateBy\":\"admin\"}', '{\"msg\":\"操作成功\",\"code\":200}', 0, NULL, '2024-02-23 16:03:54');
INSERT INTO `sys_oper_log` (`oper_id`, `title`, `business_type`, `method`, `request_method`, `operator_type`, `oper_name`, `dept_name`, `oper_url`, `oper_ip`, `oper_location`, `oper_param`, `json_result`, `status`, `error_msg`, `oper_time`) VALUES (258, '角色管理', 2, 'com.ruoyi.web.controller.system.SysRoleController.edit()', 'PUT', 1, 'admin', NULL, '/system/role', '127.0.0.1', '内网IP', '{\"admin\":false,\"createTime\":\"2023-01-16 10:30:04\",\"dataScope\":\"2\",\"delFlag\":\"0\",\"deptCheckStrictly\":true,\"flag\":false,\"menuCheckStrictly\":true,\"menuIds\":[2001,2002,2007,2049,2055,2061,2079,2003,2008,2012,2050,2054,2056,2060,2062,2066,2080,2084],\"params\":{},\"remark\":\"普通角色\",\"roleId\":2,\"roleKey\":\"common\",\"roleName\":\"普通用户\",\"roleSort\":2,\"status\":\"0\",\"updateBy\":\"admin\"}', '{\"msg\":\"操作成功\",\"code\":200}', 0, NULL, '2024-02-23 16:04:05');
INSERT INTO `sys_oper_log` (`oper_id`, `title`, `business_type`, `method`, `request_method`, `operator_type`, `oper_name`, `dept_name`, `oper_url`, `oper_ip`, `oper_location`, `oper_param`, `json_result`, `status`, `error_msg`, `oper_time`) VALUES (259, '角色管理', 1, 'com.ruoyi.web.controller.system.SysRoleController.add()', 'POST', 1, 'admin', NULL, '/system/role', '127.0.0.1', '内网IP', '{\"admin\":false,\"createBy\":\"admin\",\"deptCheckStrictly\":true,\"deptIds\":[],\"flag\":false,\"menuCheckStrictly\":true,\"menuIds\":[2001,2002,2003,2005,2004,2006,2007,2008,2009,2010,2011,2012,2049,2050,2051,2052,2053,2054,2055,2056,2057,2058,2059,2060,2061,2062,2063,2064,2065,2066,2079,2080,2081,2082,2083,2084],\"params\":{},\"roleId\":100,\"roleKey\":\"ledgerAdmin\",\"roleName\":\"管理员\",\"roleSort\":0,\"status\":\"0\"}', '{\"msg\":\"操作成功\",\"code\":200}', 0, NULL, '2024-02-23 16:04:26');
INSERT INTO `sys_oper_log` (`oper_id`, `title`, `business_type`, `method`, `request_method`, `operator_type`, `oper_name`, `dept_name`, `oper_url`, `oper_ip`, `oper_location`, `oper_param`, `json_result`, `status`, `error_msg`, `oper_time`) VALUES (260, '设备信息', 2, 'com.ruoyi.ledger.controller.LedgerDeviceController.edit()', 'PUT', 1, 'admin', NULL, '/ledger/device', '127.0.0.1', '内网IP', '{\"devModelId\":2,\"devName\":\"集控延伸WEB服务器JKYS01B\",\"id\":1,\"locId\":1,\"params\":{},\"supplyId\":1,\"sysTypeId\":15}', '{\"msg\":\"操作成功\",\"code\":200}', 0, NULL, '2024-02-23 16:17:10');
INSERT INTO `sys_oper_log` (`oper_id`, `title`, `business_type`, `method`, `request_method`, `operator_type`, `oper_name`, `dept_name`, `oper_url`, `oper_ip`, `oper_location`, `oper_param`, `json_result`, `status`, `error_msg`, `oper_time`) VALUES (261, 'ip地址', 2, 'com.ruoyi.ledger.controller.LedgerIpController.edit()', 'PUT', 1, 'admin', NULL, '/ledger/ip', '127.0.0.1', '内网IP', '{\"device\":\"集控延伸WEB服务器JKYS01B\",\"id\":1,\"ipAddr\":\"10.35.14.31\",\"params\":{},\"type\":\"网口一\"}', '{\"msg\":\"操作成功\",\"code\":200}', 0, NULL, '2024-02-26 09:22:42');
INSERT INTO `sys_oper_log` (`oper_id`, `title`, `business_type`, `method`, `request_method`, `operator_type`, `oper_name`, `dept_name`, `oper_url`, `oper_ip`, `oper_location`, `oper_param`, `json_result`, `status`, `error_msg`, `oper_time`) VALUES (262, 'ip地址', 2, 'com.ruoyi.ledger.controller.LedgerIpController.edit()', 'PUT', 1, 'admin', NULL, '/ledger/ip', '127.0.0.1', '内网IP', '{\"device\":\"集控延伸WEB服务器JKYS01B\",\"id\":1,\"ipAddr\":\"10.35.14.3\",\"params\":{},\"type\":\"网口一\"}', '{\"msg\":\"操作成功\",\"code\":200}', 0, NULL, '2024-02-26 09:22:45');
INSERT INTO `sys_oper_log` (`oper_id`, `title`, `business_type`, `method`, `request_method`, `operator_type`, `oper_name`, `dept_name`, `oper_url`, `oper_ip`, `oper_location`, `oper_param`, `json_result`, `status`, `error_msg`, `oper_time`) VALUES (263, 'ip地址', 2, 'com.ruoyi.ledger.controller.LedgerIpController.edit()', 'PUT', 1, 'admin', NULL, '/ledger/ip', '127.0.0.1', '内网IP', '{\"devId\":1,\"device\":\"集控延伸WEB服务器JKYS01B\",\"id\":1,\"ipAddr\":\"10.35.14.3\",\"params\":{},\"type\":\"网口一\"}', '{\"msg\":\"操作成功\",\"code\":200}', 0, NULL, '2024-02-26 09:24:36');
INSERT INTO `sys_oper_log` (`oper_id`, `title`, `business_type`, `method`, `request_method`, `operator_type`, `oper_name`, `dept_name`, `oper_url`, `oper_ip`, `oper_location`, `oper_param`, `json_result`, `status`, `error_msg`, `oper_time`) VALUES (264, 'ip地址', 2, 'com.ruoyi.ledger.controller.LedgerIpController.edit()', 'PUT', 1, 'admin', NULL, '/ledger/ip', '127.0.0.1', '内网IP', '{\"devId\":1,\"id\":2,\"ipAddr\":\"10.35.226.68\",\"params\":{},\"type\":\"网口二\"}', '{\"msg\":\"操作成功\",\"code\":200}', 0, NULL, '2024-02-26 09:24:45');
INSERT INTO `sys_oper_log` (`oper_id`, `title`, `business_type`, `method`, `request_method`, `operator_type`, `oper_name`, `dept_name`, `oper_url`, `oper_ip`, `oper_location`, `oper_param`, `json_result`, `status`, `error_msg`, `oper_time`) VALUES (265, 'ip地址', 2, 'com.ruoyi.ledger.controller.LedgerIpController.edit()', 'PUT', 1, 'admin', NULL, '/ledger/ip', '127.0.0.1', '内网IP', '{\"device\":\"集控延伸WEB服务器JKYS01B\",\"id\":2,\"ipAddr\":\"10.35.226.68\",\"params\":{},\"type\":\"网口二\"}', '{\"msg\":\"操作成功\",\"code\":200}', 0, NULL, '2024-02-26 09:24:48');
INSERT INTO `sys_oper_log` (`oper_id`, `title`, `business_type`, `method`, `request_method`, `operator_type`, `oper_name`, `dept_name`, `oper_url`, `oper_ip`, `oper_location`, `oper_param`, `json_result`, `status`, `error_msg`, `oper_time`) VALUES (266, 'ip地址', 2, 'com.ruoyi.ledger.controller.LedgerIpController.edit()', 'PUT', 1, 'admin', NULL, '/ledger/ip', '127.0.0.1', '内网IP', '{\"device\":\"集控延伸WEB服务器JKYS01B\",\"id\":2,\"ipAddr\":\"10.35.226.68\",\"params\":{},\"type\":\"网口二\"}', '{\"msg\":\"操作成功\",\"code\":200}', 0, NULL, '2024-02-26 09:25:02');
INSERT INTO `sys_oper_log` (`oper_id`, `title`, `business_type`, `method`, `request_method`, `operator_type`, `oper_name`, `dept_name`, `oper_url`, `oper_ip`, `oper_location`, `oper_param`, `json_result`, `status`, `error_msg`, `oper_time`) VALUES (267, 'ip地址', 1, 'com.ruoyi.ledger.controller.LedgerIpController.add()', 'POST', 1, 'admin', NULL, '/ledger/ip', '127.0.0.1', '内网IP', '{\"devId\":1,\"id\":3,\"ipAddr\":\"192.168.1.1\",\"params\":{},\"type\":\"网卡3\"}', '{\"msg\":\"操作成功\",\"code\":200}', 0, NULL, '2024-02-26 09:28:43');
INSERT INTO `sys_oper_log` (`oper_id`, `title`, `business_type`, `method`, `request_method`, `operator_type`, `oper_name`, `dept_name`, `oper_url`, `oper_ip`, `oper_location`, `oper_param`, `json_result`, `status`, `error_msg`, `oper_time`) VALUES (268, 'ip地址', 2, 'com.ruoyi.ledger.controller.LedgerIpController.edit()', 'PUT', 1, 'admin', NULL, '/ledger/ip', '127.0.0.1', '内网IP', '{\"device\":\"集控延伸WEB服务器JKYS01B\",\"id\":3,\"ipAddr\":\"192.168.1.1\",\"params\":{},\"type\":\"网卡三\"}', '{\"msg\":\"操作成功\",\"code\":200}', 0, NULL, '2024-02-26 09:28:48');
INSERT INTO `sys_oper_log` (`oper_id`, `title`, `business_type`, `method`, `request_method`, `operator_type`, `oper_name`, `dept_name`, `oper_url`, `oper_ip`, `oper_location`, `oper_param`, `json_result`, `status`, `error_msg`, `oper_time`) VALUES (269, 'ip地址', 2, 'com.ruoyi.ledger.controller.LedgerIpController.edit()', 'PUT', 1, 'admin', NULL, '/ledger/ip', '127.0.0.1', '内网IP', '{\"device\":\"集控延伸WEB服务器JKYS01B\",\"id\":3,\"ipAddr\":\"192.168.1.1\",\"params\":{},\"type\":\"网口三\"}', '{\"msg\":\"操作成功\",\"code\":200}', 0, NULL, '2024-02-26 09:28:58');
INSERT INTO `sys_oper_log` (`oper_id`, `title`, `business_type`, `method`, `request_method`, `operator_type`, `oper_name`, `dept_name`, `oper_url`, `oper_ip`, `oper_location`, `oper_param`, `json_result`, `status`, `error_msg`, `oper_time`) VALUES (270, 'ip地址', 3, 'com.ruoyi.ledger.controller.LedgerIpController.remove()', 'DELETE', 1, 'admin', NULL, '/ledger/ip/3', '127.0.0.1', '内网IP', '{}', '{\"msg\":\"操作成功\",\"code\":200}', 0, NULL, '2024-02-26 09:34:28');
INSERT INTO `sys_oper_log` (`oper_id`, `title`, `business_type`, `method`, `request_method`, `operator_type`, `oper_name`, `dept_name`, `oper_url`, `oper_ip`, `oper_location`, `oper_param`, `json_result`, `status`, `error_msg`, `oper_time`) VALUES (271, '设备信息', 2, 'com.ruoyi.ledger.controller.LedgerDeviceController.edit()', 'PUT', 1, 'admin', NULL, '/ledger/device', '127.0.0.1', '内网IP', '{\"devName\":\"3区省地广域传输服务器/xmvex3\",\"id\":2,\"params\":{}}', '{\"msg\":\"操作成功\",\"code\":200}', 0, NULL, '2024-02-26 09:35:06');
INSERT INTO `sys_oper_log` (`oper_id`, `title`, `business_type`, `method`, `request_method`, `operator_type`, `oper_name`, `dept_name`, `oper_url`, `oper_ip`, `oper_location`, `oper_param`, `json_result`, `status`, `error_msg`, `oper_time`) VALUES (272, '设备信息', 2, 'com.ruoyi.ledger.controller.LedgerDeviceController.edit()', 'PUT', 1, 'admin', NULL, '/ledger/device', '127.0.0.1', '内网IP', '{\"devModelId\":1,\"devName\":\"3区省地广域传输服务器/xmvex3\",\"id\":2,\"params\":{}}', '{\"msg\":\"操作成功\",\"code\":200}', 0, NULL, '2024-02-26 09:35:53');
INSERT INTO `sys_oper_log` (`oper_id`, `title`, `business_type`, `method`, `request_method`, `operator_type`, `oper_name`, `dept_name`, `oper_url`, `oper_ip`, `oper_location`, `oper_param`, `json_result`, `status`, `error_msg`, `oper_time`) VALUES (273, '设备信息', 2, 'com.ruoyi.ledger.controller.LedgerDeviceController.edit()', 'PUT', 1, 'admin', NULL, '/ledger/device', '127.0.0.1', '内网IP', '{\"devModelId\":1,\"devName\":\"3区省地广域传输服务器/xmvex3\",\"id\":2,\"params\":{},\"supplyId\":1}', '{\"msg\":\"操作成功\",\"code\":200}', 0, NULL, '2024-02-26 09:36:36');
INSERT INTO `sys_oper_log` (`oper_id`, `title`, `business_type`, `method`, `request_method`, `operator_type`, `oper_name`, `dept_name`, `oper_url`, `oper_ip`, `oper_location`, `oper_param`, `json_result`, `status`, `error_msg`, `oper_time`) VALUES (274, '设备信息', 2, 'com.ruoyi.ledger.controller.LedgerDeviceController.edit()', 'PUT', 1, 'admin', NULL, '/ledger/device', '127.0.0.1', '内网IP', '{\"devModelId\":1,\"devName\":\"3区省地广域传输服务器/xmvex3\",\"id\":2,\"opDatetime\":\"2020-06-04 00:00:00\",\"params\":{},\"supplyId\":1}', '{\"msg\":\"操作成功\",\"code\":200}', 0, NULL, '2024-02-26 09:37:28');
INSERT INTO `sys_oper_log` (`oper_id`, `title`, `business_type`, `method`, `request_method`, `operator_type`, `oper_name`, `dept_name`, `oper_url`, `oper_ip`, `oper_location`, `oper_param`, `json_result`, `status`, `error_msg`, `oper_time`) VALUES (275, '设备信息', 2, 'com.ruoyi.ledger.controller.LedgerDeviceController.edit()', 'PUT', 1, 'admin', NULL, '/ledger/device', '127.0.0.1', '内网IP', '{\"devModelId\":1,\"devName\":\"3区省地广域传输服务器/xmvex3\",\"id\":2,\"locId\":1,\"opDatetime\":\"2020-06-04 00:00:00\",\"params\":{},\"supplyId\":1}', '{\"msg\":\"操作成功\",\"code\":200}', 0, NULL, '2024-02-26 09:37:46');
INSERT INTO `sys_oper_log` (`oper_id`, `title`, `business_type`, `method`, `request_method`, `operator_type`, `oper_name`, `dept_name`, `oper_url`, `oper_ip`, `oper_location`, `oper_param`, `json_result`, `status`, `error_msg`, `oper_time`) VALUES (276, 'ip地址', 2, 'com.ruoyi.ledger.controller.LedgerIpController.edit()', 'PUT', 1, 'admin', NULL, '/ledger/ip', '127.0.0.1', '内网IP', '{\"device\":\"2\",\"id\":2,\"ipAddr\":\"10.35.226.68\",\"params\":{},\"type\":\"网口二\"}', '{\"msg\":\"操作成功\",\"code\":200}', 0, NULL, '2024-02-26 09:45:49');
INSERT INTO `sys_oper_log` (`oper_id`, `title`, `business_type`, `method`, `request_method`, `operator_type`, `oper_name`, `dept_name`, `oper_url`, `oper_ip`, `oper_location`, `oper_param`, `json_result`, `status`, `error_msg`, `oper_time`) VALUES (277, 'ip地址', 2, 'com.ruoyi.ledger.controller.LedgerIpController.edit()', 'PUT', 1, 'admin', NULL, '/ledger/ip', '127.0.0.1', '内网IP', '{\"device\":\"2\",\"id\":2,\"ipAddr\":\"10.35.226.68\",\"params\":{},\"type\":\"网口二\"}', '{\"msg\":\"操作成功\",\"code\":200}', 0, NULL, '2024-02-26 09:46:01');
INSERT INTO `sys_oper_log` (`oper_id`, `title`, `business_type`, `method`, `request_method`, `operator_type`, `oper_name`, `dept_name`, `oper_url`, `oper_ip`, `oper_location`, `oper_param`, `json_result`, `status`, `error_msg`, `oper_time`) VALUES (278, 'ip地址', 2, 'com.ruoyi.ledger.controller.LedgerIpController.edit()', 'PUT', 1, 'admin', NULL, '/ledger/ip', '127.0.0.1', '内网IP', '{\"device\":\"2\",\"id\":2,\"ipAddr\":\"10.35.226.68\",\"params\":{},\"type\":\"网口二\"}', '{\"msg\":\"操作成功\",\"code\":200}', 0, NULL, '2024-02-26 09:46:33');
INSERT INTO `sys_oper_log` (`oper_id`, `title`, `business_type`, `method`, `request_method`, `operator_type`, `oper_name`, `dept_name`, `oper_url`, `oper_ip`, `oper_location`, `oper_param`, `json_result`, `status`, `error_msg`, `oper_time`) VALUES (279, 'ip地址', 2, 'com.ruoyi.ledger.controller.LedgerIpController.edit()', 'PUT', 1, 'admin', NULL, '/ledger/ip', '127.0.0.1', '内网IP', '{\"devId\":2,\"device\":\"2\",\"id\":2,\"ipAddr\":\"10.35.226.68\",\"params\":{},\"type\":\"网口二\"}', '{\"msg\":\"操作成功\",\"code\":200}', 0, NULL, '2024-02-26 09:50:59');
INSERT INTO `sys_oper_log` (`oper_id`, `title`, `business_type`, `method`, `request_method`, `operator_type`, `oper_name`, `dept_name`, `oper_url`, `oper_ip`, `oper_location`, `oper_param`, `json_result`, `status`, `error_msg`, `oper_time`) VALUES (280, 'ip地址', 1, 'com.ruoyi.ledger.controller.LedgerIpController.add()', 'POST', 1, 'admin', NULL, '/ledger/ip', '127.0.0.1', '内网IP', '{\"device\":\"2\",\"id\":4,\"ipAddr\":\"10.10.10.1\",\"params\":{},\"type\":\"网口一\"}', '{\"msg\":\"操作成功\",\"code\":200}', 0, NULL, '2024-02-26 09:51:23');
INSERT INTO `sys_oper_log` (`oper_id`, `title`, `business_type`, `method`, `request_method`, `operator_type`, `oper_name`, `dept_name`, `oper_url`, `oper_ip`, `oper_location`, `oper_param`, `json_result`, `status`, `error_msg`, `oper_time`) VALUES (281, 'ip地址', 3, 'com.ruoyi.ledger.controller.LedgerIpController.remove()', 'DELETE', 1, 'admin', NULL, '/ledger/ip/4', '127.0.0.1', '内网IP', '{}', '{\"msg\":\"操作成功\",\"code\":200}', 0, NULL, '2024-02-26 09:51:28');
INSERT INTO `sys_oper_log` (`oper_id`, `title`, `business_type`, `method`, `request_method`, `operator_type`, `oper_name`, `dept_name`, `oper_url`, `oper_ip`, `oper_location`, `oper_param`, `json_result`, `status`, `error_msg`, `oper_time`) VALUES (282, 'ip地址', 1, 'com.ruoyi.ledger.controller.LedgerIpController.add()', 'POST', 1, 'admin', NULL, '/ledger/ip', '127.0.0.1', '内网IP', '{\"devId\":1,\"device\":\"1\",\"id\":5,\"ipAddr\":\"1\",\"params\":{},\"type\":\"1\"}', '{\"msg\":\"操作成功\",\"code\":200}', 0, NULL, '2024-02-26 09:57:29');
INSERT INTO `sys_oper_log` (`oper_id`, `title`, `business_type`, `method`, `request_method`, `operator_type`, `oper_name`, `dept_name`, `oper_url`, `oper_ip`, `oper_location`, `oper_param`, `json_result`, `status`, `error_msg`, `oper_time`) VALUES (283, 'ip地址', 2, 'com.ruoyi.ledger.controller.LedgerIpController.edit()', 'PUT', 1, 'admin', NULL, '/ledger/ip', '127.0.0.1', '内网IP', '{\"devId\":2,\"device\":\"2\",\"id\":5,\"ipAddr\":\"1\",\"params\":{},\"type\":\"1\"}', '{\"msg\":\"操作成功\",\"code\":200}', 0, NULL, '2024-02-26 09:57:35');
INSERT INTO `sys_oper_log` (`oper_id`, `title`, `business_type`, `method`, `request_method`, `operator_type`, `oper_name`, `dept_name`, `oper_url`, `oper_ip`, `oper_location`, `oper_param`, `json_result`, `status`, `error_msg`, `oper_time`) VALUES (284, 'ip地址', 3, 'com.ruoyi.ledger.controller.LedgerIpController.remove()', 'DELETE', 1, 'admin', NULL, '/ledger/ip/5', '127.0.0.1', '内网IP', '{}', '{\"msg\":\"操作成功\",\"code\":200}', 0, NULL, '2024-02-26 09:57:39');
INSERT INTO `sys_oper_log` (`oper_id`, `title`, `business_type`, `method`, `request_method`, `operator_type`, `oper_name`, `dept_name`, `oper_url`, `oper_ip`, `oper_location`, `oper_param`, `json_result`, `status`, `error_msg`, `oper_time`) VALUES (285, 'ip地址', 5, 'com.ruoyi.ledger.controller.LedgerIpController.export()', 'POST', 1, 'admin', NULL, '/ledger/ip/export', '127.0.0.1', '内网IP', '{\"params\":{}}', NULL, 0, NULL, '2024-02-26 10:02:15');
INSERT INTO `sys_oper_log` (`oper_id`, `title`, `business_type`, `method`, `request_method`, `operator_type`, `oper_name`, `dept_name`, `oper_url`, `oper_ip`, `oper_location`, `oper_param`, `json_result`, `status`, `error_msg`, `oper_time`) VALUES (286, 'ip地址', 5, 'com.ruoyi.ledger.controller.LedgerIpController.export()', 'POST', 1, 'admin', NULL, '/ledger/ip/export', '127.0.0.1', '内网IP', '{\"params\":{}}', NULL, 0, NULL, '2024-02-26 10:03:00');
INSERT INTO `sys_oper_log` (`oper_id`, `title`, `business_type`, `method`, `request_method`, `operator_type`, `oper_name`, `dept_name`, `oper_url`, `oper_ip`, `oper_location`, `oper_param`, `json_result`, `status`, `error_msg`, `oper_time`) VALUES (287, '设备信息', 2, 'com.ruoyi.ledger.controller.LedgerDeviceController.edit()', 'PUT', 1, 'admin', NULL, '/ledger/device', '127.0.0.1', '内网IP', '{\"devModelId\":2,\"devName\":\"集控延伸WEB服务器JKYS01B\",\"id\":1,\"locId\":1,\"opDatetime\":\"2024-02-02 00:00:00\",\"params\":{},\"supplyId\":1,\"sysTypeId\":15}', '{\"msg\":\"操作成功\",\"code\":200}', 0, NULL, '2024-02-26 10:40:58');
INSERT INTO `sys_oper_log` (`oper_id`, `title`, `business_type`, `method`, `request_method`, `operator_type`, `oper_name`, `dept_name`, `oper_url`, `oper_ip`, `oper_location`, `oper_param`, `json_result`, `status`, `error_msg`, `oper_time`) VALUES (288, '设备信息', 2, 'com.ruoyi.ledger.controller.LedgerDeviceController.edit()', 'PUT', 1, 'admin', NULL, '/ledger/device', '127.0.0.1', '内网IP', '{\"devModelId\":2,\"devName\":\"集控延伸WEB服务器JKYS01B\",\"id\":1,\"locId\":1,\"opDatetime\":\"2024-02-02 00:00:00\",\"params\":{},\"supplyId\":1,\"sysTypeId\":15}', '{\"msg\":\"操作成功\",\"code\":200}', 0, NULL, '2024-02-26 15:07:24');
INSERT INTO `sys_oper_log` (`oper_id`, `title`, `business_type`, `method`, `request_method`, `operator_type`, `oper_name`, `dept_name`, `oper_url`, `oper_ip`, `oper_location`, `oper_param`, `json_result`, `status`, `error_msg`, `oper_time`) VALUES (289, '设备信息', 2, 'com.ruoyi.ledger.controller.LedgerDeviceController.edit()', 'PUT', 1, 'admin', NULL, '/ledger/device', '127.0.0.1', '内网IP', '{\"devModelId\":2,\"devName\":\"集控延伸WEB服务器JKYS01B\",\"id\":1,\"locId\":1,\"opDatetime\":\"2024-02-02 00:00:00\",\"params\":{},\"supplyId\":1,\"sysTypeId\":15}', '{\"msg\":\"操作成功\",\"code\":200}', 0, NULL, '2024-02-26 17:07:17');
INSERT INTO `sys_oper_log` (`oper_id`, `title`, `business_type`, `method`, `request_method`, `operator_type`, `oper_name`, `dept_name`, `oper_url`, `oper_ip`, `oper_location`, `oper_param`, `json_result`, `status`, `error_msg`, `oper_time`) VALUES (290, '设备信息', 1, 'com.ruoyi.ledger.controller.LedgerDeviceController.add()', 'POST', 1, 'admin', NULL, '/ledger/device', '127.0.0.1', '内网IP', '{\"params\":{}}', NULL, 1, '\n### Error updating database.  Cause: java.sql.SQLSyntaxErrorException: You have an error in your SQL syntax; check the manual that corresponds to your MySQL server version for the right syntax to use near \'\' at line 1\n### The error may exist in file [/Users/disda/Desktop/Proj/qrcode-ruoyi/ledger/target/classes/mapper/ledger/LedgerDeviceMapper.xml]\n### The error may involve com.ruoyi.ledger.mapper.LedgerDeviceMapper.insertLedgerDevice-Inline\n### The error occurred while setting parameters\n### SQL: insert into ledger_device\n### Cause: java.sql.SQLSyntaxErrorException: You have an error in your SQL syntax; check the manual that corresponds to your MySQL server version for the right syntax to use near \'\' at line 1\n; bad SQL grammar []; nested exception is java.sql.SQLSyntaxErrorException: You have an error in your SQL syntax; check the manual that corresponds to your MySQL server version for the right syntax to use near \'\' at line 1', '2024-02-26 17:08:36');
INSERT INTO `sys_oper_log` (`oper_id`, `title`, `business_type`, `method`, `request_method`, `operator_type`, `oper_name`, `dept_name`, `oper_url`, `oper_ip`, `oper_location`, `oper_param`, `json_result`, `status`, `error_msg`, `oper_time`) VALUES (291, '设备信息', 1, 'com.ruoyi.ledger.controller.LedgerDeviceController.add()', 'POST', 1, 'admin', NULL, '/ledger/device', '127.0.0.1', '内网IP', '{\"devName\":\"2\",\"id\":3,\"params\":{}}', '{\"msg\":\"操作成功\",\"code\":200}', 0, NULL, '2024-02-26 17:10:00');
INSERT INTO `sys_oper_log` (`oper_id`, `title`, `business_type`, `method`, `request_method`, `operator_type`, `oper_name`, `dept_name`, `oper_url`, `oper_ip`, `oper_location`, `oper_param`, `json_result`, `status`, `error_msg`, `oper_time`) VALUES (292, '设备信息', 3, 'com.ruoyi.ledger.controller.LedgerDeviceController.remove()', 'DELETE', 1, 'admin', NULL, '/ledger/device/3', '127.0.0.1', '内网IP', '{}', '{\"msg\":\"操作成功\",\"code\":200}', 0, NULL, '2024-02-26 17:10:06');
INSERT INTO `sys_oper_log` (`oper_id`, `title`, `business_type`, `method`, `request_method`, `operator_type`, `oper_name`, `dept_name`, `oper_url`, `oper_ip`, `oper_location`, `oper_param`, `json_result`, `status`, `error_msg`, `oper_time`) VALUES (293, '设备信息', 1, 'com.ruoyi.ledger.controller.LedgerDeviceController.add()', 'POST', 1, 'admin', NULL, '/ledger/device', '127.0.0.1', '内网IP', '{\"devName\":\"快\",\"id\":4,\"params\":{}}', '{\"msg\":\"操作成功\",\"code\":200}', 0, NULL, '2024-02-26 17:10:13');
INSERT INTO `sys_oper_log` (`oper_id`, `title`, `business_type`, `method`, `request_method`, `operator_type`, `oper_name`, `dept_name`, `oper_url`, `oper_ip`, `oper_location`, `oper_param`, `json_result`, `status`, `error_msg`, `oper_time`) VALUES (294, '设备信息', 2, 'com.ruoyi.ledger.controller.LedgerDeviceController.edit()', 'PUT', 1, 'admin', NULL, '/ledger/device', '127.0.0.1', '内网IP', '{\"devModelId\":2,\"devName\":\"集控延伸WEB服务器JKYS01B1\",\"id\":1,\"locId\":1,\"opDatetime\":\"2024-02-02 00:00:00\",\"params\":{},\"supplyId\":1,\"sysTypeId\":15}', '{\"msg\":\"操作成功\",\"code\":200}', 0, NULL, '2024-02-26 17:14:12');
INSERT INTO `sys_oper_log` (`oper_id`, `title`, `business_type`, `method`, `request_method`, `operator_type`, `oper_name`, `dept_name`, `oper_url`, `oper_ip`, `oper_location`, `oper_param`, `json_result`, `status`, `error_msg`, `oper_time`) VALUES (295, '设备信息', 2, 'com.ruoyi.ledger.controller.LedgerDeviceController.edit()', 'PUT', 1, 'admin', NULL, '/ledger/device', '127.0.0.1', '内网IP', '{\"devModelId\":2,\"devName\":\"集控延伸WEB服务器JKYS01B\",\"id\":1,\"locId\":1,\"opDatetime\":\"2024-02-02 00:00:00\",\"params\":{},\"supplyId\":1,\"sysTypeId\":15}', '{\"msg\":\"操作成功\",\"code\":200}', 0, NULL, '2024-02-26 17:14:18');
INSERT INTO `sys_oper_log` (`oper_id`, `title`, `business_type`, `method`, `request_method`, `operator_type`, `oper_name`, `dept_name`, `oper_url`, `oper_ip`, `oper_location`, `oper_param`, `json_result`, `status`, `error_msg`, `oper_time`) VALUES (296, '设备信息', 2, 'com.ruoyi.ledger.controller.LedgerDeviceController.edit()', 'PUT', 1, 'admin', NULL, '/ledger/device', '127.0.0.1', '内网IP', '{\"devName\":\"\",\"id\":4,\"params\":{}}', '{\"msg\":\"操作成功\",\"code\":200}', 0, NULL, '2024-02-26 17:14:42');
INSERT INTO `sys_oper_log` (`oper_id`, `title`, `business_type`, `method`, `request_method`, `operator_type`, `oper_name`, `dept_name`, `oper_url`, `oper_ip`, `oper_location`, `oper_param`, `json_result`, `status`, `error_msg`, `oper_time`) VALUES (297, '设备信息', 3, 'com.ruoyi.ledger.controller.LedgerDeviceController.remove()', 'DELETE', 1, 'admin', NULL, '/ledger/device/4', '127.0.0.1', '内网IP', '{}', '{\"msg\":\"操作成功\",\"code\":200}', 0, NULL, '2024-02-26 17:14:45');
INSERT INTO `sys_oper_log` (`oper_id`, `title`, `business_type`, `method`, `request_method`, `operator_type`, `oper_name`, `dept_name`, `oper_url`, `oper_ip`, `oper_location`, `oper_param`, `json_result`, `status`, `error_msg`, `oper_time`) VALUES (298, '设备信息', 1, 'com.ruoyi.ledger.controller.LedgerDeviceController.add()', 'POST', 1, 'admin', NULL, '/ledger/device', '127.0.0.1', '内网IP', '{\"params\":{}}', NULL, 1, '\n### Error updating database.  Cause: java.sql.SQLSyntaxErrorException: You have an error in your SQL syntax; check the manual that corresponds to your MySQL server version for the right syntax to use near \'\' at line 1\n### The error may exist in file [/Users/disda/Desktop/Proj/qrcode-ruoyi/ledger/target/classes/mapper/ledger/LedgerDeviceMapper.xml]\n### The error may involve com.ruoyi.ledger.mapper.LedgerDeviceMapper.insertLedgerDevice-Inline\n### The error occurred while setting parameters\n### SQL: insert into ledger_device\n### Cause: java.sql.SQLSyntaxErrorException: You have an error in your SQL syntax; check the manual that corresponds to your MySQL server version for the right syntax to use near \'\' at line 1\n; bad SQL grammar []; nested exception is java.sql.SQLSyntaxErrorException: You have an error in your SQL syntax; check the manual that corresponds to your MySQL server version for the right syntax to use near \'\' at line 1', '2024-02-26 17:14:47');
INSERT INTO `sys_oper_log` (`oper_id`, `title`, `business_type`, `method`, `request_method`, `operator_type`, `oper_name`, `dept_name`, `oper_url`, `oper_ip`, `oper_location`, `oper_param`, `json_result`, `status`, `error_msg`, `oper_time`) VALUES (299, '设备信息', 1, 'com.ruoyi.ledger.controller.LedgerDeviceController.add()', 'POST', 1, 'admin', NULL, '/ledger/device', '127.0.0.1', '内网IP', '{\"params\":{}}', NULL, 1, '\n### Error updating database.  Cause: java.sql.SQLSyntaxErrorException: You have an error in your SQL syntax; check the manual that corresponds to your MySQL server version for the right syntax to use near \'\' at line 1\n### The error may exist in file [/Users/disda/Desktop/Proj/qrcode-ruoyi/ledger/target/classes/mapper/ledger/LedgerDeviceMapper.xml]\n### The error may involve com.ruoyi.ledger.mapper.LedgerDeviceMapper.insertLedgerDevice-Inline\n### The error occurred while setting parameters\n### SQL: insert into ledger_device\n### Cause: java.sql.SQLSyntaxErrorException: You have an error in your SQL syntax; check the manual that corresponds to your MySQL server version for the right syntax to use near \'\' at line 1\n; bad SQL grammar []; nested exception is java.sql.SQLSyntaxErrorException: You have an error in your SQL syntax; check the manual that corresponds to your MySQL server version for the right syntax to use near \'\' at line 1', '2024-02-26 17:14:48');
INSERT INTO `sys_oper_log` (`oper_id`, `title`, `business_type`, `method`, `request_method`, `operator_type`, `oper_name`, `dept_name`, `oper_url`, `oper_ip`, `oper_location`, `oper_param`, `json_result`, `status`, `error_msg`, `oper_time`) VALUES (300, '设备信息', 1, 'com.ruoyi.ledger.controller.LedgerDeviceController.add()', 'POST', 1, 'admin', NULL, '/ledger/device', '127.0.0.1', '内网IP', '{\"params\":{}}', NULL, 1, '\n### Error updating database.  Cause: java.sql.SQLSyntaxErrorException: You have an error in your SQL syntax; check the manual that corresponds to your MySQL server version for the right syntax to use near \'\' at line 1\n### The error may exist in file [/Users/disda/Desktop/Proj/qrcode-ruoyi/ledger/target/classes/mapper/ledger/LedgerDeviceMapper.xml]\n### The error may involve com.ruoyi.ledger.mapper.LedgerDeviceMapper.insertLedgerDevice-Inline\n### The error occurred while setting parameters\n### SQL: insert into ledger_device\n### Cause: java.sql.SQLSyntaxErrorException: You have an error in your SQL syntax; check the manual that corresponds to your MySQL server version for the right syntax to use near \'\' at line 1\n; bad SQL grammar []; nested exception is java.sql.SQLSyntaxErrorException: You have an error in your SQL syntax; check the manual that corresponds to your MySQL server version for the right syntax to use near \'\' at line 1', '2024-02-26 17:14:53');
INSERT INTO `sys_oper_log` (`oper_id`, `title`, `business_type`, `method`, `request_method`, `operator_type`, `oper_name`, `dept_name`, `oper_url`, `oper_ip`, `oper_location`, `oper_param`, `json_result`, `status`, `error_msg`, `oper_time`) VALUES (301, '设备详情', 1, 'com.ruoyi.ledger.controller.LedgerDevDetailsController.add()', 'POST', 1, 'admin', NULL, '/ledger/deviceDetails', '127.0.0.1', '内网IP', '{\"params\":{}}', NULL, 1, '\n### Error updating database.  Cause: java.sql.SQLSyntaxErrorException: You have an error in your SQL syntax; check the manual that corresponds to your MySQL server version for the right syntax to use near \'\' at line 1\n### The error may exist in file [/Users/disda/Desktop/Proj/qrcode-ruoyi/ledger/target/classes/mapper/ledger/LedgerDevDetailsMapper.xml]\n### The error may involve com.ruoyi.ledger.mapper.LedgerDevDetailsMapper.insertLedgerDevDetails-Inline\n### The error occurred while setting parameters\n### SQL: insert into ledger_dev_details\n### Cause: java.sql.SQLSyntaxErrorException: You have an error in your SQL syntax; check the manual that corresponds to your MySQL server version for the right syntax to use near \'\' at line 1\n; bad SQL grammar []; nested exception is java.sql.SQLSyntaxErrorException: You have an error in your SQL syntax; check the manual that corresponds to your MySQL server version for the right syntax to use near \'\' at line 1', '2024-02-26 17:16:58');
INSERT INTO `sys_oper_log` (`oper_id`, `title`, `business_type`, `method`, `request_method`, `operator_type`, `oper_name`, `dept_name`, `oper_url`, `oper_ip`, `oper_location`, `oper_param`, `json_result`, `status`, `error_msg`, `oper_time`) VALUES (302, 'ip地址', 1, 'com.ruoyi.ledger.controller.LedgerIpController.add()', 'POST', 1, 'admin', NULL, '/ledger/ip', '127.0.0.1', '内网IP', '{\"params\":{}}', NULL, 1, 'null', '2024-02-26 17:17:03');
INSERT INTO `sys_oper_log` (`oper_id`, `title`, `business_type`, `method`, `request_method`, `operator_type`, `oper_name`, `dept_name`, `oper_url`, `oper_ip`, `oper_location`, `oper_param`, `json_result`, `status`, `error_msg`, `oper_time`) VALUES (303, '设备信息', 1, 'com.ruoyi.ledger.controller.LedgerDeviceController.add()', 'POST', 1, 'admin', NULL, '/ledger/device', '127.0.0.1', '内网IP', '{\"params\":{}}', NULL, 1, '\n### Error updating database.  Cause: java.sql.SQLSyntaxErrorException: You have an error in your SQL syntax; check the manual that corresponds to your MySQL server version for the right syntax to use near \'\' at line 1\n### The error may exist in file [/Users/disda/Desktop/Proj/qrcode-ruoyi/ledger/target/classes/mapper/ledger/LedgerDeviceMapper.xml]\n### The error may involve com.ruoyi.ledger.mapper.LedgerDeviceMapper.insertLedgerDevice-Inline\n### The error occurred while setting parameters\n### SQL: insert into ledger_device\n### Cause: java.sql.SQLSyntaxErrorException: You have an error in your SQL syntax; check the manual that corresponds to your MySQL server version for the right syntax to use near \'\' at line 1\n; bad SQL grammar []; nested exception is java.sql.SQLSyntaxErrorException: You have an error in your SQL syntax; check the manual that corresponds to your MySQL server version for the right syntax to use near \'\' at line 1', '2024-02-26 17:18:07');
INSERT INTO `sys_oper_log` (`oper_id`, `title`, `business_type`, `method`, `request_method`, `operator_type`, `oper_name`, `dept_name`, `oper_url`, `oper_ip`, `oper_location`, `oper_param`, `json_result`, `status`, `error_msg`, `oper_time`) VALUES (304, '设备信息', 1, 'com.ruoyi.ledger.controller.LedgerDeviceController.add()', 'POST', 1, 'admin', NULL, '/ledger/device', '127.0.0.1', '内网IP', '{\"params\":{}}', NULL, 1, '\n### Error updating database.  Cause: java.sql.SQLSyntaxErrorException: You have an error in your SQL syntax; check the manual that corresponds to your MySQL server version for the right syntax to use near \'\' at line 1\n### The error may exist in file [/Users/disda/Desktop/Proj/qrcode-ruoyi/ledger/target/classes/mapper/ledger/LedgerDeviceMapper.xml]\n### The error may involve com.ruoyi.ledger.mapper.LedgerDeviceMapper.insertLedgerDevice-Inline\n### The error occurred while setting parameters\n### SQL: insert into ledger_device\n### Cause: java.sql.SQLSyntaxErrorException: You have an error in your SQL syntax; check the manual that corresponds to your MySQL server version for the right syntax to use near \'\' at line 1\n; bad SQL grammar []; nested exception is java.sql.SQLSyntaxErrorException: You have an error in your SQL syntax; check the manual that corresponds to your MySQL server version for the right syntax to use near \'\' at line 1', '2024-02-26 17:18:12');
INSERT INTO `sys_oper_log` (`oper_id`, `title`, `business_type`, `method`, `request_method`, `operator_type`, `oper_name`, `dept_name`, `oper_url`, `oper_ip`, `oper_location`, `oper_param`, `json_result`, `status`, `error_msg`, `oper_time`) VALUES (305, '设备信息', 1, 'com.ruoyi.ledger.controller.LedgerDeviceController.add()', 'POST', 1, 'admin', NULL, '/ledger/device', '127.0.0.1', '内网IP', '{\"params\":{}}', NULL, 1, '\n### Error updating database.  Cause: java.sql.SQLSyntaxErrorException: You have an error in your SQL syntax; check the manual that corresponds to your MySQL server version for the right syntax to use near \'\' at line 1\n### The error may exist in file [/Users/disda/Desktop/Proj/qrcode-ruoyi/ledger/target/classes/mapper/ledger/LedgerDeviceMapper.xml]\n### The error may involve com.ruoyi.ledger.mapper.LedgerDeviceMapper.insertLedgerDevice-Inline\n### The error occurred while setting parameters\n### SQL: insert into ledger_device\n### Cause: java.sql.SQLSyntaxErrorException: You have an error in your SQL syntax; check the manual that corresponds to your MySQL server version for the right syntax to use near \'\' at line 1\n; bad SQL grammar []; nested exception is java.sql.SQLSyntaxErrorException: You have an error in your SQL syntax; check the manual that corresponds to your MySQL server version for the right syntax to use near \'\' at line 1', '2024-02-26 17:22:37');
INSERT INTO `sys_oper_log` (`oper_id`, `title`, `business_type`, `method`, `request_method`, `operator_type`, `oper_name`, `dept_name`, `oper_url`, `oper_ip`, `oper_location`, `oper_param`, `json_result`, `status`, `error_msg`, `oper_time`) VALUES (306, '电源详情', 1, 'com.ruoyi.ledger.controller.LedgerPowerSupplyController.add()', 'POST', 1, 'admin', NULL, '/ledger/supply', '127.0.0.1', '内网IP', '{\"params\":{}}', NULL, 1, '\n### Error updating database.  Cause: java.sql.SQLSyntaxErrorException: You have an error in your SQL syntax; check the manual that corresponds to your MySQL server version for the right syntax to use near \'\' at line 1\n### The error may exist in file [/Users/disda/Desktop/Proj/qrcode-ruoyi/ledger/target/classes/mapper/ledger/LedgerPowerSupplyMapper.xml]\n### The error may involve com.ruoyi.ledger.mapper.LedgerPowerSupplyMapper.insertLedgerPowerSupply-Inline\n### The error occurred while setting parameters\n### SQL: insert into ledger_power_supply\n### Cause: java.sql.SQLSyntaxErrorException: You have an error in your SQL syntax; check the manual that corresponds to your MySQL server version for the right syntax to use near \'\' at line 1\n; bad SQL grammar []; nested exception is java.sql.SQLSyntaxErrorException: You have an error in your SQL syntax; check the manual that corresponds to your MySQL server version for the right syntax to use near \'\' at line 1', '2024-02-27 07:58:40');
INSERT INTO `sys_oper_log` (`oper_id`, `title`, `business_type`, `method`, `request_method`, `operator_type`, `oper_name`, `dept_name`, `oper_url`, `oper_ip`, `oper_location`, `oper_param`, `json_result`, `status`, `error_msg`, `oper_time`) VALUES (307, '操作系统', 1, 'com.ruoyi.ledger.controller.LedgerSystemController.add()', 'POST', 1, 'admin', NULL, '/ledger/sys', '127.0.0.1', '内网IP', '{\"params\":{}}', NULL, 1, '\n### Error updating database.  Cause: java.sql.SQLSyntaxErrorException: You have an error in your SQL syntax; check the manual that corresponds to your MySQL server version for the right syntax to use near \'\' at line 1\n### The error may exist in file [/Users/disda/Desktop/Proj/qrcode-ruoyi/ledger/target/classes/mapper/ledger/LedgerSystemMapper.xml]\n### The error may involve com.ruoyi.ledger.mapper.LedgerSystemMapper.insertLedgerSystem-Inline\n### The error occurred while setting parameters\n### SQL: insert into ledger_system\n### Cause: java.sql.SQLSyntaxErrorException: You have an error in your SQL syntax; check the manual that corresponds to your MySQL server version for the right syntax to use near \'\' at line 1\n; bad SQL grammar []; nested exception is java.sql.SQLSyntaxErrorException: You have an error in your SQL syntax; check the manual that corresponds to your MySQL server version for the right syntax to use near \'\' at line 1', '2024-02-27 07:59:08');
INSERT INTO `sys_oper_log` (`oper_id`, `title`, `business_type`, `method`, `request_method`, `operator_type`, `oper_name`, `dept_name`, `oper_url`, `oper_ip`, `oper_location`, `oper_param`, `json_result`, `status`, `error_msg`, `oper_time`) VALUES (308, '操作系统', 1, 'com.ruoyi.ledger.controller.LedgerSystemController.add()', 'POST', 1, 'admin', NULL, '/ledger/sys', '127.0.0.1', '内网IP', '{\"params\":{},\"sysType\":\"1\"}', '{\"msg\":\"操作成功\",\"code\":200}', 0, NULL, '2024-02-27 07:59:24');
INSERT INTO `sys_oper_log` (`oper_id`, `title`, `business_type`, `method`, `request_method`, `operator_type`, `oper_name`, `dept_name`, `oper_url`, `oper_ip`, `oper_location`, `oper_param`, `json_result`, `status`, `error_msg`, `oper_time`) VALUES (309, '操作系统', 3, 'com.ruoyi.ledger.controller.LedgerSystemController.remove()', 'DELETE', 1, 'admin', NULL, '/ledger/sys/16', '127.0.0.1', '内网IP', '{}', '{\"msg\":\"操作成功\",\"code\":200}', 0, NULL, '2024-02-27 07:59:35');
INSERT INTO `sys_oper_log` (`oper_id`, `title`, `business_type`, `method`, `request_method`, `operator_type`, `oper_name`, `dept_name`, `oper_url`, `oper_ip`, `oper_location`, `oper_param`, `json_result`, `status`, `error_msg`, `oper_time`) VALUES (310, '操作系统', 1, 'com.ruoyi.ledger.controller.LedgerSystemController.add()', 'POST', 1, 'admin', NULL, '/ledger/sys', '127.0.0.1', '内网IP', '{\"params\":{}}', NULL, 1, '\n### Error updating database.  Cause: java.sql.SQLSyntaxErrorException: You have an error in your SQL syntax; check the manual that corresponds to your MySQL server version for the right syntax to use near \'\' at line 1\n### The error may exist in file [/Users/disda/Desktop/Proj/qrcode-ruoyi/ledger/target/classes/mapper/ledger/LedgerSystemMapper.xml]\n### The error may involve com.ruoyi.ledger.mapper.LedgerSystemMapper.insertLedgerSystem-Inline\n### The error occurred while setting parameters\n### SQL: insert into ledger_system\n### Cause: java.sql.SQLSyntaxErrorException: You have an error in your SQL syntax; check the manual that corresponds to your MySQL server version for the right syntax to use near \'\' at line 1\n; bad SQL grammar []; nested exception is java.sql.SQLSyntaxErrorException: You have an error in your SQL syntax; check the manual that corresponds to your MySQL server version for the right syntax to use near \'\' at line 1', '2024-02-27 08:02:05');
INSERT INTO `sys_oper_log` (`oper_id`, `title`, `business_type`, `method`, `request_method`, `operator_type`, `oper_name`, `dept_name`, `oper_url`, `oper_ip`, `oper_location`, `oper_param`, `json_result`, `status`, `error_msg`, `oper_time`) VALUES (311, '操作系统', 1, 'com.ruoyi.ledger.controller.LedgerSystemController.add()', 'POST', 1, 'admin', NULL, '/ledger/sys', '127.0.0.1', '内网IP', '{\"params\":{}}', '{\"msg\":\"请包含操作系统类型\",\"code\":500}', 0, NULL, '2024-02-27 08:02:20');
INSERT INTO `sys_oper_log` (`oper_id`, `title`, `business_type`, `method`, `request_method`, `operator_type`, `oper_name`, `dept_name`, `oper_url`, `oper_ip`, `oper_location`, `oper_param`, `json_result`, `status`, `error_msg`, `oper_time`) VALUES (312, '操作系统', 1, 'com.ruoyi.ledger.controller.LedgerSystemController.add()', 'POST', 1, 'admin', NULL, '/ledger/sys', '127.0.0.1', '内网IP', '{\"params\":{}}', '{\"msg\":\"请包含操作系统类型\",\"code\":500}', 0, NULL, '2024-02-27 08:02:23');
INSERT INTO `sys_oper_log` (`oper_id`, `title`, `business_type`, `method`, `request_method`, `operator_type`, `oper_name`, `dept_name`, `oper_url`, `oper_ip`, `oper_location`, `oper_param`, `json_result`, `status`, `error_msg`, `oper_time`) VALUES (313, '操作系统', 1, 'com.ruoyi.ledger.controller.LedgerSystemController.add()', 'POST', 1, 'admin', NULL, '/ledger/sys', '127.0.0.1', '内网IP', '{\"params\":{}}', '{\"msg\":\"请包含操作系统类型\",\"code\":500}', 0, NULL, '2024-02-27 08:02:25');
INSERT INTO `sys_oper_log` (`oper_id`, `title`, `business_type`, `method`, `request_method`, `operator_type`, `oper_name`, `dept_name`, `oper_url`, `oper_ip`, `oper_location`, `oper_param`, `json_result`, `status`, `error_msg`, `oper_time`) VALUES (314, '操作系统', 1, 'com.ruoyi.ledger.controller.LedgerSystemController.add()', 'POST', 1, 'admin', NULL, '/ledger/sys', '127.0.0.1', '内网IP', '{\"params\":{}}', '{\"msg\":\"请包含操作系统类型\",\"code\":500}', 0, NULL, '2024-02-27 08:02:33');
INSERT INTO `sys_oper_log` (`oper_id`, `title`, `business_type`, `method`, `request_method`, `operator_type`, `oper_name`, `dept_name`, `oper_url`, `oper_ip`, `oper_location`, `oper_param`, `json_result`, `status`, `error_msg`, `oper_time`) VALUES (315, '设备信息', 5, 'com.ruoyi.ledger.controller.LedgerDeviceController.export()', 'POST', 1, 'admin', NULL, '/ledger/device/export', '127.0.0.1', '内网IP', '{\"id\":1,\"params\":{}}', NULL, 0, NULL, '2024-02-27 08:03:03');
INSERT INTO `sys_oper_log` (`oper_id`, `title`, `business_type`, `method`, `request_method`, `operator_type`, `oper_name`, `dept_name`, `oper_url`, `oper_ip`, `oper_location`, `oper_param`, `json_result`, `status`, `error_msg`, `oper_time`) VALUES (316, '机柜地址', 1, 'com.ruoyi.ledger.controller.LedgerLocationController.add()', 'POST', 1, 'admin', NULL, '/ledger/location', '127.0.0.1', '内网IP', '{\"params\":{}}', NULL, 1, '\n### Error updating database.  Cause: java.sql.SQLSyntaxErrorException: You have an error in your SQL syntax; check the manual that corresponds to your MySQL server version for the right syntax to use near \'\' at line 1\n### The error may exist in file [/Users/disda/Desktop/Proj/qrcode-ruoyi/ledger/target/classes/mapper/ledger/LedgerLocationMapper.xml]\n### The error may involve com.ruoyi.ledger.mapper.LedgerLocationMapper.insertLedgerLocation-Inline\n### The error occurred while setting parameters\n### SQL: insert into ledger_location\n### Cause: java.sql.SQLSyntaxErrorException: You have an error in your SQL syntax; check the manual that corresponds to your MySQL server version for the right syntax to use near \'\' at line 1\n; bad SQL grammar []; nested exception is java.sql.SQLSyntaxErrorException: You have an error in your SQL syntax; check the manual that corresponds to your MySQL server version for the right syntax to use near \'\' at line 1', '2024-02-27 08:04:02');
INSERT INTO `sys_oper_log` (`oper_id`, `title`, `business_type`, `method`, `request_method`, `operator_type`, `oper_name`, `dept_name`, `oper_url`, `oper_ip`, `oper_location`, `oper_param`, `json_result`, `status`, `error_msg`, `oper_time`) VALUES (317, 'ip地址', 1, 'com.ruoyi.ledger.controller.LedgerIpController.add()', 'POST', 1, 'admin', NULL, '/ledger/ip', '127.0.0.1', '内网IP', '{\"params\":{}}', NULL, 1, 'null', '2024-02-27 08:05:55');
INSERT INTO `sys_oper_log` (`oper_id`, `title`, `business_type`, `method`, `request_method`, `operator_type`, `oper_name`, `dept_name`, `oper_url`, `oper_ip`, `oper_location`, `oper_param`, `json_result`, `status`, `error_msg`, `oper_time`) VALUES (318, 'ip地址', 1, 'com.ruoyi.ledger.controller.LedgerIpController.add()', 'POST', 1, 'admin', NULL, '/ledger/ip', '127.0.0.1', '内网IP', '{\"params\":{}}', NULL, 1, 'null', '2024-02-27 08:07:22');
INSERT INTO `sys_oper_log` (`oper_id`, `title`, `business_type`, `method`, `request_method`, `operator_type`, `oper_name`, `dept_name`, `oper_url`, `oper_ip`, `oper_location`, `oper_param`, `json_result`, `status`, `error_msg`, `oper_time`) VALUES (319, '设备信息', 1, 'com.ruoyi.ledger.controller.LedgerDeviceController.add()', 'POST', 1, 'admin', NULL, '/ledger/device', '127.0.0.1', '内网IP', '{\"devName\":\"test\",\"id\":5,\"locId\":1,\"params\":{}}', '{\"msg\":\"操作成功\",\"code\":200}', 0, NULL, '2024-02-27 08:44:40');
INSERT INTO `sys_oper_log` (`oper_id`, `title`, `business_type`, `method`, `request_method`, `operator_type`, `oper_name`, `dept_name`, `oper_url`, `oper_ip`, `oper_location`, `oper_param`, `json_result`, `status`, `error_msg`, `oper_time`) VALUES (320, '设备信息', 3, 'com.ruoyi.ledger.controller.LedgerDeviceController.remove()', 'DELETE', 1, 'admin', NULL, '/ledger/device/5', '127.0.0.1', '内网IP', '{}', '{\"msg\":\"操作成功\",\"code\":200}', 0, NULL, '2024-02-27 08:47:14');
INSERT INTO `sys_oper_log` (`oper_id`, `title`, `business_type`, `method`, `request_method`, `operator_type`, `oper_name`, `dept_name`, `oper_url`, `oper_ip`, `oper_location`, `oper_param`, `json_result`, `status`, `error_msg`, `oper_time`) VALUES (321, '角色管理', 2, 'com.ruoyi.web.controller.system.SysRoleController.edit()', 'PUT', 1, 'admin', NULL, '/system/role', '127.0.0.1', '内网IP', '{\"admin\":false,\"createTime\":\"2023-01-16 10:30:04\",\"dataScope\":\"2\",\"delFlag\":\"0\",\"deptCheckStrictly\":true,\"flag\":false,\"menuCheckStrictly\":true,\"menuIds\":[2001,2002,2007,2049,2055,2061,2079,2003,2008,2012,2050,2054,2056,2060,2062,2066,2080,2084],\"params\":{},\"remark\":\"普通角色\",\"roleId\":2,\"roleKey\":\"common\",\"roleName\":\"普通用户\",\"roleSort\":2,\"status\":\"0\",\"updateBy\":\"admin\"}', '{\"msg\":\"操作成功\",\"code\":200}', 0, NULL, '2024-02-27 16:19:56');
INSERT INTO `sys_oper_log` (`oper_id`, `title`, `business_type`, `method`, `request_method`, `operator_type`, `oper_name`, `dept_name`, `oper_url`, `oper_ip`, `oper_location`, `oper_param`, `json_result`, `status`, `error_msg`, `oper_time`) VALUES (322, '用户管理', 2, 'com.ruoyi.web.controller.system.SysUserController.edit()', 'PUT', 1, 'admin', NULL, '/system/user', '127.0.0.1', '内网IP', '{\"admin\":false,\"avatar\":\"\",\"createBy\":\"\",\"createTime\":\"2024-02-27 16:20:12\",\"delFlag\":\"0\",\"email\":\"\",\"loginDate\":\"2024-02-27 16:20:22\",\"loginIp\":\"127.0.0.1\",\"nickName\":\"common\",\"params\":{},\"phonenumber\":\"\",\"postIds\":[],\"roleIds\":[2],\"roles\":[],\"sex\":\"0\",\"status\":\"0\",\"updateBy\":\"admin\",\"userId\":101,\"userName\":\"common\"}', '{\"msg\":\"操作成功\",\"code\":200}', 0, NULL, '2024-02-27 16:23:00');
INSERT INTO `sys_oper_log` (`oper_id`, `title`, `business_type`, `method`, `request_method`, `operator_type`, `oper_name`, `dept_name`, `oper_url`, `oper_ip`, `oper_location`, `oper_param`, `json_result`, `status`, `error_msg`, `oper_time`) VALUES (323, '设备信息', 5, 'com.ruoyi.ledger.controller.LedgerDeviceController.export()', 'POST', 1, 'admin', NULL, '/ledger/device/export', '127.0.0.1', '内网IP', '{\"id\":1,\"params\":{}}', NULL, 0, NULL, '2024-02-27 16:33:19');
INSERT INTO `sys_oper_log` (`oper_id`, `title`, `business_type`, `method`, `request_method`, `operator_type`, `oper_name`, `dept_name`, `oper_url`, `oper_ip`, `oper_location`, `oper_param`, `json_result`, `status`, `error_msg`, `oper_time`) VALUES (324, '代码生成', 2, 'com.ruoyi.generator.controller.GenController.synchDb()', 'GET', 1, 'admin', NULL, '/tool/gen/synchDb/ledger_device', '127.0.0.1', '内网IP', '{}', '{\"msg\":\"操作成功\",\"code\":200}', 0, NULL, '2024-02-28 08:08:36');
INSERT INTO `sys_oper_log` (`oper_id`, `title`, `business_type`, `method`, `request_method`, `operator_type`, `oper_name`, `dept_name`, `oper_url`, `oper_ip`, `oper_location`, `oper_param`, `json_result`, `status`, `error_msg`, `oper_time`) VALUES (325, '设备信息', 2, 'com.ruoyi.ledger.controller.LedgerDeviceController.edit()', 'PUT', 1, 'admin', NULL, '/ledger/device', '127.0.0.1', '内网IP', '{\"abbreviation\":\"JKYS01B\",\"devModelId\":2,\"devName\":\"集控延伸WEB服务器\",\"id\":1,\"locId\":1,\"opDatetime\":\"2024-02-02 00:00:00\",\"params\":{},\"supplyId\":1,\"sysTypeId\":15}', '{\"msg\":\"操作成功\",\"code\":200}', 0, NULL, '2024-02-28 08:16:45');
INSERT INTO `sys_oper_log` (`oper_id`, `title`, `business_type`, `method`, `request_method`, `operator_type`, `oper_name`, `dept_name`, `oper_url`, `oper_ip`, `oper_location`, `oper_param`, `json_result`, `status`, `error_msg`, `oper_time`) VALUES (326, '设备信息', 2, 'com.ruoyi.ledger.controller.LedgerDeviceController.edit()', 'PUT', 1, 'admin', NULL, '/ledger/device', '127.0.0.1', '内网IP', '{\"abbreviation\":\"JKYS01B\",\"devModelId\":2,\"devName\":\"集控延伸WEB服务器\",\"id\":1,\"locId\":1,\"opDatetime\":\"2024-02-02 00:00:00\",\"params\":{},\"supplyId\":1,\"sysTypeId\":15}', '{\"msg\":\"操作成功\",\"code\":200}', 0, NULL, '2024-02-28 08:16:53');
INSERT INTO `sys_oper_log` (`oper_id`, `title`, `business_type`, `method`, `request_method`, `operator_type`, `oper_name`, `dept_name`, `oper_url`, `oper_ip`, `oper_location`, `oper_param`, `json_result`, `status`, `error_msg`, `oper_time`) VALUES (327, '设备信息', 2, 'com.ruoyi.ledger.controller.LedgerDeviceController.edit()', 'PUT', 1, 'admin', NULL, '/ledger/device', '127.0.0.1', '内网IP', '{\"abbreviation\":\"JKYS01B\",\"devModelId\":2,\"devName\":\"集控延伸WEB服务器\",\"id\":1,\"locId\":1,\"opDatetime\":\"2024-02-02 00:00:00\",\"params\":{},\"supplyId\":1,\"sysTypeId\":15}', '{\"msg\":\"操作成功\",\"code\":200}', 0, NULL, '2024-02-28 08:20:07');
INSERT INTO `sys_oper_log` (`oper_id`, `title`, `business_type`, `method`, `request_method`, `operator_type`, `oper_name`, `dept_name`, `oper_url`, `oper_ip`, `oper_location`, `oper_param`, `json_result`, `status`, `error_msg`, `oper_time`) VALUES (328, '设备信息', 2, 'com.ruoyi.ledger.controller.LedgerDeviceController.edit()', 'PUT', 1, 'admin', NULL, '/ledger/device', '127.0.0.1', '内网IP', '{\"abbreviation\":\"xmvex3\",\"devModelId\":1,\"devName\":\"3区省地广域传输服务器\",\"id\":2,\"locId\":1,\"opDatetime\":\"2020-06-04 00:00:00\",\"params\":{},\"supplyId\":1}', '{\"msg\":\"操作成功\",\"code\":200}', 0, NULL, '2024-02-28 08:20:18');
INSERT INTO `sys_oper_log` (`oper_id`, `title`, `business_type`, `method`, `request_method`, `operator_type`, `oper_name`, `dept_name`, `oper_url`, `oper_ip`, `oper_location`, `oper_param`, `json_result`, `status`, `error_msg`, `oper_time`) VALUES (329, '设备信息', 1, 'com.ruoyi.ledger.controller.LedgerDeviceController.add()', 'POST', 1, 'admin', NULL, '/ledger/device', '127.0.0.1', '内网IP', '{\"params\":{}}', NULL, 1, '\n### Error updating database.  Cause: java.sql.SQLSyntaxErrorException: You have an error in your SQL syntax; check the manual that corresponds to your MySQL server version for the right syntax to use near \'\' at line 1\n### The error may exist in file [/Users/disda/Desktop/Proj/qrcode-ruoyi/ledger/target/classes/mapper/ledger/LedgerDeviceMapper.xml]\n### The error may involve com.ruoyi.ledger.mapper.LedgerDeviceMapper.insertLedgerDevice-Inline\n### The error occurred while setting parameters\n### SQL: insert into ledger_device\n### Cause: java.sql.SQLSyntaxErrorException: You have an error in your SQL syntax; check the manual that corresponds to your MySQL server version for the right syntax to use near \'\' at line 1\n; bad SQL grammar []; nested exception is java.sql.SQLSyntaxErrorException: You have an error in your SQL syntax; check the manual that corresponds to your MySQL server version for the right syntax to use near \'\' at line 1', '2024-02-28 09:06:37');
INSERT INTO `sys_oper_log` (`oper_id`, `title`, `business_type`, `method`, `request_method`, `operator_type`, `oper_name`, `dept_name`, `oper_url`, `oper_ip`, `oper_location`, `oper_param`, `json_result`, `status`, `error_msg`, `oper_time`) VALUES (330, '设备信息', 5, 'com.ruoyi.ledger.controller.LedgerDeviceController.export()', 'POST', 1, 'admin', NULL, '/ledger/device/export', '127.0.0.1', '内网IP', '{\"id\":1,\"params\":{}}', NULL, 0, NULL, '2024-02-28 09:09:35');
INSERT INTO `sys_oper_log` (`oper_id`, `title`, `business_type`, `method`, `request_method`, `operator_type`, `oper_name`, `dept_name`, `oper_url`, `oper_ip`, `oper_location`, `oper_param`, `json_result`, `status`, `error_msg`, `oper_time`) VALUES (331, '设备信息', 2, 'com.ruoyi.ledger.controller.LedgerDeviceController.edit()', 'PUT', 1, 'admin', NULL, '/ledger/device', '127.0.0.1', '内网IP', '{\"abbreviation\":\"JKYS01B\",\"devModelId\":2,\"devName\":\"集控延伸WEB服务器\",\"id\":1,\"locId\":1,\"opDatetime\":\"2024-02-02 00:00:00\",\"params\":{},\"sn\":\"12345\",\"supplyId\":1,\"sysTypeId\":15}', '{\"msg\":\"操作成功\",\"code\":200}', 0, NULL, '2024-02-28 09:15:19');
INSERT INTO `sys_oper_log` (`oper_id`, `title`, `business_type`, `method`, `request_method`, `operator_type`, `oper_name`, `dept_name`, `oper_url`, `oper_ip`, `oper_location`, `oper_param`, `json_result`, `status`, `error_msg`, `oper_time`) VALUES (332, '设备信息', 1, 'com.ruoyi.ledger.controller.LedgerDeviceController.add()', 'POST', 1, 'admin', NULL, '/ledger/device', '127.0.0.1', '内网IP', '{\"devName\":\"的\",\"id\":6,\"locId\":2,\"params\":{},\"sn\":\"\"}', '{\"msg\":\"操作成功\",\"code\":200}', 0, NULL, '2024-02-28 10:04:59');
INSERT INTO `sys_oper_log` (`oper_id`, `title`, `business_type`, `method`, `request_method`, `operator_type`, `oper_name`, `dept_name`, `oper_url`, `oper_ip`, `oper_location`, `oper_param`, `json_result`, `status`, `error_msg`, `oper_time`) VALUES (333, '设备信息', 2, 'com.ruoyi.ledger.controller.LedgerDeviceController.edit()', 'PUT', 1, 'admin', NULL, '/ledger/device', '127.0.0.1', '内网IP', '{\"abbreviation\":\"JKYS01B\",\"devModelId\":2,\"devName\":\"集控延伸WEB服务器\",\"id\":1,\"locId\":1,\"opDatetime\":\"2024-02-02 00:00:00\",\"params\":{},\"sn\":\"12345\",\"supplyId\":2,\"sysTypeId\":15}', '{\"msg\":\"操作成功\",\"code\":200}', 0, NULL, '2024-02-28 15:03:01');
INSERT INTO `sys_oper_log` (`oper_id`, `title`, `business_type`, `method`, `request_method`, `operator_type`, `oper_name`, `dept_name`, `oper_url`, `oper_ip`, `oper_location`, `oper_param`, `json_result`, `status`, `error_msg`, `oper_time`) VALUES (334, '设备信息', 2, 'com.ruoyi.ledger.controller.LedgerDeviceController.edit()', 'PUT', 1, 'admin', NULL, '/ledger/device', '127.0.0.1', '内网IP', '{\"abbreviation\":\"JKYS01B\",\"devModelId\":2,\"devName\":\"集控延伸WEB服务器\",\"id\":1,\"locId\":1,\"opDatetime\":\"2024-02-02 00:00:00\",\"params\":{},\"sn\":\"12345\",\"supplyId\":1,\"sysTypeId\":15}', '{\"msg\":\"操作成功\",\"code\":200}', 0, NULL, '2024-02-28 15:03:06');
INSERT INTO `sys_oper_log` (`oper_id`, `title`, `business_type`, `method`, `request_method`, `operator_type`, `oper_name`, `dept_name`, `oper_url`, `oper_ip`, `oper_location`, `oper_param`, `json_result`, `status`, `error_msg`, `oper_time`) VALUES (335, '设备信息', 2, 'com.ruoyi.ledger.controller.LedgerDeviceController.edit()', 'PUT', 1, 'admin', NULL, '/ledger/device', '127.0.0.1', '内网IP', '{\"abbreviation\":\"JKYS01B\",\"devModelId\":35,\"devName\":\"集控延伸WEB服务器\",\"id\":1,\"locId\":1,\"opDatetime\":\"2024-02-02 00:00:00\",\"params\":{},\"sn\":\"12345\",\"supplyId\":1,\"sysTypeId\":15}', '{\"msg\":\"操作成功\",\"code\":200}', 0, NULL, '2024-02-28 15:03:41');
INSERT INTO `sys_oper_log` (`oper_id`, `title`, `business_type`, `method`, `request_method`, `operator_type`, `oper_name`, `dept_name`, `oper_url`, `oper_ip`, `oper_location`, `oper_param`, `json_result`, `status`, `error_msg`, `oper_time`) VALUES (336, '设备信息', 2, 'com.ruoyi.ledger.controller.LedgerDeviceController.edit()', 'PUT', 1, 'admin', NULL, '/ledger/device', '127.0.0.1', '内网IP', '{\"abbreviation\":\"JKYS01B\",\"devModelId\":2,\"devName\":\"集控延伸WEB服务器\",\"id\":1,\"locId\":1,\"opDatetime\":\"2024-02-02 00:00:00\",\"params\":{},\"sn\":\"12345\",\"supplyId\":1,\"sysTypeId\":15}', '{\"msg\":\"操作成功\",\"code\":200}', 0, NULL, '2024-02-28 15:03:46');
INSERT INTO `sys_oper_log` (`oper_id`, `title`, `business_type`, `method`, `request_method`, `operator_type`, `oper_name`, `dept_name`, `oper_url`, `oper_ip`, `oper_location`, `oper_param`, `json_result`, `status`, `error_msg`, `oper_time`) VALUES (337, '设备信息', 2, 'com.ruoyi.ledger.controller.LedgerDeviceController.edit()', 'PUT', 1, 'admin', NULL, '/ledger/device', '127.0.0.1', '内网IP', '{\"abbreviation\":\"JKYS01B\",\"devModelId\":2,\"devName\":\"集控延伸WEB服务器\",\"id\":1,\"locId\":1,\"opDatetime\":\"2024-02-02 00:00:00\",\"params\":{},\"sn\":\"12345\",\"supplyId\":1,\"sysTypeId\":1}', '{\"msg\":\"操作成功\",\"code\":200}', 0, NULL, '2024-02-28 15:05:17');
INSERT INTO `sys_oper_log` (`oper_id`, `title`, `business_type`, `method`, `request_method`, `operator_type`, `oper_name`, `dept_name`, `oper_url`, `oper_ip`, `oper_location`, `oper_param`, `json_result`, `status`, `error_msg`, `oper_time`) VALUES (338, 'ip地址', 1, 'com.ruoyi.ledger.controller.LedgerIpController.add()', 'POST', 1, 'admin', NULL, '/ledger/ip', '127.0.0.1', '内网IP', '{\"ipAddr\":\"1\",\"params\":{},\"type\":\"1\"}', NULL, 1, 'null', '2024-02-28 15:13:41');
INSERT INTO `sys_oper_log` (`oper_id`, `title`, `business_type`, `method`, `request_method`, `operator_type`, `oper_name`, `dept_name`, `oper_url`, `oper_ip`, `oper_location`, `oper_param`, `json_result`, `status`, `error_msg`, `oper_time`) VALUES (339, 'ip地址', 1, 'com.ruoyi.ledger.controller.LedgerIpController.add()', 'POST', 1, 'admin', NULL, '/ledger/ip', '127.0.0.1', '内网IP', '{\"ipAddr\":\"1\",\"params\":{},\"type\":\"1\"}', NULL, 1, 'null', '2024-02-28 15:14:22');
INSERT INTO `sys_oper_log` (`oper_id`, `title`, `business_type`, `method`, `request_method`, `operator_type`, `oper_name`, `dept_name`, `oper_url`, `oper_ip`, `oper_location`, `oper_param`, `json_result`, `status`, `error_msg`, `oper_time`) VALUES (340, 'ip地址', 1, 'com.ruoyi.ledger.controller.LedgerIpController.add()', 'POST', 1, 'admin', NULL, '/ledger/ip', '127.0.0.1', '内网IP', '{\"id\":6,\"ipAddr\":\"1\",\"params\":{},\"type\":\"1\"}', '{\"msg\":\"操作成功\",\"code\":200}', 0, NULL, '2024-02-28 15:15:01');
INSERT INTO `sys_oper_log` (`oper_id`, `title`, `business_type`, `method`, `request_method`, `operator_type`, `oper_name`, `dept_name`, `oper_url`, `oper_ip`, `oper_location`, `oper_param`, `json_result`, `status`, `error_msg`, `oper_time`) VALUES (341, 'ip地址', 2, 'com.ruoyi.ledger.controller.LedgerIpController.edit()', 'PUT', 1, 'admin', NULL, '/ledger/ip', '127.0.0.1', '内网IP', '{\"id\":6,\"ipAddr\":\"1\",\"params\":{},\"type\":\"1\"}', NULL, 1, 'null', '2024-02-28 15:15:08');
INSERT INTO `sys_oper_log` (`oper_id`, `title`, `business_type`, `method`, `request_method`, `operator_type`, `oper_name`, `dept_name`, `oper_url`, `oper_ip`, `oper_location`, `oper_param`, `json_result`, `status`, `error_msg`, `oper_time`) VALUES (342, 'ip地址', 3, 'com.ruoyi.ledger.controller.LedgerIpController.remove()', 'DELETE', 1, 'admin', NULL, '/ledger/ip/6', '127.0.0.1', '内网IP', '{}', '{\"msg\":\"操作成功\",\"code\":200}', 0, NULL, '2024-02-28 15:15:33');
INSERT INTO `sys_oper_log` (`oper_id`, `title`, `business_type`, `method`, `request_method`, `operator_type`, `oper_name`, `dept_name`, `oper_url`, `oper_ip`, `oper_location`, `oper_param`, `json_result`, `status`, `error_msg`, `oper_time`) VALUES (343, 'ip地址', 1, 'com.ruoyi.ledger.controller.LedgerIpController.add()', 'POST', 1, 'admin', NULL, '/ledger/ip', '127.0.0.1', '内网IP', '{\"id\":7,\"ipAddr\":\"1\",\"params\":{},\"type\":\"1\"}', '{\"msg\":\"操作成功\",\"code\":200}', 0, NULL, '2024-02-28 15:15:39');
INSERT INTO `sys_oper_log` (`oper_id`, `title`, `business_type`, `method`, `request_method`, `operator_type`, `oper_name`, `dept_name`, `oper_url`, `oper_ip`, `oper_location`, `oper_param`, `json_result`, `status`, `error_msg`, `oper_time`) VALUES (344, 'ip地址', 2, 'com.ruoyi.ledger.controller.LedgerIpController.edit()', 'PUT', 1, 'admin', NULL, '/ledger/ip', '127.0.0.1', '内网IP', '{\"id\":7,\"ipAddr\":\"1\",\"params\":{},\"type\":\"1\"}', NULL, 1, 'null', '2024-02-28 15:16:23');
INSERT INTO `sys_oper_log` (`oper_id`, `title`, `business_type`, `method`, `request_method`, `operator_type`, `oper_name`, `dept_name`, `oper_url`, `oper_ip`, `oper_location`, `oper_param`, `json_result`, `status`, `error_msg`, `oper_time`) VALUES (345, 'ip地址', 2, 'com.ruoyi.ledger.controller.LedgerIpController.edit()', 'PUT', 1, 'admin', NULL, '/ledger/ip', '127.0.0.1', '内网IP', '{\"id\":7,\"ipAddr\":\"1\",\"params\":{},\"type\":\"1\"}', NULL, 1, 'null', '2024-02-28 15:17:29');
INSERT INTO `sys_oper_log` (`oper_id`, `title`, `business_type`, `method`, `request_method`, `operator_type`, `oper_name`, `dept_name`, `oper_url`, `oper_ip`, `oper_location`, `oper_param`, `json_result`, `status`, `error_msg`, `oper_time`) VALUES (346, 'ip地址', 2, 'com.ruoyi.ledger.controller.LedgerIpController.edit()', 'PUT', 1, 'admin', NULL, '/ledger/ip', '127.0.0.1', '内网IP', '{\"id\":7,\"ipAddr\":\"1\",\"params\":{},\"type\":\"1\"}', NULL, 1, 'null', '2024-02-28 15:17:40');
INSERT INTO `sys_oper_log` (`oper_id`, `title`, `business_type`, `method`, `request_method`, `operator_type`, `oper_name`, `dept_name`, `oper_url`, `oper_ip`, `oper_location`, `oper_param`, `json_result`, `status`, `error_msg`, `oper_time`) VALUES (347, 'ip地址', 3, 'com.ruoyi.ledger.controller.LedgerIpController.remove()', 'DELETE', 1, 'admin', NULL, '/ledger/ip/7', '127.0.0.1', '内网IP', '{}', '{\"msg\":\"操作成功\",\"code\":200}', 0, NULL, '2024-02-28 15:19:04');
INSERT INTO `sys_oper_log` (`oper_id`, `title`, `business_type`, `method`, `request_method`, `operator_type`, `oper_name`, `dept_name`, `oper_url`, `oper_ip`, `oper_location`, `oper_param`, `json_result`, `status`, `error_msg`, `oper_time`) VALUES (348, 'ip地址', 1, 'com.ruoyi.ledger.controller.LedgerIpController.add()', 'POST', 1, 'admin', NULL, '/ledger/ip', '127.0.0.1', '内网IP', '{\"ipAddr\":\"1\",\"params\":{},\"type\":\"1\"}', NULL, 1, 'null', '2024-02-28 15:19:14');
INSERT INTO `sys_oper_log` (`oper_id`, `title`, `business_type`, `method`, `request_method`, `operator_type`, `oper_name`, `dept_name`, `oper_url`, `oper_ip`, `oper_location`, `oper_param`, `json_result`, `status`, `error_msg`, `oper_time`) VALUES (349, 'ip地址', 1, 'com.ruoyi.ledger.controller.LedgerIpController.add()', 'POST', 1, 'admin', NULL, '/ledger/ip', '127.0.0.1', '内网IP', '{\"ipAddr\":\"1\",\"params\":{},\"type\":\"1\"}', NULL, 1, 'null', '2024-02-28 15:26:49');
INSERT INTO `sys_oper_log` (`oper_id`, `title`, `business_type`, `method`, `request_method`, `operator_type`, `oper_name`, `dept_name`, `oper_url`, `oper_ip`, `oper_location`, `oper_param`, `json_result`, `status`, `error_msg`, `oper_time`) VALUES (350, 'ip地址', 1, 'com.ruoyi.ledger.controller.LedgerIpController.add()', 'POST', 1, 'admin', NULL, '/ledger/ip', '127.0.0.1', '内网IP', '{\"ipAddr\":\"1\",\"params\":{},\"type\":\"1\"}', NULL, 1, 'null', '2024-02-28 15:27:14');
INSERT INTO `sys_oper_log` (`oper_id`, `title`, `business_type`, `method`, `request_method`, `operator_type`, `oper_name`, `dept_name`, `oper_url`, `oper_ip`, `oper_location`, `oper_param`, `json_result`, `status`, `error_msg`, `oper_time`) VALUES (351, 'ip地址', 1, 'com.ruoyi.ledger.controller.LedgerIpController.add()', 'POST', 1, 'admin', NULL, '/ledger/ip', '127.0.0.1', '内网IP', '{\"ipAddr\":\"1\",\"params\":{},\"type\":\"1\"}', NULL, 1, 'null', '2024-02-28 15:28:55');
INSERT INTO `sys_oper_log` (`oper_id`, `title`, `business_type`, `method`, `request_method`, `operator_type`, `oper_name`, `dept_name`, `oper_url`, `oper_ip`, `oper_location`, `oper_param`, `json_result`, `status`, `error_msg`, `oper_time`) VALUES (352, 'ip地址', 1, 'com.ruoyi.ledger.controller.LedgerIpController.add()', 'POST', 1, 'admin', NULL, '/ledger/ip', '127.0.0.1', '内网IP', '{\"ipAddr\":\"1\",\"params\":{},\"type\":\"1\"}', NULL, 1, 'null', '2024-02-28 15:30:36');
INSERT INTO `sys_oper_log` (`oper_id`, `title`, `business_type`, `method`, `request_method`, `operator_type`, `oper_name`, `dept_name`, `oper_url`, `oper_ip`, `oper_location`, `oper_param`, `json_result`, `status`, `error_msg`, `oper_time`) VALUES (353, 'ip地址', 1, 'com.ruoyi.ledger.controller.LedgerIpController.add()', 'POST', 1, 'admin', NULL, '/ledger/ip', '127.0.0.1', '内网IP', '{\"ipAddr\":\"1\",\"params\":{},\"type\":\"1\"}', NULL, 1, 'null', '2024-02-28 15:30:56');
INSERT INTO `sys_oper_log` (`oper_id`, `title`, `business_type`, `method`, `request_method`, `operator_type`, `oper_name`, `dept_name`, `oper_url`, `oper_ip`, `oper_location`, `oper_param`, `json_result`, `status`, `error_msg`, `oper_time`) VALUES (354, 'ip地址', 1, 'com.ruoyi.ledger.controller.LedgerIpController.add()', 'POST', 1, 'admin', NULL, '/ledger/ip', '127.0.0.1', '内网IP', '{\"devId\":6,\"ipAddr\":\"1\",\"params\":{},\"type\":\"1\"}', NULL, 1, 'null', '2024-02-28 15:30:58');
INSERT INTO `sys_oper_log` (`oper_id`, `title`, `business_type`, `method`, `request_method`, `operator_type`, `oper_name`, `dept_name`, `oper_url`, `oper_ip`, `oper_location`, `oper_param`, `json_result`, `status`, `error_msg`, `oper_time`) VALUES (355, 'ip地址', 1, 'com.ruoyi.ledger.controller.LedgerIpController.add()', 'POST', 1, 'admin', NULL, '/ledger/ip', '127.0.0.1', '内网IP', '{\"devId\":6,\"ipAddr\":\"1\",\"params\":{},\"type\":\"1\"}', NULL, 1, 'null', '2024-02-28 15:31:05');
INSERT INTO `sys_oper_log` (`oper_id`, `title`, `business_type`, `method`, `request_method`, `operator_type`, `oper_name`, `dept_name`, `oper_url`, `oper_ip`, `oper_location`, `oper_param`, `json_result`, `status`, `error_msg`, `oper_time`) VALUES (356, 'ip地址', 1, 'com.ruoyi.ledger.controller.LedgerIpController.add()', 'POST', 1, 'admin', NULL, '/ledger/ip', '127.0.0.1', '内网IP', '{\"devId\":6,\"id\":8,\"ipAddr\":\"1\",\"params\":{},\"type\":\"1\"}', '{\"msg\":\"操作成功\",\"code\":200}', 0, NULL, '2024-02-28 15:31:39');
INSERT INTO `sys_oper_log` (`oper_id`, `title`, `business_type`, `method`, `request_method`, `operator_type`, `oper_name`, `dept_name`, `oper_url`, `oper_ip`, `oper_location`, `oper_param`, `json_result`, `status`, `error_msg`, `oper_time`) VALUES (357, 'ip地址', 2, 'com.ruoyi.ledger.controller.LedgerIpController.edit()', 'PUT', 1, 'admin', NULL, '/ledger/ip', '127.0.0.1', '内网IP', '{\"devId\":1,\"device\":\"的\",\"id\":8,\"ipAddr\":\"1\",\"params\":{},\"type\":\"1\"}', NULL, 1, 'For input string: \"的\"', '2024-02-28 15:31:43');
INSERT INTO `sys_oper_log` (`oper_id`, `title`, `business_type`, `method`, `request_method`, `operator_type`, `oper_name`, `dept_name`, `oper_url`, `oper_ip`, `oper_location`, `oper_param`, `json_result`, `status`, `error_msg`, `oper_time`) VALUES (358, 'ip地址', 2, 'com.ruoyi.ledger.controller.LedgerIpController.edit()', 'PUT', 1, 'admin', NULL, '/ledger/ip', '127.0.0.1', '内网IP', '{\"devId\":1,\"device\":\"的\",\"id\":8,\"ipAddr\":\"1\",\"params\":{},\"type\":\"1\"}', '{\"msg\":\"操作成功\",\"code\":200}', 0, NULL, '2024-02-28 15:32:08');
INSERT INTO `sys_oper_log` (`oper_id`, `title`, `business_type`, `method`, `request_method`, `operator_type`, `oper_name`, `dept_name`, `oper_url`, `oper_ip`, `oper_location`, `oper_param`, `json_result`, `status`, `error_msg`, `oper_time`) VALUES (359, 'ip地址', 2, 'com.ruoyi.ledger.controller.LedgerIpController.edit()', 'PUT', 1, 'admin', NULL, '/ledger/ip', '127.0.0.1', '内网IP', '{\"devId\":6,\"device\":\"集控延伸WEB服务器\",\"id\":8,\"ipAddr\":\"1\",\"params\":{},\"type\":\"1\"}', '{\"msg\":\"操作成功\",\"code\":200}', 0, NULL, '2024-02-28 15:32:11');
INSERT INTO `sys_oper_log` (`oper_id`, `title`, `business_type`, `method`, `request_method`, `operator_type`, `oper_name`, `dept_name`, `oper_url`, `oper_ip`, `oper_location`, `oper_param`, `json_result`, `status`, `error_msg`, `oper_time`) VALUES (360, '角色管理', 2, 'com.ruoyi.web.controller.system.SysRoleController.edit()', 'PUT', 1, 'admin', NULL, '/system/role', '127.0.0.1', '内网IP', '{\"admin\":false,\"createTime\":\"2024-02-23 16:04:26\",\"dataScope\":\"1\",\"delFlag\":\"0\",\"deptCheckStrictly\":true,\"flag\":false,\"menuCheckStrictly\":true,\"menuIds\":[2001,2002,2003,2004,2006,2007,2008,2009,2010,2011,2012,2049,2050,2051,2052,2053,2054,2055,2056,2057,2058,2059,2060,2061,2062,2063,2064,2065,2066,2079,2080,2081,2082,2083,2084],\"params\":{},\"roleId\":100,\"roleKey\":\"ledgerAdmin\",\"roleName\":\"管理员\",\"roleSort\":0,\"status\":\"0\",\"updateBy\":\"admin\"}', '{\"msg\":\"操作成功\",\"code\":200}', 0, NULL, '2024-02-28 15:55:57');
INSERT INTO `sys_oper_log` (`oper_id`, `title`, `business_type`, `method`, `request_method`, `operator_type`, `oper_name`, `dept_name`, `oper_url`, `oper_ip`, `oper_location`, `oper_param`, `json_result`, `status`, `error_msg`, `oper_time`) VALUES (361, '用户管理', 2, 'com.ruoyi.web.controller.system.SysUserController.edit()', 'PUT', 1, 'admin', NULL, '/system/user', '127.0.0.1', '内网IP', '{\"admin\":false,\"avatar\":\"\",\"createBy\":\"\",\"createTime\":\"2023-10-05 16:04:12\",\"delFlag\":\"0\",\"email\":\"\",\"loginDate\":\"2024-02-28 15:56:59\",\"loginIp\":\"127.0.0.1\",\"nickName\":\"disda\",\"params\":{},\"phonenumber\":\"\",\"postIds\":[],\"roleIds\":[100],\"roles\":[{\"admin\":false,\"dataScope\":\"2\",\"deptCheckStrictly\":false,\"flag\":false,\"menuCheckStrictly\":false,\"params\":{},\"roleId\":2,\"roleKey\":\"common\",\"roleName\":\"普通用户\",\"roleSort\":2,\"status\":\"0\"}],\"sex\":\"0\",\"status\":\"0\",\"updateBy\":\"admin\",\"userId\":100,\"userName\":\"disda\"}', '{\"msg\":\"操作成功\",\"code\":200}', 0, NULL, '2024-02-28 15:58:21');
INSERT INTO `sys_oper_log` (`oper_id`, `title`, `business_type`, `method`, `request_method`, `operator_type`, `oper_name`, `dept_name`, `oper_url`, `oper_ip`, `oper_location`, `oper_param`, `json_result`, `status`, `error_msg`, `oper_time`) VALUES (362, '角色管理', 2, 'com.ruoyi.web.controller.system.SysRoleController.edit()', 'PUT', 1, 'admin', NULL, '/system/role', '127.0.0.1', '内网IP', '{\"admin\":false,\"createTime\":\"2024-02-23 16:04:26\",\"dataScope\":\"1\",\"delFlag\":\"0\",\"deptCheckStrictly\":true,\"flag\":false,\"menuCheckStrictly\":true,\"menuIds\":[2001,2002,2003,2005,2004,2006,2007,2008,2009,2010,2011,2012,2049,2050,2051,2052,2053,2054,2055,2056,2057,2058,2059,2060,2061,2062,2063,2064,2065,2066,2079,2080,2081,2082,2083,2084],\"params\":{},\"roleId\":100,\"roleKey\":\"ledgerAdmin\",\"roleName\":\"管理员\",\"roleSort\":0,\"status\":\"0\",\"updateBy\":\"admin\"}', '{\"msg\":\"操作成功\",\"code\":200}', 0, NULL, '2024-02-28 15:59:05');
INSERT INTO `sys_oper_log` (`oper_id`, `title`, `business_type`, `method`, `request_method`, `operator_type`, `oper_name`, `dept_name`, `oper_url`, `oper_ip`, `oper_location`, `oper_param`, `json_result`, `status`, `error_msg`, `oper_time`) VALUES (363, '角色管理', 2, 'com.ruoyi.web.controller.system.SysRoleController.edit()', 'PUT', 1, 'admin', NULL, '/system/role', '127.0.0.1', '内网IP', '{\"admin\":false,\"createTime\":\"2024-02-23 16:04:26\",\"dataScope\":\"1\",\"delFlag\":\"0\",\"deptCheckStrictly\":true,\"flag\":false,\"menuCheckStrictly\":true,\"menuIds\":[2001,2002,2003,2005,2004,2006,2007,2008,2009,2010,2011,2012,2049,2050,2051,2052,2053,2054,2055,2056,2057,2058,2059,2060,2061,2062,2063,2064,2065,2066,2079,2080,2081,2082,2083,2084],\"params\":{},\"roleId\":100,\"roleKey\":\"ledgerAdmin\",\"roleName\":\"管理员\",\"roleSort\":0,\"status\":\"0\",\"updateBy\":\"admin\"}', '{\"msg\":\"操作成功\",\"code\":200}', 0, NULL, '2024-02-28 16:00:55');
INSERT INTO `sys_oper_log` (`oper_id`, `title`, `business_type`, `method`, `request_method`, `operator_type`, `oper_name`, `dept_name`, `oper_url`, `oper_ip`, `oper_location`, `oper_param`, `json_result`, `status`, `error_msg`, `oper_time`) VALUES (364, '菜单管理', 2, 'com.ruoyi.web.controller.system.SysMenuController.edit()', 'PUT', 1, 'admin', NULL, '/system/menu', '127.0.0.1', '内网IP', '{\"children\":[],\"component\":\"ledger/main/index\",\"createTime\":\"2024-02-19 17:08:11\",\"icon\":\"build\",\"isCache\":\"0\",\"isFrame\":\"1\",\"menuId\":2002,\"menuName\":\"主站台账\",\"menuType\":\"C\",\"orderNum\":1,\"params\":{},\"parentId\":2001,\"path\":\"main\",\"perms\":\"ledger:device:list\",\"query\":\"\",\"status\":\"0\",\"updateBy\":\"admin\",\"visible\":\"0\"}', '{\"msg\":\"操作成功\",\"code\":200}', 0, NULL, '2024-02-28 16:03:40');
INSERT INTO `sys_oper_log` (`oper_id`, `title`, `business_type`, `method`, `request_method`, `operator_type`, `oper_name`, `dept_name`, `oper_url`, `oper_ip`, `oper_location`, `oper_param`, `json_result`, `status`, `error_msg`, `oper_time`) VALUES (365, '菜单管理', 2, 'com.ruoyi.web.controller.system.SysMenuController.edit()', 'PUT', 1, 'admin', NULL, '/system/menu', '127.0.0.1', '内网IP', '{\"children\":[],\"createTime\":\"2024-02-21 09:12:40\",\"icon\":\"#\",\"isCache\":\"0\",\"isFrame\":\"1\",\"menuId\":2003,\"menuName\":\"台账查询\",\"menuType\":\"F\",\"orderNum\":1,\"params\":{},\"parentId\":2002,\"path\":\"\",\"perms\":\"ledger:device:query\",\"status\":\"0\",\"updateBy\":\"admin\",\"visible\":\"0\"}', '{\"msg\":\"操作成功\",\"code\":200}', 0, NULL, '2024-02-28 16:05:50');
INSERT INTO `sys_oper_log` (`oper_id`, `title`, `business_type`, `method`, `request_method`, `operator_type`, `oper_name`, `dept_name`, `oper_url`, `oper_ip`, `oper_location`, `oper_param`, `json_result`, `status`, `error_msg`, `oper_time`) VALUES (366, '菜单管理', 2, 'com.ruoyi.web.controller.system.SysMenuController.edit()', 'PUT', 1, 'admin', NULL, '/system/menu', '127.0.0.1', '内网IP', '{\"children\":[],\"createTime\":\"2024-02-21 09:13:38\",\"icon\":\"#\",\"isCache\":\"0\",\"isFrame\":\"1\",\"menuId\":2005,\"menuName\":\"台账修改\",\"menuType\":\"F\",\"orderNum\":1,\"params\":{},\"parentId\":2002,\"path\":\"\",\"perms\":\"ledger:device:edit\",\"status\":\"0\",\"updateBy\":\"admin\",\"visible\":\"0\"}', '{\"msg\":\"操作成功\",\"code\":200}', 0, NULL, '2024-02-28 16:05:54');
INSERT INTO `sys_oper_log` (`oper_id`, `title`, `business_type`, `method`, `request_method`, `operator_type`, `oper_name`, `dept_name`, `oper_url`, `oper_ip`, `oper_location`, `oper_param`, `json_result`, `status`, `error_msg`, `oper_time`) VALUES (367, '菜单管理', 2, 'com.ruoyi.web.controller.system.SysMenuController.edit()', 'PUT', 1, 'admin', NULL, '/system/menu', '127.0.0.1', '内网IP', '{\"children\":[],\"createTime\":\"2024-02-21 09:13:16\",\"icon\":\"#\",\"isCache\":\"0\",\"isFrame\":\"1\",\"menuId\":2004,\"menuName\":\"台账新增\",\"menuType\":\"F\",\"orderNum\":2,\"params\":{},\"parentId\":2002,\"path\":\"\",\"perms\":\"ledger:device:add\",\"status\":\"0\",\"updateBy\":\"admin\",\"visible\":\"0\"}', '{\"msg\":\"操作成功\",\"code\":200}', 0, NULL, '2024-02-28 16:05:58');
INSERT INTO `sys_oper_log` (`oper_id`, `title`, `business_type`, `method`, `request_method`, `operator_type`, `oper_name`, `dept_name`, `oper_url`, `oper_ip`, `oper_location`, `oper_param`, `json_result`, `status`, `error_msg`, `oper_time`) VALUES (368, '菜单管理', 2, 'com.ruoyi.web.controller.system.SysMenuController.edit()', 'PUT', 1, 'admin', NULL, '/system/menu', '127.0.0.1', '内网IP', '{\"children\":[],\"createTime\":\"2024-02-21 09:13:53\",\"icon\":\"#\",\"isCache\":\"0\",\"isFrame\":\"1\",\"menuId\":2006,\"menuName\":\"台账删除\",\"menuType\":\"F\",\"orderNum\":4,\"params\":{},\"parentId\":2002,\"path\":\"\",\"perms\":\"ledger:device:remove\",\"status\":\"0\",\"updateBy\":\"admin\",\"visible\":\"0\"}', '{\"msg\":\"操作成功\",\"code\":200}', 0, NULL, '2024-02-28 16:06:02');
INSERT INTO `sys_oper_log` (`oper_id`, `title`, `business_type`, `method`, `request_method`, `operator_type`, `oper_name`, `dept_name`, `oper_url`, `oper_ip`, `oper_location`, `oper_param`, `json_result`, `status`, `error_msg`, `oper_time`) VALUES (369, '角色管理', 2, 'com.ruoyi.web.controller.system.SysRoleController.edit()', 'PUT', 1, 'admin', NULL, '/system/role', '127.0.0.1', '内网IP', '{\"admin\":false,\"createTime\":\"2024-02-23 16:04:26\",\"dataScope\":\"1\",\"delFlag\":\"0\",\"deptCheckStrictly\":true,\"flag\":false,\"menuCheckStrictly\":true,\"menuIds\":[2001,2002,2003,2004,2006,2007,2008,2009,2010,2011,2012,2049,2050,2051,2052,2053,2054,2055,2056,2057,2058,2059,2060,2061,2062,2063,2064,2065,2066,2079,2080,2081,2082,2083,2084],\"params\":{},\"roleId\":100,\"roleKey\":\"ledgerAdmin\",\"roleName\":\"管理员\",\"roleSort\":0,\"status\":\"0\",\"updateBy\":\"admin\"}', '{\"msg\":\"操作成功\",\"code\":200}', 0, NULL, '2024-02-28 16:06:50');
INSERT INTO `sys_oper_log` (`oper_id`, `title`, `business_type`, `method`, `request_method`, `operator_type`, `oper_name`, `dept_name`, `oper_url`, `oper_ip`, `oper_location`, `oper_param`, `json_result`, `status`, `error_msg`, `oper_time`) VALUES (370, '设备信息', 2, 'com.ruoyi.ledger.controller.LedgerDeviceController.edit()', 'PUT', 1, 'disda', NULL, '/ledger/device', '127.0.0.1', '内网IP', '{\"abbreviation\":\"JKYS01B\",\"description\":\"1\",\"devModelId\":2,\"devName\":\"集控延伸WEB服务器\",\"id\":1,\"locId\":1,\"opDatetime\":\"2024-02-02 00:00:00\",\"params\":{},\"sn\":\"12345\",\"supplyId\":1,\"sysTypeId\":1}', '{\"msg\":\"操作成功\",\"code\":200}', 0, NULL, '2024-02-28 16:07:05');
INSERT INTO `sys_oper_log` (`oper_id`, `title`, `business_type`, `method`, `request_method`, `operator_type`, `oper_name`, `dept_name`, `oper_url`, `oper_ip`, `oper_location`, `oper_param`, `json_result`, `status`, `error_msg`, `oper_time`) VALUES (371, '角色管理', 2, 'com.ruoyi.web.controller.system.SysRoleController.edit()', 'PUT', 1, 'admin', NULL, '/system/role', '127.0.0.1', '内网IP', '{\"admin\":false,\"createTime\":\"2024-02-23 16:04:26\",\"dataScope\":\"1\",\"delFlag\":\"0\",\"deptCheckStrictly\":true,\"flag\":false,\"menuCheckStrictly\":true,\"menuIds\":[2001,2002,2003,2005,2004,2006,2007,2008,2009,2010,2011,2012,2049,2050,2051,2052,2053,2054,2055,2056,2057,2058,2059,2060,2061,2062,2063,2064,2065,2066,2079,2080,2081,2082,2083,2084],\"params\":{},\"roleId\":100,\"roleKey\":\"ledgerAdmin\",\"roleName\":\"管理员\",\"roleSort\":0,\"status\":\"0\",\"updateBy\":\"admin\"}', '{\"msg\":\"操作成功\",\"code\":200}', 0, NULL, '2024-02-28 16:08:08');
INSERT INTO `sys_oper_log` (`oper_id`, `title`, `business_type`, `method`, `request_method`, `operator_type`, `oper_name`, `dept_name`, `oper_url`, `oper_ip`, `oper_location`, `oper_param`, `json_result`, `status`, `error_msg`, `oper_time`) VALUES (372, 'ip地址', 1, 'com.ruoyi.ledger.controller.LedgerIpController.add()', 'POST', 1, 'admin', NULL, '/ledger/ip', '127.0.0.1', '内网IP', '{\"params\":{}}', '{\"msg\":\"请填写IP地址\",\"code\":500}', 0, NULL, '2024-02-29 08:19:54');
INSERT INTO `sys_oper_log` (`oper_id`, `title`, `business_type`, `method`, `request_method`, `operator_type`, `oper_name`, `dept_name`, `oper_url`, `oper_ip`, `oper_location`, `oper_param`, `json_result`, `status`, `error_msg`, `oper_time`) VALUES (373, 'ip地址', 1, 'com.ruoyi.ledger.controller.LedgerIpController.add()', 'POST', 1, 'admin', NULL, '/ledger/ip', '127.0.0.1', '内网IP', '{\"params\":{}}', '{\"msg\":\"请填写IP地址\",\"code\":500}', 0, NULL, '2024-02-29 08:19:57');
INSERT INTO `sys_oper_log` (`oper_id`, `title`, `business_type`, `method`, `request_method`, `operator_type`, `oper_name`, `dept_name`, `oper_url`, `oper_ip`, `oper_location`, `oper_param`, `json_result`, `status`, `error_msg`, `oper_time`) VALUES (374, 'ip地址', 1, 'com.ruoyi.ledger.controller.LedgerIpController.add()', 'POST', 1, 'admin', NULL, '/ledger/ip', '127.0.0.1', '内网IP', '{\"params\":{}}', '{\"msg\":\"请填写IP地址\",\"code\":500}', 0, NULL, '2024-02-29 08:20:21');
INSERT INTO `sys_oper_log` (`oper_id`, `title`, `business_type`, `method`, `request_method`, `operator_type`, `oper_name`, `dept_name`, `oper_url`, `oper_ip`, `oper_location`, `oper_param`, `json_result`, `status`, `error_msg`, `oper_time`) VALUES (375, 'ip地址', 2, 'com.ruoyi.ledger.controller.LedgerIpController.edit()', 'PUT', 1, 'admin', NULL, '/ledger/ip', '127.0.0.1', '内网IP', '{\"devId\":1,\"device\":\"集控延伸WEB服务器\",\"id\":1,\"ipAddr\":\"10.35.14.3\",\"params\":{},\"type\":\"网口一\"}', '{\"msg\":\"操作成功\",\"code\":200}', 0, NULL, '2024-02-29 10:14:37');
INSERT INTO `sys_oper_log` (`oper_id`, `title`, `business_type`, `method`, `request_method`, `operator_type`, `oper_name`, `dept_name`, `oper_url`, `oper_ip`, `oper_location`, `oper_param`, `json_result`, `status`, `error_msg`, `oper_time`) VALUES (376, '设备详情', 2, 'com.ruoyi.ledger.controller.LedgerDevDetailsController.edit()', 'PUT', 1, 'admin', NULL, '/ledger/deviceDetails', '127.0.0.1', '内网IP', '{\"devModel\":\"联想Thinksystem SR8501\",\"devType\":\"服务器\",\"id\":1,\"params\":{}}', '{\"msg\":\"操作成功\",\"code\":200}', 0, NULL, '2024-02-29 10:24:10');
INSERT INTO `sys_oper_log` (`oper_id`, `title`, `business_type`, `method`, `request_method`, `operator_type`, `oper_name`, `dept_name`, `oper_url`, `oper_ip`, `oper_location`, `oper_param`, `json_result`, `status`, `error_msg`, `oper_time`) VALUES (377, '设备详情', 2, 'com.ruoyi.ledger.controller.LedgerDevDetailsController.edit()', 'PUT', 1, 'admin', NULL, '/ledger/deviceDetails', '127.0.0.1', '内网IP', '{\"devModel\":\"联想Thinksystem SR850\",\"devType\":\"服务器\",\"id\":1,\"params\":{}}', '{\"msg\":\"操作成功\",\"code\":200}', 0, NULL, '2024-02-29 10:24:14');
INSERT INTO `sys_oper_log` (`oper_id`, `title`, `business_type`, `method`, `request_method`, `operator_type`, `oper_name`, `dept_name`, `oper_url`, `oper_ip`, `oper_location`, `oper_param`, `json_result`, `status`, `error_msg`, `oper_time`) VALUES (378, 'ip地址', 1, 'com.ruoyi.ledger.controller.LedgerIpController.add()', 'POST', 1, 'admin', NULL, '/ledger/ip', '127.0.0.1', '内网IP', '{\"params\":{}}', '{\"msg\":\"请填写IP地址\",\"code\":500}', 0, NULL, '2024-02-29 10:43:16');
INSERT INTO `sys_oper_log` (`oper_id`, `title`, `business_type`, `method`, `request_method`, `operator_type`, `oper_name`, `dept_name`, `oper_url`, `oper_ip`, `oper_location`, `oper_param`, `json_result`, `status`, `error_msg`, `oper_time`) VALUES (379, 'ip地址', 1, 'com.ruoyi.ledger.controller.LedgerIpController.add()', 'POST', 1, 'admin', NULL, '/ledger/ip', '127.0.0.1', '内网IP', '{\"params\":{}}', '{\"msg\":\"请填写IP地址\",\"code\":500}', 0, NULL, '2024-02-29 10:44:35');
INSERT INTO `sys_oper_log` (`oper_id`, `title`, `business_type`, `method`, `request_method`, `operator_type`, `oper_name`, `dept_name`, `oper_url`, `oper_ip`, `oper_location`, `oper_param`, `json_result`, `status`, `error_msg`, `oper_time`) VALUES (380, 'ip地址', 1, 'com.ruoyi.ledger.controller.LedgerIpController.add()', 'POST', 1, 'admin', NULL, '/ledger/ip', '127.0.0.1', '内网IP', '{\"params\":{}}', '{\"msg\":\"请填写IP地址\",\"code\":500}', 0, NULL, '2024-02-29 11:00:01');
INSERT INTO `sys_oper_log` (`oper_id`, `title`, `business_type`, `method`, `request_method`, `operator_type`, `oper_name`, `dept_name`, `oper_url`, `oper_ip`, `oper_location`, `oper_param`, `json_result`, `status`, `error_msg`, `oper_time`) VALUES (381, 'ip地址', 1, 'com.ruoyi.ledger.controller.LedgerIpController.add()', 'POST', 1, 'admin', NULL, '/ledger/ip', '127.0.0.1', '内网IP', '{\"devId\":1,\"params\":{},\"type\":\"11\"}', '{\"msg\":\"请填写IP地址\",\"code\":500}', 0, NULL, '2024-02-29 11:14:49');
INSERT INTO `sys_oper_log` (`oper_id`, `title`, `business_type`, `method`, `request_method`, `operator_type`, `oper_name`, `dept_name`, `oper_url`, `oper_ip`, `oper_location`, `oper_param`, `json_result`, `status`, `error_msg`, `oper_time`) VALUES (382, 'ip地址', 3, 'com.ruoyi.ledger.controller.LedgerIpController.remove()', 'DELETE', 1, 'admin', NULL, '/ledger/ip/8', '127.0.0.1', '内网IP', '{}', '{\"msg\":\"操作成功\",\"code\":200}', 0, NULL, '2024-02-29 11:24:40');
INSERT INTO `sys_oper_log` (`oper_id`, `title`, `business_type`, `method`, `request_method`, `operator_type`, `oper_name`, `dept_name`, `oper_url`, `oper_ip`, `oper_location`, `oper_param`, `json_result`, `status`, `error_msg`, `oper_time`) VALUES (383, 'ip地址', 2, 'com.ruoyi.ledger.controller.LedgerIpController.edit()', 'PUT', 1, 'admin', NULL, '/ledger/ip', '127.0.0.1', '内网IP', '{\"devId\":1,\"device\":\"集控延伸WEB服务器\",\"id\":1,\"ipAddr\":\"10.35.14.3\",\"params\":{},\"type\":\"网口一\"}', '{\"msg\":\"操作成功\",\"code\":200}', 0, NULL, '2024-02-29 14:46:36');
INSERT INTO `sys_oper_log` (`oper_id`, `title`, `business_type`, `method`, `request_method`, `operator_type`, `oper_name`, `dept_name`, `oper_url`, `oper_ip`, `oper_location`, `oper_param`, `json_result`, `status`, `error_msg`, `oper_time`) VALUES (384, 'ip地址', 2, 'com.ruoyi.ledger.controller.LedgerIpController.edit()', 'PUT', 1, 'admin', NULL, '/ledger/ip', '127.0.0.1', '内网IP', '{\"devId\":1,\"device\":\"集控延伸WEB服务器\",\"id\":1,\"ipAddr\":\"10.35.14.3\",\"params\":{},\"type\":\"网口一\"}', '{\"msg\":\"操作成功\",\"code\":200}', 0, NULL, '2024-02-29 14:46:39');
INSERT INTO `sys_oper_log` (`oper_id`, `title`, `business_type`, `method`, `request_method`, `operator_type`, `oper_name`, `dept_name`, `oper_url`, `oper_ip`, `oper_location`, `oper_param`, `json_result`, `status`, `error_msg`, `oper_time`) VALUES (385, '设备信息', 2, 'com.ruoyi.ledger.controller.LedgerDeviceController.edit()', 'PUT', 1, 'admin', NULL, '/ledger/device', '127.0.0.1', '内网IP', '{\"abbreviation\":\"JKYS01B\",\"description\":\"1\",\"devModelId\":2,\"devName\":\"集控延伸WEB服务器\",\"id\":1,\"locId\":1,\"opDatetime\":\"2024-02-03 00:00:00\",\"params\":{},\"sn\":\"12345\",\"supplyId\":1,\"sysTypeId\":1}', '{\"msg\":\"操作成功\",\"code\":200}', 0, NULL, '2024-02-29 14:47:49');
INSERT INTO `sys_oper_log` (`oper_id`, `title`, `business_type`, `method`, `request_method`, `operator_type`, `oper_name`, `dept_name`, `oper_url`, `oper_ip`, `oper_location`, `oper_param`, `json_result`, `status`, `error_msg`, `oper_time`) VALUES (386, '设备详情', 5, 'com.ruoyi.ledger.controller.LedgerDevDetailsController.export()', 'POST', 1, 'admin', NULL, '/ledger/deviceDetails/export', '127.0.0.1', '内网IP', '{\"devType\":\"服务器\",\"params\":{}}', NULL, 0, NULL, '2024-02-29 14:52:06');
INSERT INTO `sys_oper_log` (`oper_id`, `title`, `business_type`, `method`, `request_method`, `operator_type`, `oper_name`, `dept_name`, `oper_url`, `oper_ip`, `oper_location`, `oper_param`, `json_result`, `status`, `error_msg`, `oper_time`) VALUES (387, '设备信息', 5, 'com.ruoyi.ledger.controller.LedgerDeviceController.export()', 'POST', 1, 'admin', NULL, '/ledger/device/export', '127.0.0.1', '内网IP', '{\"id\":1,\"params\":{}}', NULL, 1, '', '2024-02-29 15:44:50');
INSERT INTO `sys_oper_log` (`oper_id`, `title`, `business_type`, `method`, `request_method`, `operator_type`, `oper_name`, `dept_name`, `oper_url`, `oper_ip`, `oper_location`, `oper_param`, `json_result`, `status`, `error_msg`, `oper_time`) VALUES (388, '设备信息', 5, 'com.ruoyi.ledger.controller.LedgerDeviceController.export()', 'POST', 1, 'admin', NULL, '/ledger/device/export', '127.0.0.1', '内网IP', '{\"id\":1,\"params\":{}}', NULL, 1, '', '2024-02-29 15:47:04');
INSERT INTO `sys_oper_log` (`oper_id`, `title`, `business_type`, `method`, `request_method`, `operator_type`, `oper_name`, `dept_name`, `oper_url`, `oper_ip`, `oper_location`, `oper_param`, `json_result`, `status`, `error_msg`, `oper_time`) VALUES (389, '设备信息', 5, 'com.ruoyi.ledger.controller.LedgerDeviceController.export()', 'POST', 1, 'admin', NULL, '/ledger/device/export', '127.0.0.1', '内网IP', '{\"id\":1,\"params\":{}}', NULL, 1, '', '2024-02-29 15:48:35');
INSERT INTO `sys_oper_log` (`oper_id`, `title`, `business_type`, `method`, `request_method`, `operator_type`, `oper_name`, `dept_name`, `oper_url`, `oper_ip`, `oper_location`, `oper_param`, `json_result`, `status`, `error_msg`, `oper_time`) VALUES (390, '设备信息', 5, 'com.ruoyi.ledger.controller.LedgerDeviceController.export()', 'POST', 1, 'admin', NULL, '/ledger/device/export', '127.0.0.1', '内网IP', '{\"id\":1,\"params\":{}}', NULL, 0, NULL, '2024-02-29 15:49:28');
INSERT INTO `sys_oper_log` (`oper_id`, `title`, `business_type`, `method`, `request_method`, `operator_type`, `oper_name`, `dept_name`, `oper_url`, `oper_ip`, `oper_location`, `oper_param`, `json_result`, `status`, `error_msg`, `oper_time`) VALUES (391, '设备信息', 5, 'com.ruoyi.ledger.controller.LedgerDeviceController.export()', 'POST', 1, 'admin', NULL, '/ledger/device/export', '127.0.0.1', '内网IP', '{\"id\":1,\"params\":{}}', NULL, 1, '', '2024-02-29 15:50:53');
INSERT INTO `sys_oper_log` (`oper_id`, `title`, `business_type`, `method`, `request_method`, `operator_type`, `oper_name`, `dept_name`, `oper_url`, `oper_ip`, `oper_location`, `oper_param`, `json_result`, `status`, `error_msg`, `oper_time`) VALUES (392, '设备信息', 5, 'com.ruoyi.ledger.controller.LedgerDeviceController.export()', 'POST', 1, 'admin', NULL, '/ledger/device/export', '127.0.0.1', '内网IP', '{\"id\":1,\"params\":{}}', NULL, 1, '', '2024-02-29 15:50:55');
INSERT INTO `sys_oper_log` (`oper_id`, `title`, `business_type`, `method`, `request_method`, `operator_type`, `oper_name`, `dept_name`, `oper_url`, `oper_ip`, `oper_location`, `oper_param`, `json_result`, `status`, `error_msg`, `oper_time`) VALUES (393, '设备信息', 5, 'com.ruoyi.ledger.controller.LedgerDeviceController.export()', 'POST', 1, 'admin', NULL, '/ledger/device/export', '127.0.0.1', '内网IP', '{\"id\":1,\"params\":{}}', NULL, 1, '', '2024-02-29 15:50:57');
INSERT INTO `sys_oper_log` (`oper_id`, `title`, `business_type`, `method`, `request_method`, `operator_type`, `oper_name`, `dept_name`, `oper_url`, `oper_ip`, `oper_location`, `oper_param`, `json_result`, `status`, `error_msg`, `oper_time`) VALUES (394, '设备信息', 5, 'com.ruoyi.ledger.controller.LedgerDeviceController.export()', 'POST', 1, 'admin', NULL, '/ledger/device/export', '127.0.0.1', '内网IP', '{\"id\":1,\"params\":{}}', NULL, 1, '', '2024-02-29 15:51:07');
INSERT INTO `sys_oper_log` (`oper_id`, `title`, `business_type`, `method`, `request_method`, `operator_type`, `oper_name`, `dept_name`, `oper_url`, `oper_ip`, `oper_location`, `oper_param`, `json_result`, `status`, `error_msg`, `oper_time`) VALUES (395, '设备信息', 5, 'com.ruoyi.ledger.controller.LedgerDeviceController.export()', 'POST', 1, 'admin', NULL, '/ledger/device/export', '127.0.0.1', '内网IP', '{\"id\":1,\"params\":{}}', NULL, 0, NULL, '2024-02-29 15:54:52');
INSERT INTO `sys_oper_log` (`oper_id`, `title`, `business_type`, `method`, `request_method`, `operator_type`, `oper_name`, `dept_name`, `oper_url`, `oper_ip`, `oper_location`, `oper_param`, `json_result`, `status`, `error_msg`, `oper_time`) VALUES (396, '设备信息', 5, 'com.ruoyi.ledger.controller.LedgerDeviceController.export()', 'POST', 1, 'admin', NULL, '/ledger/device/export', '127.0.0.1', '内网IP', '{\"id\":1,\"params\":{}}', NULL, 0, NULL, '2024-02-29 15:56:36');
INSERT INTO `sys_oper_log` (`oper_id`, `title`, `business_type`, `method`, `request_method`, `operator_type`, `oper_name`, `dept_name`, `oper_url`, `oper_ip`, `oper_location`, `oper_param`, `json_result`, `status`, `error_msg`, `oper_time`) VALUES (397, '设备信息', 5, 'com.ruoyi.ledger.controller.LedgerDeviceController.export()', 'POST', 1, 'admin', NULL, '/ledger/device/export', '127.0.0.1', '内网IP', '{\"id\":1,\"params\":{}}', NULL, 0, NULL, '2024-02-29 16:08:21');
INSERT INTO `sys_oper_log` (`oper_id`, `title`, `business_type`, `method`, `request_method`, `operator_type`, `oper_name`, `dept_name`, `oper_url`, `oper_ip`, `oper_location`, `oper_param`, `json_result`, `status`, `error_msg`, `oper_time`) VALUES (398, 'ip地址', 1, 'com.ruoyi.ledger.controller.LedgerIpController.add()', 'POST', 1, 'admin', NULL, '/ledger/ip', '127.0.0.1', '内网IP', '{\"devId\":1,\"id\":9,\"ipAddr\":\"10.32.1.3\",\"params\":{},\"type\":\"网口二\"}', '{\"msg\":\"操作成功\",\"code\":200}', 0, NULL, '2024-02-29 16:09:36');
INSERT INTO `sys_oper_log` (`oper_id`, `title`, `business_type`, `method`, `request_method`, `operator_type`, `oper_name`, `dept_name`, `oper_url`, `oper_ip`, `oper_location`, `oper_param`, `json_result`, `status`, `error_msg`, `oper_time`) VALUES (399, '设备信息', 5, 'com.ruoyi.ledger.controller.LedgerDeviceController.export()', 'POST', 1, 'admin', NULL, '/ledger/device/export', '127.0.0.1', '内网IP', '{\"id\":1,\"params\":{}}', NULL, 0, NULL, '2024-02-29 16:10:38');
INSERT INTO `sys_oper_log` (`oper_id`, `title`, `business_type`, `method`, `request_method`, `operator_type`, `oper_name`, `dept_name`, `oper_url`, `oper_ip`, `oper_location`, `oper_param`, `json_result`, `status`, `error_msg`, `oper_time`) VALUES (400, '设备信息', 5, 'com.ruoyi.ledger.controller.LedgerDeviceController.export()', 'POST', 1, 'admin', NULL, '/ledger/device/export', '127.0.0.1', '内网IP', '{\"id\":1,\"params\":{}}', NULL, 0, NULL, '2024-02-29 16:13:52');
INSERT INTO `sys_oper_log` (`oper_id`, `title`, `business_type`, `method`, `request_method`, `operator_type`, `oper_name`, `dept_name`, `oper_url`, `oper_ip`, `oper_location`, `oper_param`, `json_result`, `status`, `error_msg`, `oper_time`) VALUES (401, '设备信息', 3, 'com.ruoyi.ledger.controller.LedgerDeviceController.remove()', 'DELETE', 1, 'admin', NULL, '/ledger/device/6', '127.0.0.1', '内网IP', '{}', '{\"msg\":\"操作成功\",\"code\":200}', 0, NULL, '2024-02-29 17:18:56');
INSERT INTO `sys_oper_log` (`oper_id`, `title`, `business_type`, `method`, `request_method`, `operator_type`, `oper_name`, `dept_name`, `oper_url`, `oper_ip`, `oper_location`, `oper_param`, `json_result`, `status`, `error_msg`, `oper_time`) VALUES (402, '个人信息', 2, 'com.ruoyi.web.controller.system.SysProfileController.updateProfile()', 'PUT', 1, 'admin', NULL, '/system/user/profile', '127.0.0.1', '内网IP', '{\"admin\":true,\"createBy\":\"admin\",\"createTime\":\"2023-01-16 10:30:04\",\"delFlag\":\"0\",\"dept\":{\"ancestors\":\"0,100,101\",\"children\":[],\"deptId\":103,\"deptName\":\"研发部门\",\"leader\":\"若依\",\"orderNum\":1,\"params\":{},\"parentId\":101,\"status\":\"0\"},\"email\":\"ry@163.com\",\"loginDate\":\"2024-02-29 17:00:52\",\"loginIp\":\"127.0.0.1\",\"nickName\":\"Disda\",\"params\":{},\"phonenumber\":\"15888888888\",\"remark\":\"管理员\",\"roles\":[{\"admin\":true,\"dataScope\":\"1\",\"deptCheckStrictly\":false,\"flag\":false,\"menuCheckStrictly\":false,\"params\":{},\"roleId\":1,\"roleKey\":\"admin\",\"roleName\":\"超级管理员\",\"roleSort\":1,\"status\":\"0\"}],\"sex\":\"0\",\"status\":\"0\",\"userId\":1,\"userName\":\"admin\"}', '{\"msg\":\"操作成功\",\"code\":200}', 0, NULL, '2024-03-01 08:36:37');
COMMIT;

-- ----------------------------
-- Table structure for sys_post
-- ----------------------------
DROP TABLE IF EXISTS `sys_post`;
CREATE TABLE `sys_post` (
  `post_id` bigint NOT NULL AUTO_INCREMENT COMMENT '岗位ID',
  `post_code` varchar(64) NOT NULL COMMENT '岗位编码',
  `post_name` varchar(50) NOT NULL COMMENT '岗位名称',
  `post_sort` int NOT NULL COMMENT '显示顺序',
  `status` char(1) NOT NULL COMMENT '状态（0正常 1停用）',
  `create_by` varchar(64) DEFAULT '' COMMENT '创建者',
  `create_time` datetime DEFAULT NULL COMMENT '创建时间',
  `update_by` varchar(64) DEFAULT '' COMMENT '更新者',
  `update_time` datetime DEFAULT NULL COMMENT '更新时间',
  `remark` varchar(500) DEFAULT NULL COMMENT '备注',
  PRIMARY KEY (`post_id`)
) ENGINE=InnoDB AUTO_INCREMENT=5 DEFAULT CHARSET=utf8mb4 COLLATE=utf8mb4_0900_ai_ci COMMENT='岗位信息表';

-- ----------------------------
-- Records of sys_post
-- ----------------------------
BEGIN;
INSERT INTO `sys_post` (`post_id`, `post_code`, `post_name`, `post_sort`, `status`, `create_by`, `create_time`, `update_by`, `update_time`, `remark`) VALUES (1, 'ceo', '董事长', 1, '0', 'admin', '2023-01-16 10:30:04', '', NULL, '');
INSERT INTO `sys_post` (`post_id`, `post_code`, `post_name`, `post_sort`, `status`, `create_by`, `create_time`, `update_by`, `update_time`, `remark`) VALUES (2, 'se', '项目经理', 2, '0', 'admin', '2023-01-16 10:30:04', '', NULL, '');
INSERT INTO `sys_post` (`post_id`, `post_code`, `post_name`, `post_sort`, `status`, `create_by`, `create_time`, `update_by`, `update_time`, `remark`) VALUES (3, 'hr', '人力资源', 3, '0', 'admin', '2023-01-16 10:30:04', '', NULL, '');
INSERT INTO `sys_post` (`post_id`, `post_code`, `post_name`, `post_sort`, `status`, `create_by`, `create_time`, `update_by`, `update_time`, `remark`) VALUES (4, 'user', '普通员工', 4, '0', 'admin', '2023-01-16 10:30:04', '', NULL, '');
COMMIT;

-- ----------------------------
-- Table structure for sys_role
-- ----------------------------
DROP TABLE IF EXISTS `sys_role`;
CREATE TABLE `sys_role` (
  `role_id` bigint NOT NULL AUTO_INCREMENT COMMENT '角色ID',
  `role_name` varchar(30) NOT NULL COMMENT '角色名称',
  `role_key` varchar(100) NOT NULL COMMENT '角色权限字符串',
  `role_sort` int NOT NULL COMMENT '显示顺序',
  `data_scope` char(1) DEFAULT '1' COMMENT '数据范围（1：全部数据权限 2：自定数据权限 3：本部门数据权限 4：本部门及以下数据权限）',
  `menu_check_strictly` tinyint(1) DEFAULT '1' COMMENT '菜单树选择项是否关联显示',
  `dept_check_strictly` tinyint(1) DEFAULT '1' COMMENT '部门树选择项是否关联显示',
  `status` char(1) NOT NULL COMMENT '角色状态（0正常 1停用）',
  `del_flag` char(1) DEFAULT '0' COMMENT '删除标志（0代表存在 2代表删除）',
  `create_by` varchar(64) DEFAULT '' COMMENT '创建者',
  `create_time` datetime DEFAULT NULL COMMENT '创建时间',
  `update_by` varchar(64) DEFAULT '' COMMENT '更新者',
  `update_time` datetime DEFAULT NULL COMMENT '更新时间',
  `remark` varchar(500) DEFAULT NULL COMMENT '备注',
  PRIMARY KEY (`role_id`)
) ENGINE=InnoDB AUTO_INCREMENT=101 DEFAULT CHARSET=utf8mb4 COLLATE=utf8mb4_0900_ai_ci COMMENT='角色信息表';

-- ----------------------------
-- Records of sys_role
-- ----------------------------
BEGIN;
INSERT INTO `sys_role` (`role_id`, `role_name`, `role_key`, `role_sort`, `data_scope`, `menu_check_strictly`, `dept_check_strictly`, `status`, `del_flag`, `create_by`, `create_time`, `update_by`, `update_time`, `remark`) VALUES (1, '超级管理员', 'admin', 1, '1', 1, 1, '0', '0', 'admin', '2023-01-16 10:30:04', '', NULL, '超级管理员');
INSERT INTO `sys_role` (`role_id`, `role_name`, `role_key`, `role_sort`, `data_scope`, `menu_check_strictly`, `dept_check_strictly`, `status`, `del_flag`, `create_by`, `create_time`, `update_by`, `update_time`, `remark`) VALUES (2, '普通用户', 'common', 2, '2', 1, 1, '0', '0', 'admin', '2023-01-16 10:30:04', 'admin', '2024-02-27 16:19:56', '普通角色');
INSERT INTO `sys_role` (`role_id`, `role_name`, `role_key`, `role_sort`, `data_scope`, `menu_check_strictly`, `dept_check_strictly`, `status`, `del_flag`, `create_by`, `create_time`, `update_by`, `update_time`, `remark`) VALUES (100, '管理员', 'ledgerAdmin', 0, '1', 1, 1, '0', '0', 'admin', '2024-02-23 16:04:26', 'admin', '2024-02-28 16:08:08', NULL);
COMMIT;

-- ----------------------------
-- Table structure for sys_role_dept
-- ----------------------------
DROP TABLE IF EXISTS `sys_role_dept`;
CREATE TABLE `sys_role_dept` (
  `role_id` bigint NOT NULL COMMENT '角色ID',
  `dept_id` bigint NOT NULL COMMENT '部门ID',
  PRIMARY KEY (`role_id`,`dept_id`)
) ENGINE=InnoDB DEFAULT CHARSET=utf8mb4 COLLATE=utf8mb4_0900_ai_ci COMMENT='角色和部门关联表';

-- ----------------------------
-- Records of sys_role_dept
-- ----------------------------
BEGIN;
INSERT INTO `sys_role_dept` (`role_id`, `dept_id`) VALUES (2, 100);
INSERT INTO `sys_role_dept` (`role_id`, `dept_id`) VALUES (2, 101);
INSERT INTO `sys_role_dept` (`role_id`, `dept_id`) VALUES (2, 105);
COMMIT;

-- ----------------------------
-- Table structure for sys_role_menu
-- ----------------------------
DROP TABLE IF EXISTS `sys_role_menu`;
CREATE TABLE `sys_role_menu` (
  `role_id` bigint NOT NULL COMMENT '角色ID',
  `menu_id` bigint NOT NULL COMMENT '菜单ID',
  PRIMARY KEY (`role_id`,`menu_id`)
) ENGINE=InnoDB DEFAULT CHARSET=utf8mb4 COLLATE=utf8mb4_0900_ai_ci COMMENT='角色和菜单关联表';

-- ----------------------------
-- Records of sys_role_menu
-- ----------------------------
BEGIN;
INSERT INTO `sys_role_menu` (`role_id`, `menu_id`) VALUES (2, 2001);
INSERT INTO `sys_role_menu` (`role_id`, `menu_id`) VALUES (2, 2002);
INSERT INTO `sys_role_menu` (`role_id`, `menu_id`) VALUES (2, 2003);
INSERT INTO `sys_role_menu` (`role_id`, `menu_id`) VALUES (2, 2007);
INSERT INTO `sys_role_menu` (`role_id`, `menu_id`) VALUES (2, 2008);
INSERT INTO `sys_role_menu` (`role_id`, `menu_id`) VALUES (2, 2012);
INSERT INTO `sys_role_menu` (`role_id`, `menu_id`) VALUES (2, 2049);
INSERT INTO `sys_role_menu` (`role_id`, `menu_id`) VALUES (2, 2050);
INSERT INTO `sys_role_menu` (`role_id`, `menu_id`) VALUES (2, 2054);
INSERT INTO `sys_role_menu` (`role_id`, `menu_id`) VALUES (2, 2055);
INSERT INTO `sys_role_menu` (`role_id`, `menu_id`) VALUES (2, 2056);
INSERT INTO `sys_role_menu` (`role_id`, `menu_id`) VALUES (2, 2060);
INSERT INTO `sys_role_menu` (`role_id`, `menu_id`) VALUES (2, 2061);
INSERT INTO `sys_role_menu` (`role_id`, `menu_id`) VALUES (2, 2062);
INSERT INTO `sys_role_menu` (`role_id`, `menu_id`) VALUES (2, 2066);
INSERT INTO `sys_role_menu` (`role_id`, `menu_id`) VALUES (2, 2079);
INSERT INTO `sys_role_menu` (`role_id`, `menu_id`) VALUES (2, 2080);
INSERT INTO `sys_role_menu` (`role_id`, `menu_id`) VALUES (2, 2084);
INSERT INTO `sys_role_menu` (`role_id`, `menu_id`) VALUES (100, 2001);
INSERT INTO `sys_role_menu` (`role_id`, `menu_id`) VALUES (100, 2002);
INSERT INTO `sys_role_menu` (`role_id`, `menu_id`) VALUES (100, 2003);
INSERT INTO `sys_role_menu` (`role_id`, `menu_id`) VALUES (100, 2004);
INSERT INTO `sys_role_menu` (`role_id`, `menu_id`) VALUES (100, 2005);
INSERT INTO `sys_role_menu` (`role_id`, `menu_id`) VALUES (100, 2006);
INSERT INTO `sys_role_menu` (`role_id`, `menu_id`) VALUES (100, 2007);
INSERT INTO `sys_role_menu` (`role_id`, `menu_id`) VALUES (100, 2008);
INSERT INTO `sys_role_menu` (`role_id`, `menu_id`) VALUES (100, 2009);
INSERT INTO `sys_role_menu` (`role_id`, `menu_id`) VALUES (100, 2010);
INSERT INTO `sys_role_menu` (`role_id`, `menu_id`) VALUES (100, 2011);
INSERT INTO `sys_role_menu` (`role_id`, `menu_id`) VALUES (100, 2012);
INSERT INTO `sys_role_menu` (`role_id`, `menu_id`) VALUES (100, 2049);
INSERT INTO `sys_role_menu` (`role_id`, `menu_id`) VALUES (100, 2050);
INSERT INTO `sys_role_menu` (`role_id`, `menu_id`) VALUES (100, 2051);
INSERT INTO `sys_role_menu` (`role_id`, `menu_id`) VALUES (100, 2052);
INSERT INTO `sys_role_menu` (`role_id`, `menu_id`) VALUES (100, 2053);
INSERT INTO `sys_role_menu` (`role_id`, `menu_id`) VALUES (100, 2054);
INSERT INTO `sys_role_menu` (`role_id`, `menu_id`) VALUES (100, 2055);
INSERT INTO `sys_role_menu` (`role_id`, `menu_id`) VALUES (100, 2056);
INSERT INTO `sys_role_menu` (`role_id`, `menu_id`) VALUES (100, 2057);
INSERT INTO `sys_role_menu` (`role_id`, `menu_id`) VALUES (100, 2058);
INSERT INTO `sys_role_menu` (`role_id`, `menu_id`) VALUES (100, 2059);
INSERT INTO `sys_role_menu` (`role_id`, `menu_id`) VALUES (100, 2060);
INSERT INTO `sys_role_menu` (`role_id`, `menu_id`) VALUES (100, 2061);
INSERT INTO `sys_role_menu` (`role_id`, `menu_id`) VALUES (100, 2062);
INSERT INTO `sys_role_menu` (`role_id`, `menu_id`) VALUES (100, 2063);
INSERT INTO `sys_role_menu` (`role_id`, `menu_id`) VALUES (100, 2064);
INSERT INTO `sys_role_menu` (`role_id`, `menu_id`) VALUES (100, 2065);
INSERT INTO `sys_role_menu` (`role_id`, `menu_id`) VALUES (100, 2066);
INSERT INTO `sys_role_menu` (`role_id`, `menu_id`) VALUES (100, 2079);
INSERT INTO `sys_role_menu` (`role_id`, `menu_id`) VALUES (100, 2080);
INSERT INTO `sys_role_menu` (`role_id`, `menu_id`) VALUES (100, 2081);
INSERT INTO `sys_role_menu` (`role_id`, `menu_id`) VALUES (100, 2082);
INSERT INTO `sys_role_menu` (`role_id`, `menu_id`) VALUES (100, 2083);
INSERT INTO `sys_role_menu` (`role_id`, `menu_id`) VALUES (100, 2084);
COMMIT;

-- ----------------------------
-- Table structure for sys_user
-- ----------------------------
DROP TABLE IF EXISTS `sys_user`;
CREATE TABLE `sys_user` (
  `user_id` bigint NOT NULL AUTO_INCREMENT COMMENT '用户ID',
  `dept_id` bigint DEFAULT NULL COMMENT '部门ID',
  `user_name` varchar(30) NOT NULL COMMENT '用户账号',
  `nick_name` varchar(30) NOT NULL COMMENT '用户昵称',
  `user_type` varchar(2) DEFAULT '00' COMMENT '用户类型（00系统用户）',
  `email` varchar(50) DEFAULT '' COMMENT '用户邮箱',
  `phonenumber` varchar(11) DEFAULT '' COMMENT '手机号码',
  `sex` char(1) DEFAULT '0' COMMENT '用户性别（0男 1女 2未知）',
  `avatar` varchar(100) DEFAULT '' COMMENT '头像地址',
  `password` varchar(100) DEFAULT '' COMMENT '密码',
  `status` char(1) DEFAULT '0' COMMENT '帐号状态（0正常 1停用）',
  `del_flag` char(1) DEFAULT '0' COMMENT '删除标志（0代表存在 2代表删除）',
  `login_ip` varchar(128) DEFAULT '' COMMENT '最后登录IP',
  `login_date` datetime DEFAULT NULL COMMENT '最后登录时间',
  `create_by` varchar(64) DEFAULT '' COMMENT '创建者',
  `create_time` datetime DEFAULT NULL COMMENT '创建时间',
  `update_by` varchar(64) DEFAULT '' COMMENT '更新者',
  `update_time` datetime DEFAULT NULL COMMENT '更新时间',
  `remark` varchar(500) DEFAULT NULL COMMENT '备注',
  PRIMARY KEY (`user_id`)
) ENGINE=InnoDB AUTO_INCREMENT=102 DEFAULT CHARSET=utf8mb4 COLLATE=utf8mb4_0900_ai_ci COMMENT='用户信息表';

-- ----------------------------
-- Records of sys_user
-- ----------------------------
BEGIN;
INSERT INTO `sys_user` (`user_id`, `dept_id`, `user_name`, `nick_name`, `user_type`, `email`, `phonenumber`, `sex`, `avatar`, `password`, `status`, `del_flag`, `login_ip`, `login_date`, `create_by`, `create_time`, `update_by`, `update_time`, `remark`) VALUES (1, 103, 'admin', 'Disda', '00', 'ry@163.com', '15888888888', '0', '', '$2a$10$7JB720yubVSZvUI0rEqK/.VqGOZTH.ulu33dHOiBE8ByOhJIrdAu2', '0', '0', '127.0.0.1', '2024-02-29 17:00:52', 'admin', '2023-01-16 10:30:04', '', '2024-03-01 08:36:37', '管理员');
INSERT INTO `sys_user` (`user_id`, `dept_id`, `user_name`, `nick_name`, `user_type`, `email`, `phonenumber`, `sex`, `avatar`, `password`, `status`, `del_flag`, `login_ip`, `login_date`, `create_by`, `create_time`, `update_by`, `update_time`, `remark`) VALUES (2, 105, 'ry', '若依', '00', 'ry@qq.com', '15666666666', '1', '', '$2a$10$7JB720yubVSZvUI0rEqK/.VqGOZTH.ulu33dHOiBE8ByOhJIrdAu2', '0', '0', '127.0.0.1', '2023-10-05 15:31:33', 'admin', '2023-01-16 10:30:04', '', '2023-10-05 15:31:33', '测试员');
INSERT INTO `sys_user` (`user_id`, `dept_id`, `user_name`, `nick_name`, `user_type`, `email`, `phonenumber`, `sex`, `avatar`, `password`, `status`, `del_flag`, `login_ip`, `login_date`, `create_by`, `create_time`, `update_by`, `update_time`, `remark`) VALUES (100, NULL, 'disda', 'disda', '00', '', '', '0', '', '$2a$10$7JB720yubVSZvUI0rEqK/.VqGOZTH.ulu33dHOiBE8ByOhJIrdAu2', '0', '0', '127.0.0.1', '2024-02-28 16:07:17', '', '2023-10-05 16:04:12', 'admin', '2024-02-28 16:07:16', NULL);
INSERT INTO `sys_user` (`user_id`, `dept_id`, `user_name`, `nick_name`, `user_type`, `email`, `phonenumber`, `sex`, `avatar`, `password`, `status`, `del_flag`, `login_ip`, `login_date`, `create_by`, `create_time`, `update_by`, `update_time`, `remark`) VALUES (101, NULL, 'common', 'common', '00', '', '', '0', '', '$2a$10$vvCs2IYRjYblvES0PjSLQO9eLEuUYijr4eJpgopF8dCQy9bOXdSkq', '0', '0', '127.0.0.1', '2024-02-28 16:01:24', '', '2024-02-27 16:20:12', 'admin', '2024-02-28 16:01:24', NULL);
COMMIT;

-- ----------------------------
-- Table structure for sys_user_post
-- ----------------------------
DROP TABLE IF EXISTS `sys_user_post`;
CREATE TABLE `sys_user_post` (
  `user_id` bigint NOT NULL COMMENT '用户ID',
  `post_id` bigint NOT NULL COMMENT '岗位ID',
  PRIMARY KEY (`user_id`,`post_id`)
) ENGINE=InnoDB DEFAULT CHARSET=utf8mb4 COLLATE=utf8mb4_0900_ai_ci COMMENT='用户与岗位关联表';

-- ----------------------------
-- Records of sys_user_post
-- ----------------------------
BEGIN;
INSERT INTO `sys_user_post` (`user_id`, `post_id`) VALUES (1, 1);
INSERT INTO `sys_user_post` (`user_id`, `post_id`) VALUES (2, 2);
COMMIT;

-- ----------------------------
-- Table structure for sys_user_role
-- ----------------------------
DROP TABLE IF EXISTS `sys_user_role`;
CREATE TABLE `sys_user_role` (
  `user_id` bigint NOT NULL COMMENT '用户ID',
  `role_id` bigint NOT NULL COMMENT '角色ID',
  PRIMARY KEY (`user_id`,`role_id`)
) ENGINE=InnoDB DEFAULT CHARSET=utf8mb4 COLLATE=utf8mb4_0900_ai_ci COMMENT='用户和角色关联表';

-- ----------------------------
-- Records of sys_user_role
-- ----------------------------
BEGIN;
INSERT INTO `sys_user_role` (`user_id`, `role_id`) VALUES (1, 1);
INSERT INTO `sys_user_role` (`user_id`, `role_id`) VALUES (2, 2);
INSERT INTO `sys_user_role` (`user_id`, `role_id`) VALUES (100, 100);
INSERT INTO `sys_user_role` (`user_id`, `role_id`) VALUES (101, 2);
COMMIT;

SET FOREIGN_KEY_CHECKS = 1;
